/*
 Navicat Premium Data Transfer

 Source Server         : localhost
 Source Server Type    : MySQL
 Source Server Version : 50730
 Source Host           : localhost:3306
 Source Schema         : bright_cloud

 Target Server Type    : MySQL
 Target Server Version : 50730
 File Encoding         : 65001

 Date: 19/10/2020 21:40:37
*/

SET NAMES utf8mb4;
SET FOREIGN_KEY_CHECKS = 0;

-- ----------------------------
-- Table structure for clientdetails
-- ----------------------------
DROP TABLE IF EXISTS `clientdetails`;
CREATE TABLE `clientdetails`  (
  `appId` varchar(255) CHARACTER SET utf8 COLLATE utf8_general_ci NOT NULL,
  `resourceIds` varchar(255) CHARACTER SET utf8 COLLATE utf8_general_ci NULL DEFAULT NULL,
  `appSecret` varchar(255) CHARACTER SET utf8 COLLATE utf8_general_ci NULL DEFAULT NULL,
  `scope` varchar(255) CHARACTER SET utf8 COLLATE utf8_general_ci NULL DEFAULT NULL,
  `grantTypes` varchar(255) CHARACTER SET utf8 COLLATE utf8_general_ci NULL DEFAULT NULL,
  `redirectUrl` varchar(255) CHARACTER SET utf8 COLLATE utf8_general_ci NULL DEFAULT NULL,
  `authorities` varchar(255) CHARACTER SET utf8 COLLATE utf8_general_ci NULL DEFAULT NULL,
  `access_token_validity` int(11) NULL DEFAULT NULL,
  `refresh_token_validity` int(11) NULL DEFAULT NULL,
  `additionalInformation` varchar(4096) CHARACTER SET utf8 COLLATE utf8_general_ci NULL DEFAULT NULL,
  `autoApproveScopes` varchar(255) CHARACTER SET utf8 COLLATE utf8_general_ci NULL DEFAULT NULL,
  `create_time` timestamp(0) NOT NULL DEFAULT CURRENT_TIMESTAMP(0) ON UPDATE CURRENT_TIMESTAMP(0),
  PRIMARY KEY (`appId`) USING BTREE
) ENGINE = InnoDB CHARACTER SET = utf8 COLLATE = utf8_general_ci ROW_FORMAT = DYNAMIC;

-- ----------------------------
-- Records of clientdetails
-- ----------------------------

-- ----------------------------
-- Table structure for oauth_access_token
-- ----------------------------
DROP TABLE IF EXISTS `oauth_access_token`;
CREATE TABLE `oauth_access_token`  (
  `token_id` varchar(255) CHARACTER SET utf8 COLLATE utf8_general_ci NULL DEFAULT NULL,
  `token` blob NULL,
  `authentication_id` varchar(255) CHARACTER SET utf8 COLLATE utf8_general_ci NOT NULL,
  `user_name` varchar(255) CHARACTER SET utf8 COLLATE utf8_general_ci NULL DEFAULT NULL,
  `client_id` varchar(255) CHARACTER SET utf8 COLLATE utf8_general_ci NULL DEFAULT NULL,
  `authentication` blob NULL,
  `refresh_token` varchar(255) CHARACTER SET utf8 COLLATE utf8_general_ci NULL DEFAULT NULL,
  `create_time` timestamp(0) NOT NULL DEFAULT CURRENT_TIMESTAMP(0) ON UPDATE CURRENT_TIMESTAMP(0),
  PRIMARY KEY (`authentication_id`) USING BTREE
) ENGINE = InnoDB CHARACTER SET = utf8 COLLATE = utf8_general_ci ROW_FORMAT = DYNAMIC;

-- ----------------------------
-- Records of oauth_access_token
-- ----------------------------

-- ----------------------------
-- Table structure for oauth_approvals
-- ----------------------------
DROP TABLE IF EXISTS `oauth_approvals`;
CREATE TABLE `oauth_approvals`  (
  `userId` varchar(255) CHARACTER SET utf8 COLLATE utf8_general_ci NULL DEFAULT NULL,
  `clientId` varchar(255) CHARACTER SET utf8 COLLATE utf8_general_ci NULL DEFAULT NULL,
  `scope` varchar(255) CHARACTER SET utf8 COLLATE utf8_general_ci NULL DEFAULT NULL,
  `status` varchar(10) CHARACTER SET utf8 COLLATE utf8_general_ci NULL DEFAULT NULL,
  `expiresAt` datetime(0) NOT NULL ON UPDATE CURRENT_TIMESTAMP(0),
  `lastModifiedAt` datetime(0) NOT NULL ON UPDATE CURRENT_TIMESTAMP(0),
  `create_time` datetime(0) NOT NULL ON UPDATE CURRENT_TIMESTAMP(0)
) ENGINE = InnoDB CHARACTER SET = utf8 COLLATE = utf8_general_ci ROW_FORMAT = DYNAMIC;

-- ----------------------------
-- Records of oauth_approvals
-- ----------------------------

-- ----------------------------
-- Table structure for oauth_client_details
-- ----------------------------
DROP TABLE IF EXISTS `oauth_client_details`;
CREATE TABLE `oauth_client_details`  (
  `client_id` varchar(255) CHARACTER SET utf8mb4 COLLATE utf8mb4_general_ci NOT NULL,
  `resource_ids` varchar(255) CHARACTER SET utf8mb4 COLLATE utf8mb4_general_ci NULL DEFAULT NULL,
  `client_secret` varchar(255) CHARACTER SET utf8mb4 COLLATE utf8mb4_general_ci NOT NULL,
  `scope` varchar(255) CHARACTER SET utf8mb4 COLLATE utf8mb4_general_ci NOT NULL,
  `authorized_grant_types` varchar(255) CHARACTER SET utf8mb4 COLLATE utf8mb4_general_ci NOT NULL,
  `web_server_redirect_uri` varchar(255) CHARACTER SET utf8mb4 COLLATE utf8mb4_general_ci NULL DEFAULT NULL,
  `authorities` varchar(255) CHARACTER SET utf8mb4 COLLATE utf8mb4_general_ci NULL DEFAULT NULL,
  `access_token_validity` int(11) NOT NULL,
  `refresh_token_validity` int(11) NULL DEFAULT NULL,
  `additional_information` varchar(4096) CHARACTER SET utf8mb4 COLLATE utf8mb4_general_ci NULL DEFAULT NULL,
  `autoapprove` tinyint(4) NULL DEFAULT NULL,
  `origin_secret` varchar(255) CHARACTER SET utf8mb4 COLLATE utf8mb4_general_ci NULL DEFAULT NULL,
  PRIMARY KEY (`client_id`) USING BTREE
) ENGINE = InnoDB CHARACTER SET = utf8mb4 COLLATE = utf8mb4_general_ci COMMENT = '客户端配置表' ROW_FORMAT = DYNAMIC;

-- ----------------------------
-- Records of oauth_client_details
-- ----------------------------
INSERT INTO `oauth_client_details` VALUES ('app', '', '$2a$10$8Qk/efslEpO1Af1kyw/rp.DdJGsdnET8UCp1vGDzpQEa.1qBklvua', 'all', 'password,authorization_code,client_credentials,implicit,refresh_token', '', NULL, 86400, 864000, NULL, 0, '123456');
INSERT INTO `oauth_client_details` VALUES ('bright', ' ', '$2a$10$juiVg9rVTtQ/l2q25aFia.ak9127gRcuFnyAuPSaR.HwK7/QHgeja', 'all', 'password,refresh_token', NULL, NULL, 86400, 8640000, NULL, 0, '123456');

-- ----------------------------
-- Table structure for oauth_client_token
-- ----------------------------
DROP TABLE IF EXISTS `oauth_client_token`;
CREATE TABLE `oauth_client_token`  (
  `token_id` varchar(255) CHARACTER SET utf8 COLLATE utf8_general_ci NULL DEFAULT NULL,
  `token` blob NULL,
  `authentication_id` varchar(255) CHARACTER SET utf8 COLLATE utf8_general_ci NOT NULL,
  `user_name` varchar(255) CHARACTER SET utf8 COLLATE utf8_general_ci NULL DEFAULT NULL,
  `client_id` varchar(255) CHARACTER SET utf8 COLLATE utf8_general_ci NULL DEFAULT NULL,
  `create_time` timestamp(0) NOT NULL DEFAULT CURRENT_TIMESTAMP(0) ON UPDATE CURRENT_TIMESTAMP(0),
  PRIMARY KEY (`authentication_id`) USING BTREE
) ENGINE = InnoDB CHARACTER SET = utf8 COLLATE = utf8_general_ci ROW_FORMAT = DYNAMIC;

-- ----------------------------
-- Records of oauth_client_token
-- ----------------------------

-- ----------------------------
-- Table structure for oauth_code
-- ----------------------------
DROP TABLE IF EXISTS `oauth_code`;
CREATE TABLE `oauth_code`  (
  `code` varchar(255) CHARACTER SET utf8 COLLATE utf8_general_ci NULL DEFAULT NULL,
  `authentication` blob NULL,
  `create_time` timestamp(0) NOT NULL DEFAULT CURRENT_TIMESTAMP(0) ON UPDATE CURRENT_TIMESTAMP(0)
) ENGINE = InnoDB CHARACTER SET = utf8 COLLATE = utf8_general_ci ROW_FORMAT = DYNAMIC;

-- ----------------------------
-- Records of oauth_code
-- ----------------------------

-- ----------------------------
-- Table structure for oauth_refresh_token
-- ----------------------------
DROP TABLE IF EXISTS `oauth_refresh_token`;
CREATE TABLE `oauth_refresh_token`  (
  `token_id` varchar(255) CHARACTER SET utf8 COLLATE utf8_general_ci NULL DEFAULT NULL,
  `token` blob NULL,
  `authentication` blob NULL,
  `create_time` timestamp(0) NOT NULL DEFAULT CURRENT_TIMESTAMP(0) ON UPDATE CURRENT_TIMESTAMP(0)
) ENGINE = InnoDB CHARACTER SET = utf8 COLLATE = utf8_general_ci ROW_FORMAT = DYNAMIC;

-- ----------------------------
-- Records of oauth_refresh_token
-- ----------------------------

-- ----------------------------
-- Table structure for qrtz_blob_triggers
-- ----------------------------
DROP TABLE IF EXISTS `qrtz_blob_triggers`;
CREATE TABLE `qrtz_blob_triggers`  (
  `SCHED_NAME` varchar(120) CHARACTER SET utf8 COLLATE utf8_general_ci NOT NULL,
  `TRIGGER_NAME` varchar(200) CHARACTER SET utf8 COLLATE utf8_general_ci NOT NULL,
  `TRIGGER_GROUP` varchar(200) CHARACTER SET utf8 COLLATE utf8_general_ci NOT NULL,
  `BLOB_DATA` blob NULL,
  PRIMARY KEY (`SCHED_NAME`, `TRIGGER_NAME`, `TRIGGER_GROUP`) USING BTREE,
  CONSTRAINT `qrtz_blob_triggers_ibfk_1` FOREIGN KEY (`SCHED_NAME`, `TRIGGER_NAME`, `TRIGGER_GROUP`) REFERENCES `qrtz_triggers` (`SCHED_NAME`, `TRIGGER_NAME`, `TRIGGER_GROUP`) ON DELETE RESTRICT ON UPDATE RESTRICT
) ENGINE = InnoDB CHARACTER SET = utf8 COLLATE = utf8_general_ci ROW_FORMAT = DYNAMIC;

-- ----------------------------
-- Records of qrtz_blob_triggers
-- ----------------------------

-- ----------------------------
-- Table structure for qrtz_calendars
-- ----------------------------
DROP TABLE IF EXISTS `qrtz_calendars`;
CREATE TABLE `qrtz_calendars`  (
  `SCHED_NAME` varchar(120) CHARACTER SET utf8 COLLATE utf8_general_ci NOT NULL,
  `CALENDAR_NAME` varchar(200) CHARACTER SET utf8 COLLATE utf8_general_ci NOT NULL,
  `CALENDAR` blob NOT NULL,
  PRIMARY KEY (`SCHED_NAME`, `CALENDAR_NAME`) USING BTREE
) ENGINE = InnoDB CHARACTER SET = utf8 COLLATE = utf8_general_ci ROW_FORMAT = DYNAMIC;

-- ----------------------------
-- Records of qrtz_calendars
-- ----------------------------

-- ----------------------------
-- Table structure for qrtz_cron_triggers
-- ----------------------------
DROP TABLE IF EXISTS `qrtz_cron_triggers`;
CREATE TABLE `qrtz_cron_triggers`  (
  `SCHED_NAME` varchar(120) CHARACTER SET utf8 COLLATE utf8_general_ci NOT NULL,
  `TRIGGER_NAME` varchar(200) CHARACTER SET utf8 COLLATE utf8_general_ci NOT NULL,
  `TRIGGER_GROUP` varchar(200) CHARACTER SET utf8 COLLATE utf8_general_ci NOT NULL,
  `CRON_EXPRESSION` varchar(200) CHARACTER SET utf8 COLLATE utf8_general_ci NOT NULL,
  `TIME_ZONE_ID` varchar(80) CHARACTER SET utf8 COLLATE utf8_general_ci NULL DEFAULT NULL,
  PRIMARY KEY (`SCHED_NAME`, `TRIGGER_NAME`, `TRIGGER_GROUP`) USING BTREE,
  CONSTRAINT `qrtz_cron_triggers_ibfk_1` FOREIGN KEY (`SCHED_NAME`, `TRIGGER_NAME`, `TRIGGER_GROUP`) REFERENCES `qrtz_triggers` (`SCHED_NAME`, `TRIGGER_NAME`, `TRIGGER_GROUP`) ON DELETE RESTRICT ON UPDATE RESTRICT
) ENGINE = InnoDB CHARACTER SET = utf8 COLLATE = utf8_general_ci ROW_FORMAT = DYNAMIC;

-- ----------------------------
-- Records of qrtz_cron_triggers
-- ----------------------------
INSERT INTO `qrtz_cron_triggers` VALUES ('bright-server-job', 'TASK_1', 'DEFAULT', '0/5 * * * * ?', 'Asia/Shanghai');
INSERT INTO `qrtz_cron_triggers` VALUES ('bright-server-job', 'TASK_2', 'DEFAULT', '0/15 * * * * ?', 'Asia/Shanghai');
INSERT INTO `qrtz_cron_triggers` VALUES ('bright-server-job', 'TASK_3', 'DEFAULT', '0/20 * * * * ?', 'Asia/Shanghai');
INSERT INTO `qrtz_cron_triggers` VALUES ('bright-server-job', 'TASK_4', 'DEFAULT', '*/5 * * * * ?', 'Asia/Shanghai');

-- ----------------------------
-- Table structure for qrtz_fired_triggers
-- ----------------------------
DROP TABLE IF EXISTS `qrtz_fired_triggers`;
CREATE TABLE `qrtz_fired_triggers`  (
  `SCHED_NAME` varchar(120) CHARACTER SET utf8 COLLATE utf8_general_ci NOT NULL,
  `ENTRY_ID` varchar(95) CHARACTER SET utf8 COLLATE utf8_general_ci NOT NULL,
  `TRIGGER_NAME` varchar(200) CHARACTER SET utf8 COLLATE utf8_general_ci NOT NULL,
  `TRIGGER_GROUP` varchar(200) CHARACTER SET utf8 COLLATE utf8_general_ci NOT NULL,
  `INSTANCE_NAME` varchar(200) CHARACTER SET utf8 COLLATE utf8_general_ci NOT NULL,
  `FIRED_TIME` bigint(13) NOT NULL,
  `SCHED_TIME` bigint(13) NOT NULL,
  `PRIORITY` int(11) NOT NULL,
  `STATE` varchar(16) CHARACTER SET utf8 COLLATE utf8_general_ci NOT NULL,
  `JOB_NAME` varchar(200) CHARACTER SET utf8 COLLATE utf8_general_ci NULL DEFAULT NULL,
  `JOB_GROUP` varchar(200) CHARACTER SET utf8 COLLATE utf8_general_ci NULL DEFAULT NULL,
  `IS_NONCONCURRENT` varchar(1) CHARACTER SET utf8 COLLATE utf8_general_ci NULL DEFAULT NULL,
  `REQUESTS_RECOVERY` varchar(1) CHARACTER SET utf8 COLLATE utf8_general_ci NULL DEFAULT NULL,
  PRIMARY KEY (`SCHED_NAME`, `ENTRY_ID`) USING BTREE
) ENGINE = InnoDB CHARACTER SET = utf8 COLLATE = utf8_general_ci ROW_FORMAT = DYNAMIC;

-- ----------------------------
-- Records of qrtz_fired_triggers
-- ----------------------------

-- ----------------------------
-- Table structure for qrtz_job_details
-- ----------------------------
DROP TABLE IF EXISTS `qrtz_job_details`;
CREATE TABLE `qrtz_job_details`  (
  `SCHED_NAME` varchar(120) CHARACTER SET utf8 COLLATE utf8_general_ci NOT NULL,
  `JOB_NAME` varchar(200) CHARACTER SET utf8 COLLATE utf8_general_ci NOT NULL,
  `JOB_GROUP` varchar(200) CHARACTER SET utf8 COLLATE utf8_general_ci NOT NULL,
  `DESCRIPTION` varchar(250) CHARACTER SET utf8 COLLATE utf8_general_ci NULL DEFAULT NULL,
  `JOB_CLASS_NAME` varchar(250) CHARACTER SET utf8 COLLATE utf8_general_ci NOT NULL,
  `IS_DURABLE` varchar(1) CHARACTER SET utf8 COLLATE utf8_general_ci NOT NULL,
  `IS_NONCONCURRENT` varchar(1) CHARACTER SET utf8 COLLATE utf8_general_ci NOT NULL,
  `IS_UPDATE_DATA` varchar(1) CHARACTER SET utf8 COLLATE utf8_general_ci NOT NULL,
  `REQUESTS_RECOVERY` varchar(1) CHARACTER SET utf8 COLLATE utf8_general_ci NOT NULL,
  `JOB_DATA` blob NULL,
  PRIMARY KEY (`SCHED_NAME`, `JOB_NAME`, `JOB_GROUP`) USING BTREE
) ENGINE = InnoDB CHARACTER SET = utf8 COLLATE = utf8_general_ci ROW_FORMAT = DYNAMIC;

-- ----------------------------
-- Records of qrtz_job_details
-- ----------------------------
INSERT INTO `qrtz_job_details` VALUES ('bright-server-job', 'TASK_1', 'DEFAULT', NULL, 'com.tml.server.job.utils.ScheduleJob', '0', '0', '0', '0', 0xACED0005737200156F72672E71756172747A2E4A6F62446174614D61709FB083E8BFA9B0CB020000787200266F72672E71756172747A2E7574696C732E537472696E674B65794469727479466C61674D61708208E8C3FBC55D280200015A0013616C6C6F77735472616E7369656E74446174617872001D6F72672E71756172747A2E7574696C732E4469727479466C61674D617013E62EAD28760ACE0200025A000564697274794C00036D617074000F4C6A6176612F7574696C2F4D61703B787001737200116A6176612E7574696C2E486173684D61700507DAC1C31660D103000246000A6C6F6164466163746F724900097468726573686F6C6478703F4000000000000C7708000000100000000174000D4A4F425F504152414D5F4B45597372001D636F6D2E746D6C2E7365727665722E6A6F622E656E746974792E4A6F62058D52AC1093A3040200104C0009616C61726D4D61696C7400124C6A6176612F6C616E672F537472696E673B4C00086265616E4E616D6571007E00094C000B636F6E74656E745479706571007E00094C000A63726561746554696D657400104C6A6176612F7574696C2F446174653B4C000E63726561746554696D6546726F6D71007E00094C000C63726561746554696D65546F71007E00094C000E63726F6E45787072657373696F6E71007E00094C00056A6F6249647400104C6A6176612F6C616E672F4C6F6E673B4C00076A6F625479706571007E00094C000A6D6574686F644E616D6571007E00094C0006706172616D7371007E00094C00047061746871007E00094C000672656D61726B71007E00094C000D726571756573744D6574686F6471007E00094C000973657276696365496471007E00094C000673746174757371007E0009787074001274756D696E676C6F6E67403132362E636F6D7400087461736B4C6973747400007372000E6A6176612E7574696C2E44617465686A81014B5974190300007870770800000174063B7B0B78707074000D302F35202A202A202A202A203F7372000E6A6176612E6C616E672E4C6F6E673B8BE490CC8F23DF0200014A000576616C7565787200106A6176612E6C616E672E4E756D62657286AC951D0B94E08B020000787000000000000000017400013074000474657374740006E6B58BE8AF9571007E000F71007E000F71007E000F71007E000F740001317800);
INSERT INTO `qrtz_job_details` VALUES ('bright-server-job', 'TASK_2', 'DEFAULT', NULL, 'com.tml.server.job.utils.ScheduleJob', '0', '0', '0', '0', 0xACED0005737200156F72672E71756172747A2E4A6F62446174614D61709FB083E8BFA9B0CB020000787200266F72672E71756172747A2E7574696C732E537472696E674B65794469727479466C61674D61708208E8C3FBC55D280200015A0013616C6C6F77735472616E7369656E74446174617872001D6F72672E71756172747A2E7574696C732E4469727479466C61674D617013E62EAD28760ACE0200025A000564697274794C00036D617074000F4C6A6176612F7574696C2F4D61703B787001737200116A6176612E7574696C2E486173684D61700507DAC1C31660D103000246000A6C6F6164466163746F724900097468726573686F6C6478703F4000000000000C7708000000100000000174000D4A4F425F504152414D5F4B45597372001D636F6D2E746D6C2E7365727665722E6A6F622E656E746974792E4A6F62058D52AC1093A3040200104C0009616C61726D4D61696C7400124C6A6176612F6C616E672F537472696E673B4C00086265616E4E616D6571007E00094C000B636F6E74656E745479706571007E00094C000A63726561746554696D657400104C6A6176612F7574696C2F446174653B4C000E63726561746554696D6546726F6D71007E00094C000C63726561746554696D65546F71007E00094C000E63726F6E45787072657373696F6E71007E00094C00056A6F6249647400104C6A6176612F6C616E672F4C6F6E673B4C00076A6F625479706571007E00094C000A6D6574686F644E616D6571007E00094C0006706172616D7371007E00094C00047061746871007E00094C000672656D61726B71007E00094C000D726571756573744D6574686F6471007E00094C000973657276696365496471007E00094C000673746174757371007E0009787074001274756D696E676C6F6E67403132362E636F6D7400087461736B4C6973747400007372000E6A6176612E7574696C2E44617465686A81014B5974190300007870770800000174063C3AD878707074000E302F3135202A202A202A202A203F7372000E6A6176612E6C616E672E4C6F6E673B8BE490CC8F23DF0200014A000576616C7565787200106A6176612E6C616E672E4E756D62657286AC951D0B94E08B0200007870000000000000000274000130740005746573743171007E000F71007E000F71007E000F71007E000F71007E000F740001317800);
INSERT INTO `qrtz_job_details` VALUES ('bright-server-job', 'TASK_3', 'DEFAULT', NULL, 'com.tml.server.job.utils.ScheduleJob', '0', '0', '0', '0', 0xACED0005737200156F72672E71756172747A2E4A6F62446174614D61709FB083E8BFA9B0CB020000787200266F72672E71756172747A2E7574696C732E537472696E674B65794469727479466C61674D61708208E8C3FBC55D280200015A0013616C6C6F77735472616E7369656E74446174617872001D6F72672E71756172747A2E7574696C732E4469727479466C61674D617013E62EAD28760ACE0200025A000564697274794C00036D617074000F4C6A6176612F7574696C2F4D61703B787001737200116A6176612E7574696C2E486173684D61700507DAC1C31660D103000246000A6C6F6164466163746F724900097468726573686F6C6478703F4000000000000C7708000000100000000174000D4A4F425F504152414D5F4B45597372001D636F6D2E746D6C2E7365727665722E6A6F622E656E746974792E4A6F62058D52AC1093A3040200104C0009616C61726D4D61696C7400124C6A6176612F6C616E672F537472696E673B4C00086265616E4E616D6571007E00094C000B636F6E74656E745479706571007E00094C000A63726561746554696D657400104C6A6176612F7574696C2F446174653B4C000E63726561746554696D6546726F6D71007E00094C000C63726561746554696D65546F71007E00094C000E63726F6E45787072657373696F6E71007E00094C00056A6F6249647400104C6A6176612F6C616E672F4C6F6E673B4C00076A6F625479706571007E00094C000A6D6574686F644E616D6571007E00094C0006706172616D7371007E00094C00047061746871007E00094C000672656D61726B71007E00094C000D726571756573744D6574686F6471007E00094C000973657276696365496471007E00094C000673746174757371007E0009787074001274756D696E676C6F6E67403132362E636F6D7400087461736B4C6973747400007372000E6A6176612E7574696C2E44617465686A81014B5974190300007870770800000174063D7F0578707074000E302F3230202A202A202A202A203F7372000E6A6176612E6C616E672E4C6F6E673B8BE490CC8F23DF0200014A000576616C7565787200106A6176612E6C616E672E4E756D62657286AC951D0B94E08B0200007870000000000000000374000130740005746573743274001A7B226E616D65223A226D7262697264222C22616765223A31387D71007E000F740007E6B58BE8AF953271007E000F71007E000F740001317800);
INSERT INTO `qrtz_job_details` VALUES ('bright-server-job', 'TASK_4', 'DEFAULT', NULL, 'com.tml.server.job.utils.ScheduleJob', '0', '0', '0', '0', 0xACED0005737200156F72672E71756172747A2E4A6F62446174614D61709FB083E8BFA9B0CB020000787200266F72672E71756172747A2E7574696C732E537472696E674B65794469727479466C61674D61708208E8C3FBC55D280200015A0013616C6C6F77735472616E7369656E74446174617872001D6F72672E71756172747A2E7574696C732E4469727479466C61674D617013E62EAD28760ACE0200025A000564697274794C00036D617074000F4C6A6176612F7574696C2F4D61703B787001737200116A6176612E7574696C2E486173684D61700507DAC1C31660D103000246000A6C6F6164466163746F724900097468726573686F6C6478703F4000000000000C7708000000100000000174000D4A4F425F504152414D5F4B45597372001D636F6D2E746D6C2E7365727665722E6A6F622E656E746974792E4A6F62058D52AC1093A3040200104C0009616C61726D4D61696C7400124C6A6176612F6C616E672F537472696E673B4C00086265616E4E616D6571007E00094C000B636F6E74656E745479706571007E00094C000A63726561746554696D657400104C6A6176612F7574696C2F446174653B4C000E63726561746554696D6546726F6D71007E00094C000C63726561746554696D65546F71007E00094C000E63726F6E45787072657373696F6E71007E00094C00056A6F6249647400104C6A6176612F6C616E672F4C6F6E673B4C00076A6F625479706571007E00094C000A6D6574686F644E616D6571007E00094C0006706172616D7371007E00094C00047061746871007E00094C000672656D61726B71007E00094C000D726571756573744D6574686F6471007E00094C000973657276696365496471007E00094C000673746174757371007E0009787074001274756D696E676C6F6E67403132362E636F6D7400007400106170706C69636174696F6E2F6A736F6E7372000E6A6176612E7574696C2E44617465686A81014B59741903000078707708000001753B14BBCE78707074000D2A2F35202A202A202A202A203F7372000E6A6176612E6C616E672E4C6F6E673B8BE490CC8F23DF0200014A000576616C7565787200106A6176612E6C616E672E4E756D62657286AC951D0B94E08B020000787000000000000000047400013171007E000E740001317400102F7461736B2F746573742F7B6D73677D740012E6B58BE8AF95E8BF9CE7A88BE4BBBBE58AA17400034745547400146272696768742D7365727665722D73797374656D740001317800);

-- ----------------------------
-- Table structure for qrtz_locks
-- ----------------------------
DROP TABLE IF EXISTS `qrtz_locks`;
CREATE TABLE `qrtz_locks`  (
  `SCHED_NAME` varchar(120) CHARACTER SET utf8 COLLATE utf8_general_ci NOT NULL,
  `LOCK_NAME` varchar(40) CHARACTER SET utf8 COLLATE utf8_general_ci NOT NULL,
  PRIMARY KEY (`SCHED_NAME`, `LOCK_NAME`) USING BTREE
) ENGINE = InnoDB CHARACTER SET = utf8 COLLATE = utf8_general_ci ROW_FORMAT = DYNAMIC;

-- ----------------------------
-- Records of qrtz_locks
-- ----------------------------
INSERT INTO `qrtz_locks` VALUES ('bright-server-job', 'STATE_ACCESS');
INSERT INTO `qrtz_locks` VALUES ('bright-server-job', 'TRIGGER_ACCESS');

-- ----------------------------
-- Table structure for qrtz_paused_trigger_grps
-- ----------------------------
DROP TABLE IF EXISTS `qrtz_paused_trigger_grps`;
CREATE TABLE `qrtz_paused_trigger_grps`  (
  `SCHED_NAME` varchar(120) CHARACTER SET utf8 COLLATE utf8_general_ci NOT NULL,
  `TRIGGER_GROUP` varchar(200) CHARACTER SET utf8 COLLATE utf8_general_ci NOT NULL,
  PRIMARY KEY (`SCHED_NAME`, `TRIGGER_GROUP`) USING BTREE
) ENGINE = InnoDB CHARACTER SET = utf8 COLLATE = utf8_general_ci ROW_FORMAT = DYNAMIC;

-- ----------------------------
-- Records of qrtz_paused_trigger_grps
-- ----------------------------

-- ----------------------------
-- Table structure for qrtz_scheduler_state
-- ----------------------------
DROP TABLE IF EXISTS `qrtz_scheduler_state`;
CREATE TABLE `qrtz_scheduler_state`  (
  `SCHED_NAME` varchar(120) CHARACTER SET utf8 COLLATE utf8_general_ci NOT NULL,
  `INSTANCE_NAME` varchar(200) CHARACTER SET utf8 COLLATE utf8_general_ci NOT NULL,
  `LAST_CHECKIN_TIME` bigint(13) NOT NULL,
  `CHECKIN_INTERVAL` bigint(13) NOT NULL,
  PRIMARY KEY (`SCHED_NAME`, `INSTANCE_NAME`) USING BTREE
) ENGINE = InnoDB CHARACTER SET = utf8 COLLATE = utf8_general_ci ROW_FORMAT = DYNAMIC;

-- ----------------------------
-- Records of qrtz_scheduler_state
-- ----------------------------
INSERT INTO `qrtz_scheduler_state` VALUES ('bright-server-job', 'LENOVO-LEGION1603024299565', 1603024709733, 5000);

-- ----------------------------
-- Table structure for qrtz_simple_triggers
-- ----------------------------
DROP TABLE IF EXISTS `qrtz_simple_triggers`;
CREATE TABLE `qrtz_simple_triggers`  (
  `SCHED_NAME` varchar(120) CHARACTER SET utf8 COLLATE utf8_general_ci NOT NULL,
  `TRIGGER_NAME` varchar(200) CHARACTER SET utf8 COLLATE utf8_general_ci NOT NULL,
  `TRIGGER_GROUP` varchar(200) CHARACTER SET utf8 COLLATE utf8_general_ci NOT NULL,
  `REPEAT_COUNT` bigint(7) NOT NULL,
  `REPEAT_INTERVAL` bigint(12) NOT NULL,
  `TIMES_TRIGGERED` bigint(10) NOT NULL,
  PRIMARY KEY (`SCHED_NAME`, `TRIGGER_NAME`, `TRIGGER_GROUP`) USING BTREE,
  CONSTRAINT `qrtz_simple_triggers_ibfk_1` FOREIGN KEY (`SCHED_NAME`, `TRIGGER_NAME`, `TRIGGER_GROUP`) REFERENCES `qrtz_triggers` (`SCHED_NAME`, `TRIGGER_NAME`, `TRIGGER_GROUP`) ON DELETE RESTRICT ON UPDATE RESTRICT
) ENGINE = InnoDB CHARACTER SET = utf8 COLLATE = utf8_general_ci ROW_FORMAT = DYNAMIC;

-- ----------------------------
-- Records of qrtz_simple_triggers
-- ----------------------------

-- ----------------------------
-- Table structure for qrtz_simprop_triggers
-- ----------------------------
DROP TABLE IF EXISTS `qrtz_simprop_triggers`;
CREATE TABLE `qrtz_simprop_triggers`  (
  `SCHED_NAME` varchar(120) CHARACTER SET utf8 COLLATE utf8_general_ci NOT NULL,
  `TRIGGER_NAME` varchar(200) CHARACTER SET utf8 COLLATE utf8_general_ci NOT NULL,
  `TRIGGER_GROUP` varchar(200) CHARACTER SET utf8 COLLATE utf8_general_ci NOT NULL,
  `STR_PROP_1` varchar(512) CHARACTER SET utf8 COLLATE utf8_general_ci NULL DEFAULT NULL,
  `STR_PROP_2` varchar(512) CHARACTER SET utf8 COLLATE utf8_general_ci NULL DEFAULT NULL,
  `STR_PROP_3` varchar(512) CHARACTER SET utf8 COLLATE utf8_general_ci NULL DEFAULT NULL,
  `INT_PROP_1` int(11) NULL DEFAULT NULL,
  `INT_PROP_2` int(11) NULL DEFAULT NULL,
  `LONG_PROP_1` bigint(20) NULL DEFAULT NULL,
  `LONG_PROP_2` bigint(20) NULL DEFAULT NULL,
  `DEC_PROP_1` decimal(13, 4) NULL DEFAULT NULL,
  `DEC_PROP_2` decimal(13, 4) NULL DEFAULT NULL,
  `BOOL_PROP_1` varchar(1) CHARACTER SET utf8 COLLATE utf8_general_ci NULL DEFAULT NULL,
  `BOOL_PROP_2` varchar(1) CHARACTER SET utf8 COLLATE utf8_general_ci NULL DEFAULT NULL,
  PRIMARY KEY (`SCHED_NAME`, `TRIGGER_NAME`, `TRIGGER_GROUP`) USING BTREE,
  CONSTRAINT `qrtz_simprop_triggers_ibfk_1` FOREIGN KEY (`SCHED_NAME`, `TRIGGER_NAME`, `TRIGGER_GROUP`) REFERENCES `qrtz_triggers` (`SCHED_NAME`, `TRIGGER_NAME`, `TRIGGER_GROUP`) ON DELETE RESTRICT ON UPDATE RESTRICT
) ENGINE = InnoDB CHARACTER SET = utf8 COLLATE = utf8_general_ci ROW_FORMAT = DYNAMIC;

-- ----------------------------
-- Records of qrtz_simprop_triggers
-- ----------------------------

-- ----------------------------
-- Table structure for qrtz_triggers
-- ----------------------------
DROP TABLE IF EXISTS `qrtz_triggers`;
CREATE TABLE `qrtz_triggers`  (
  `SCHED_NAME` varchar(120) CHARACTER SET utf8 COLLATE utf8_general_ci NOT NULL,
  `TRIGGER_NAME` varchar(200) CHARACTER SET utf8 COLLATE utf8_general_ci NOT NULL,
  `TRIGGER_GROUP` varchar(200) CHARACTER SET utf8 COLLATE utf8_general_ci NOT NULL,
  `JOB_NAME` varchar(200) CHARACTER SET utf8 COLLATE utf8_general_ci NOT NULL,
  `JOB_GROUP` varchar(200) CHARACTER SET utf8 COLLATE utf8_general_ci NOT NULL,
  `DESCRIPTION` varchar(250) CHARACTER SET utf8 COLLATE utf8_general_ci NULL DEFAULT NULL,
  `NEXT_FIRE_TIME` bigint(13) NULL DEFAULT NULL,
  `PREV_FIRE_TIME` bigint(13) NULL DEFAULT NULL,
  `PRIORITY` int(11) NULL DEFAULT NULL,
  `TRIGGER_STATE` varchar(16) CHARACTER SET utf8 COLLATE utf8_general_ci NOT NULL,
  `TRIGGER_TYPE` varchar(8) CHARACTER SET utf8 COLLATE utf8_general_ci NOT NULL,
  `START_TIME` bigint(13) NOT NULL,
  `END_TIME` bigint(13) NULL DEFAULT NULL,
  `CALENDAR_NAME` varchar(200) CHARACTER SET utf8 COLLATE utf8_general_ci NULL DEFAULT NULL,
  `MISFIRE_INSTR` smallint(2) NULL DEFAULT NULL,
  `JOB_DATA` blob NULL,
  PRIMARY KEY (`SCHED_NAME`, `TRIGGER_NAME`, `TRIGGER_GROUP`) USING BTREE,
  INDEX `SCHED_NAME`(`SCHED_NAME`, `JOB_NAME`, `JOB_GROUP`) USING BTREE,
  CONSTRAINT `qrtz_triggers_ibfk_1` FOREIGN KEY (`SCHED_NAME`, `JOB_NAME`, `JOB_GROUP`) REFERENCES `qrtz_job_details` (`SCHED_NAME`, `JOB_NAME`, `JOB_GROUP`) ON DELETE RESTRICT ON UPDATE RESTRICT
) ENGINE = InnoDB CHARACTER SET = utf8 COLLATE = utf8_general_ci ROW_FORMAT = DYNAMIC;

-- ----------------------------
-- Records of qrtz_triggers
-- ----------------------------
INSERT INTO `qrtz_triggers` VALUES ('bright-server-job', 'TASK_1', 'DEFAULT', 'TASK_1', 'DEFAULT', NULL, 1597832395000, -1, 5, 'PAUSED', 'CRON', 1597832395000, 0, NULL, 2, 0xACED0005737200156F72672E71756172747A2E4A6F62446174614D61709FB083E8BFA9B0CB020000787200266F72672E71756172747A2E7574696C732E537472696E674B65794469727479466C61674D61708208E8C3FBC55D280200015A0013616C6C6F77735472616E7369656E74446174617872001D6F72672E71756172747A2E7574696C732E4469727479466C61674D617013E62EAD28760ACE0200025A000564697274794C00036D617074000F4C6A6176612F7574696C2F4D61703B787001737200116A6176612E7574696C2E486173684D61700507DAC1C31660D103000246000A6C6F6164466163746F724900097468726573686F6C6478703F4000000000000C7708000000100000000174000D4A4F425F504152414D5F4B45597372001D636F6D2E746D6C2E7365727665722E6A6F622E656E746974792E4A6F62058D52AC1093A3040200104C0009616C61726D4D61696C7400124C6A6176612F6C616E672F537472696E673B4C00086265616E4E616D6571007E00094C000B636F6E74656E745479706571007E00094C000A63726561746554696D657400104C6A6176612F7574696C2F446174653B4C000E63726561746554696D6546726F6D71007E00094C000C63726561746554696D65546F71007E00094C000E63726F6E45787072657373696F6E71007E00094C00056A6F6249647400104C6A6176612F6C616E672F4C6F6E673B4C00076A6F625479706571007E00094C000A6D6574686F644E616D6571007E00094C0006706172616D7371007E00094C00047061746871007E00094C000672656D61726B71007E00094C000D726571756573744D6574686F6471007E00094C000973657276696365496471007E00094C000673746174757371007E0009787074001274756D696E676C6F6E67403132362E636F6D7400087461736B4C6973747400007372000E6A6176612E7574696C2E44617465686A81014B5974190300007870770800000174063B7CE078707074000D302F35202A202A202A202A203F7372000E6A6176612E6C616E672E4C6F6E673B8BE490CC8F23DF0200014A000576616C7565787200106A6176612E6C616E672E4E756D62657286AC951D0B94E08B020000787000000000000000017400013074000474657374740006E6B58BE8AF95740000740006E6B58BE8AF95740000740000740001317800);
INSERT INTO `qrtz_triggers` VALUES ('bright-server-job', 'TASK_2', 'DEFAULT', 'TASK_2', 'DEFAULT', NULL, 1597832445000, -1, 5, 'PAUSED', 'CRON', 1597832444000, 0, NULL, 2, 0xACED0005737200156F72672E71756172747A2E4A6F62446174614D61709FB083E8BFA9B0CB020000787200266F72672E71756172747A2E7574696C732E537472696E674B65794469727479466C61674D61708208E8C3FBC55D280200015A0013616C6C6F77735472616E7369656E74446174617872001D6F72672E71756172747A2E7574696C732E4469727479466C61674D617013E62EAD28760ACE0200025A000564697274794C00036D617074000F4C6A6176612F7574696C2F4D61703B787001737200116A6176612E7574696C2E486173684D61700507DAC1C31660D103000246000A6C6F6164466163746F724900097468726573686F6C6478703F4000000000000C7708000000100000000174000D4A4F425F504152414D5F4B45597372001D636F6D2E746D6C2E7365727665722E6A6F622E656E746974792E4A6F62058D52AC1093A3040200104C0009616C61726D4D61696C7400124C6A6176612F6C616E672F537472696E673B4C00086265616E4E616D6571007E00094C000B636F6E74656E745479706571007E00094C000A63726561746554696D657400104C6A6176612F7574696C2F446174653B4C000E63726561746554696D6546726F6D71007E00094C000C63726561746554696D65546F71007E00094C000E63726F6E45787072657373696F6E71007E00094C00056A6F6249647400104C6A6176612F6C616E672F4C6F6E673B4C00076A6F625479706571007E00094C000A6D6574686F644E616D6571007E00094C0006706172616D7371007E00094C00047061746871007E00094C000672656D61726B71007E00094C000D726571756573744D6574686F6471007E00094C000973657276696365496471007E00094C000673746174757371007E0009787074001274756D696E676C6F6E67403132362E636F6D7400087461736B4C6973747400007372000E6A6176612E7574696C2E44617465686A81014B5974190300007870770800000174063C3C4878707074000E302F3135202A202A202A202A203F7372000E6A6176612E6C616E672E4C6F6E673B8BE490CC8F23DF0200014A000576616C7565787200106A6176612E6C616E672E4E756D62657286AC951D0B94E08B02000078700000000000000002740001307400057465737431740000740000740007E6B58BE8AF9531740000740000740001317800);
INSERT INTO `qrtz_triggers` VALUES ('bright-server-job', 'TASK_3', 'DEFAULT', 'TASK_3', 'DEFAULT', NULL, 1597832540000, -1, 5, 'PAUSED', 'CRON', 1597832527000, 0, NULL, 2, 0xACED0005737200156F72672E71756172747A2E4A6F62446174614D61709FB083E8BFA9B0CB020000787200266F72672E71756172747A2E7574696C732E537472696E674B65794469727479466C61674D61708208E8C3FBC55D280200015A0013616C6C6F77735472616E7369656E74446174617872001D6F72672E71756172747A2E7574696C732E4469727479466C61674D617013E62EAD28760ACE0200025A000564697274794C00036D617074000F4C6A6176612F7574696C2F4D61703B787001737200116A6176612E7574696C2E486173684D61700507DAC1C31660D103000246000A6C6F6164466163746F724900097468726573686F6C6478703F4000000000000C7708000000100000000174000D4A4F425F504152414D5F4B45597372001D636F6D2E746D6C2E7365727665722E6A6F622E656E746974792E4A6F62058D52AC1093A3040200104C0009616C61726D4D61696C7400124C6A6176612F6C616E672F537472696E673B4C00086265616E4E616D6571007E00094C000B636F6E74656E745479706571007E00094C000A63726561746554696D657400104C6A6176612F7574696C2F446174653B4C000E63726561746554696D6546726F6D71007E00094C000C63726561746554696D65546F71007E00094C000E63726F6E45787072657373696F6E71007E00094C00056A6F6249647400104C6A6176612F6C616E672F4C6F6E673B4C00076A6F625479706571007E00094C000A6D6574686F644E616D6571007E00094C0006706172616D7371007E00094C00047061746871007E00094C000672656D61726B71007E00094C000D726571756573744D6574686F6471007E00094C000973657276696365496471007E00094C000673746174757371007E0009787074001274756D696E676C6F6E67403132362E636F6D7400087461736B4C6973747400007372000E6A6176612E7574696C2E44617465686A81014B5974190300007870770800000174063D808078707074000E302F3230202A202A202A202A203F7372000E6A6176612E6C616E672E4C6F6E673B8BE490CC8F23DF0200014A000576616C7565787200106A6176612E6C616E672E4E756D62657286AC951D0B94E08B0200007870000000000000000374000130740005746573743274001A7B226E616D65223A226D7262697264222C22616765223A31387D740000740007E6B58BE8AF9532740000740000740001317800);
INSERT INTO `qrtz_triggers` VALUES ('bright-server-job', 'TASK_4', 'DEFAULT', 'TASK_4', 'DEFAULT', NULL, 1603024705000, 1603024700000, 5, 'WAITING', 'CRON', 1603014015000, 0, NULL, 2, 0xACED0005737200156F72672E71756172747A2E4A6F62446174614D61709FB083E8BFA9B0CB020000787200266F72672E71756172747A2E7574696C732E537472696E674B65794469727479466C61674D61708208E8C3FBC55D280200015A0013616C6C6F77735472616E7369656E74446174617872001D6F72672E71756172747A2E7574696C732E4469727479466C61674D617013E62EAD28760ACE0200025A000564697274794C00036D617074000F4C6A6176612F7574696C2F4D61703B787001737200116A6176612E7574696C2E486173684D61700507DAC1C31660D103000246000A6C6F6164466163746F724900097468726573686F6C6478703F4000000000000C7708000000100000000174000D4A4F425F504152414D5F4B45597372001D636F6D2E746D6C2E7365727665722E6A6F622E656E746974792E4A6F62058D52AC1093A3040200104C0009616C61726D4D61696C7400124C6A6176612F6C616E672F537472696E673B4C00086265616E4E616D6571007E00094C000B636F6E74656E745479706571007E00094C000A63726561746554696D657400104C6A6176612F7574696C2F446174653B4C000E63726561746554696D6546726F6D71007E00094C000C63726561746554696D65546F71007E00094C000E63726F6E45787072657373696F6E71007E00094C00056A6F6249647400104C6A6176612F6C616E672F4C6F6E673B4C00076A6F625479706571007E00094C000A6D6574686F644E616D6571007E00094C0006706172616D7371007E00094C00047061746871007E00094C000672656D61726B71007E00094C000D726571756573744D6574686F6471007E00094C000973657276696365496471007E00094C000673746174757371007E0009787074001274756D696E676C6F6E67403132362E636F6D7400007400106170706C69636174696F6E2F6A736F6E7372000E6A6176612E7574696C2E44617465686A81014B59741903000078707708000001753B14BC0078707074000D2A2F35202A202A202A202A203F7372000E6A6176612E6C616E672E4C6F6E673B8BE490CC8F23DF0200014A000576616C7565787200106A6176612E6C616E672E4E756D62657286AC951D0B94E08B0200007870000000000000000474000131740000740001317400102F7461736B2F746573742F7B6D73677D740012E6B58BE8AF95E8BF9CE7A88BE4BBBBE58AA17400034745547400146272696768742D7365727665722D73797374656D740001307800);

-- ----------------------------
-- Table structure for t_gateway_block_list
-- ----------------------------
DROP TABLE IF EXISTS `t_gateway_block_list`;
CREATE TABLE `t_gateway_block_list`  (
  `id` bigint(19) NOT NULL AUTO_INCREMENT COMMENT '主键ID',
  `ip` varchar(255) CHARACTER SET utf8 COLLATE utf8_general_ci NULL DEFAULT NULL COMMENT '黑名单IP',
  `request_uri` varchar(255) CHARACTER SET utf8 COLLATE utf8_general_ci NULL DEFAULT NULL COMMENT '请求URI',
  `request_method` varchar(255) CHARACTER SET utf8 COLLATE utf8_general_ci NULL DEFAULT NULL COMMENT '请求方法',
  `limit_from` datetime(0) NULL DEFAULT NULL COMMENT '限制时间起',
  `limit_to` datetime(0) NULL DEFAULT NULL COMMENT '限制时间止',
  `location` varchar(255) CHARACTER SET utf8 COLLATE utf8_general_ci NULL DEFAULT NULL COMMENT 'IP对应地址',
  `status` tinyint(1) NULL DEFAULT NULL COMMENT '状态(0-关闭，1-开启)',
  `create_time` datetime(0) NULL DEFAULT NULL COMMENT '创建时间',
  `update_time` datetime(0) NULL DEFAULT NULL COMMENT '更新时间',
  `create_user_id` bigint(20) NULL DEFAULT NULL COMMENT '创建用户',
  `update_user_id` bigint(20) NULL DEFAULT NULL COMMENT '更新用户',
  PRIMARY KEY (`id`) USING BTREE
) ENGINE = InnoDB AUTO_INCREMENT = 11 CHARACTER SET = utf8 COLLATE = utf8_general_ci COMMENT = '黑名单' ROW_FORMAT = DYNAMIC;

-- ----------------------------
-- Records of t_gateway_block_list
-- ----------------------------
INSERT INTO `t_gateway_block_list` VALUES (9, '127.0.0.1', '/**/actuator/**', 'All', '2020-08-01 00:00:00', '2020-08-01 23:59:59', NULL, 1, '2020-07-28 21:52:46', '2020-08-18 15:40:29', 1, 1);
INSERT INTO `t_gateway_block_list` VALUES (10, '192.168.0.106', '/**/actuator/**', 'All', '2020-07-30 00:30:00', '2020-07-30 23:59:59', NULL, 1, '2020-07-28 21:52:46', '2020-07-28 21:52:46', 1, 1);

-- ----------------------------
-- Table structure for t_gateway_block_list_log
-- ----------------------------
DROP TABLE IF EXISTS `t_gateway_block_list_log`;
CREATE TABLE `t_gateway_block_list_log`  (
  `id` bigint(19) NOT NULL AUTO_INCREMENT COMMENT '主键ID',
  `ip` varchar(255) CHARACTER SET utf8 COLLATE utf8_general_ci NULL DEFAULT NULL COMMENT '黑名单IP',
  `request_uri` varchar(255) CHARACTER SET utf8 COLLATE utf8_general_ci NULL DEFAULT NULL COMMENT '请求URI',
  `request_method` varchar(255) CHARACTER SET utf8 COLLATE utf8_general_ci NULL DEFAULT NULL COMMENT '请求方法',
  `location` varchar(255) CHARACTER SET utf8 COLLATE utf8_general_ci NULL DEFAULT NULL COMMENT 'IP对应地址',
  `create_time` datetime(0) NULL DEFAULT NULL COMMENT '拦截时间点',
  PRIMARY KEY (`id`) USING BTREE
) ENGINE = InnoDB AUTO_INCREMENT = 1 CHARACTER SET = utf8 COLLATE = utf8_general_ci COMMENT = '黑名单日志' ROW_FORMAT = DYNAMIC;

-- ----------------------------
-- Records of t_gateway_block_list_log
-- ----------------------------

-- ----------------------------
-- Table structure for t_gateway_dynamic_route
-- ----------------------------
DROP TABLE IF EXISTS `t_gateway_dynamic_route`;
CREATE TABLE `t_gateway_dynamic_route`  (
  `id` bigint(19) UNSIGNED NOT NULL AUTO_INCREMENT COMMENT '主键Id',
  `route_name` varchar(255) CHARACTER SET utf8mb4 COLLATE utf8mb4_general_ci NULL DEFAULT NULL COMMENT '路由名称',
  `route_id` varchar(128) CHARACTER SET utf8mb4 COLLATE utf8mb4_general_ci NOT NULL COMMENT '路由Id',
  `route_uri` varchar(128) CHARACTER SET utf8mb4 COLLATE utf8mb4_general_ci NOT NULL COMMENT '路由规则转发的uri',
  `route_order` int(11) NOT NULL DEFAULT 0 COMMENT '路由的执行顺序',
  `predicates` text CHARACTER SET utf8mb4 COLLATE utf8mb4_general_ci NOT NULL COMMENT '断言字符串集合，字符串结构：[{\r\n	\"args\": {\r\n		\"pattern\": \"/auth/**\"\r\n	},\r\n	\"name\": \"Path\"\r\n}]',
  `filters` text CHARACTER SET utf8mb4 COLLATE utf8mb4_general_ci NULL COMMENT '过滤器字符串集合，字符串结构：[{\r\n	\"args\": {\r\n		\"name\": \"authfallback\",\r\n		\"fallbackUri\": \"forward:/fallback/bright-auth\"\r\n	},\r\n	\"name\": \"Hystrix\"\r\n}, {\r\n	\"args\": {\r\n		\"_genkey_0\": \"1\"\r\n	},\r\n	\"name\": \"StripPrefix\"\r\n}, {\r\n	\"name\": \"BrightDocGatewayHeaderFilter\"\r\n}]',
  `enable` tinyint(1) NOT NULL COMMENT '状态：0-不可用；1-可用',
  `create_time` datetime(0) NULL DEFAULT NULL COMMENT '创建时间',
  `update_time` datetime(0) NULL DEFAULT NULL COMMENT '修改时间',
  `create_user_id` bigint(20) NULL DEFAULT NULL COMMENT '创建人ID',
  `update_user_id` bigint(20) NULL DEFAULT NULL COMMENT '修改人ID',
  PRIMARY KEY (`id`) USING BTREE,
  UNIQUE INDEX `route_id`(`route_id`) USING BTREE
) ENGINE = InnoDB AUTO_INCREMENT = 9 CHARACTER SET = utf8mb4 COLLATE = utf8mb4_general_ci COMMENT = '动态路由配置表' ROW_FORMAT = DYNAMIC;

-- ----------------------------
-- Records of t_gateway_dynamic_route
-- ----------------------------
INSERT INTO `t_gateway_dynamic_route` VALUES (1, '第三方登录服务', 'bright-auth-Social', 'lb://bright-auth', 0, '[{\r\n	\"args\": {\r\n		\"pattern\": \"/auth/social/**\"\r\n	},\r\n	\"name\": \"Path\"\r\n}]', '[{\r\n	\"args\": {\r\n		\"name\": \"socialfallback\",\r\n		\"fallbackUri\": \"forward:/fallback/bright-auth\"\r\n	},\r\n	\"name\": \"Hystrix\"\r\n}]', 1, '2020-08-15 21:29:38', '2020-08-15 21:29:38', 1, 1);
INSERT INTO `t_gateway_dynamic_route` VALUES (2, '认证服务', 'bright-auth', 'lb://bright-auth', 0, '[{\r\n	\"args\": {\r\n		\"pattern\": \"/auth/**\"\r\n	},\r\n	\"name\": \"Path\"\r\n}]', '[{\r\n	\"args\": {\r\n		\"name\": \"authfallback\",\r\n		\"fallbackUri\": \"forward:/fallback/bright-auth\"\r\n	},\r\n	\"name\": \"Hystrix\"\r\n}]', 1, '2020-08-15 21:30:59', '2020-08-15 21:30:59', 1, 1);
INSERT INTO `t_gateway_dynamic_route` VALUES (3, '基础服务', 'bright-server-system', 'lb://bright-server-system', 0, '[{\r\n	\"args\": {\r\n		\"pattern\": \"/system/**\"\r\n	},\r\n	\"name\": \"Path\"\r\n}]', '[{\r\n	\"args\": {\r\n		\"name\": \"systemfallback\",\r\n		\"fallbackUri\": \"forward:/fallback/bright-server-system\"\r\n	},\r\n	\"name\": \"Hystrix\"\r\n}]', 1, '2020-08-15 21:31:19', '2020-08-15 21:31:19', 1, 1);
INSERT INTO `t_gateway_dynamic_route` VALUES (4, '定时任务服务', 'bright-server-job', 'lb://bright-server-job', 0, '[{\r\n	\"args\": {\r\n		\"pattern\": \"/job/**\"\r\n	},\r\n	\"name\": \"Path\"\r\n}]', '[{\r\n	\"args\": {\r\n		\"name\": \"jobfallback\",\r\n		\"fallbackUri\": \"forward:/fallback/bright-server-job\"\r\n	},\r\n	\"name\": \"Hystrix\"\r\n}]', 1, '2020-08-15 21:31:59', '2020-08-15 21:31:59', 1, 1);
INSERT INTO `t_gateway_dynamic_route` VALUES (5, '代码生成服务', 'bright-server-generator', 'lb://bright-server-generator', 0, '[{\r\n	\"args\": {\r\n		\"pattern\": \"/generator/**\"\r\n	},\r\n	\"name\": \"Path\"\r\n}]', '[{\r\n	\"args\": {\r\n		\"name\": \"generatorfallback\",\r\n		\"fallbackUri\": \"forward:/fallback/bright-server-generator\"\r\n	},\r\n	\"name\": \"Hystrix\"\r\n}]', 1, '2020-08-15 21:32:19', '2020-08-15 21:32:19', 1, 1);
INSERT INTO `t_gateway_dynamic_route` VALUES (6, '测试服务', 'bright-server-test', 'lb://bright-server-test', 0, '[{\r\n	\"args\": {\r\n		\"pattern\": \"/test/**\"\r\n	},\r\n	\"name\": \"Path\"\r\n}]', '[{\r\n	\"args\": {\r\n		\"name\": \"testfallback\",\r\n		\"fallbackUri\": \"forward:/fallback/bright-server-test\"\r\n	},\r\n	\"name\": \"Hystrix\"\r\n}]', 1, '2020-08-17 17:26:52', '2020-10-19 10:45:40', 1, 1);
INSERT INTO `t_gateway_dynamic_route` VALUES (7, '消息服务', 'bright-server-msg', 'lb://bright-server-msg', 0, '[{\n	\"args\": {\n		\"pattern\": \"/msg/**\"\n	},\n	\"name\": \"Path\"\n}]', '[{\n	\"args\": {\n		\"name\": \"msgfallback\",\n		\"fallbackUri\": \"forward:/fallback/bright-server-msg\"\n	},\n	\"name\": \"Hystrix\"\n}]', 1, '2020-10-12 15:33:32', '2020-10-19 11:36:55', 1, 1);
INSERT INTO `t_gateway_dynamic_route` VALUES (8, '消息服务websocket', 'bright-server-msg-websocket', 'lb:ws://bright-server-msg', 0, '[{\n	\"args\": {\n		\"pattern\": \"/ws/msg/**\"\n	},\n	\"name\": \"Path\"\n}]', '', 0, '2020-10-19 21:25:50', '2020-10-19 21:25:52', 1, 1);

-- ----------------------------
-- Table structure for t_gateway_route_limit_rule
-- ----------------------------
DROP TABLE IF EXISTS `t_gateway_route_limit_rule`;
CREATE TABLE `t_gateway_route_limit_rule`  (
  `id` bigint(19) NOT NULL AUTO_INCREMENT COMMENT '主键ID',
  `request_uri` varchar(255) CHARACTER SET utf8 COLLATE utf8_general_ci NULL DEFAULT NULL COMMENT '请求URI',
  `request_method` varchar(255) CHARACTER SET utf8 COLLATE utf8_general_ci NULL DEFAULT NULL COMMENT '请求方法',
  `limit_from` datetime(0) NULL DEFAULT NULL COMMENT '限制时间起',
  `limit_to` datetime(0) NULL DEFAULT NULL COMMENT '限制时间止',
  `count` int(19) NULL DEFAULT NULL COMMENT '次数',
  `interval_sec` int(19) NULL DEFAULT NULL COMMENT '时间周期，单位秒',
  `status` tinyint(1) NULL DEFAULT NULL COMMENT '状态(0-关闭，1-开启)',
  `create_time` datetime(0) NULL DEFAULT NULL COMMENT '创建时间',
  `update_time` datetime(0) NULL DEFAULT NULL COMMENT '更新时间',
  `create_user_id` bigint(20) NULL DEFAULT NULL COMMENT '创建用户',
  `update_user_id` bigint(20) NULL DEFAULT NULL COMMENT '更新用户',
  PRIMARY KEY (`id`) USING BTREE
) ENGINE = InnoDB AUTO_INCREMENT = 5 CHARACTER SET = utf8 COLLATE = utf8_general_ci COMMENT = '限流规则' ROW_FORMAT = DYNAMIC;

-- ----------------------------
-- Records of t_gateway_route_limit_rule
-- ----------------------------
INSERT INTO `t_gateway_route_limit_rule` VALUES (3, '/auth/**', 'GET', '2020-08-01 00:30:00', '2020-08-01 23:59:59', 3, 10, 1, '2020-07-29 10:26:49', '2020-08-18 15:41:52', 1, 1);
INSERT INTO `t_gateway_route_limit_rule` VALUES (4, '/gateway/**', 'GET', '2020-08-01 00:30:00', '2020-08-01 23:59:59', 3, 10, 1, '2020-07-29 10:26:50', '2020-08-18 15:42:14', 1, 1);

-- ----------------------------
-- Table structure for t_gateway_route_limit_rule_log
-- ----------------------------
DROP TABLE IF EXISTS `t_gateway_route_limit_rule_log`;
CREATE TABLE `t_gateway_route_limit_rule_log`  (
  `id` bigint(19) NOT NULL AUTO_INCREMENT COMMENT '主键ID',
  `ip` varchar(255) CHARACTER SET utf8 COLLATE utf8_general_ci NULL DEFAULT NULL COMMENT '黑名单IP',
  `request_uri` varchar(255) CHARACTER SET utf8 COLLATE utf8_general_ci NULL DEFAULT NULL COMMENT '请求URI',
  `request_method` varchar(255) CHARACTER SET utf8 COLLATE utf8_general_ci NULL DEFAULT NULL COMMENT '请求方法',
  `location` varchar(255) CHARACTER SET utf8 COLLATE utf8_general_ci NULL DEFAULT NULL COMMENT 'IP对应地址',
  `create_time` datetime(0) NULL DEFAULT NULL COMMENT '拦截时间点',
  PRIMARY KEY (`id`) USING BTREE
) ENGINE = InnoDB AUTO_INCREMENT = 1 CHARACTER SET = utf8 COLLATE = utf8_general_ci COMMENT = '限流规则日志' ROW_FORMAT = DYNAMIC;

-- ----------------------------
-- Records of t_gateway_route_limit_rule_log
-- ----------------------------

-- ----------------------------
-- Table structure for t_gateway_route_log
-- ----------------------------
DROP TABLE IF EXISTS `t_gateway_route_log`;
CREATE TABLE `t_gateway_route_log`  (
  `id` bigint(19) NOT NULL AUTO_INCREMENT COMMENT '主键ID',
  `ip` varchar(255) CHARACTER SET utf8 COLLATE utf8_general_ci NULL DEFAULT NULL COMMENT '请求IP',
  `request_uri` varchar(255) CHARACTER SET utf8 COLLATE utf8_general_ci NULL DEFAULT NULL COMMENT '请求URI',
  `request_method` varchar(255) CHARACTER SET utf8 COLLATE utf8_general_ci NULL DEFAULT NULL COMMENT '请求方法',
  `target_uri` varchar(255) CHARACTER SET utf8 COLLATE utf8_general_ci NULL DEFAULT NULL COMMENT '目标URI',
  `target_server` varchar(255) CHARACTER SET utf8 COLLATE utf8_general_ci NULL DEFAULT NULL COMMENT '目标服务',
  `location` varchar(255) CHARACTER SET utf8 COLLATE utf8_general_ci NULL DEFAULT NULL COMMENT 'IP对应地址',
  `http_status` int(19) NULL DEFAULT NULL COMMENT '请求状态',
  `params` text CHARACTER SET utf8 COLLATE utf8_general_ci NULL COMMENT '请求参数',
  `headers` text CHARACTER SET utf8 COLLATE utf8_general_ci NULL COMMENT '请求头',
  `user_agent` varchar(255) CHARACTER SET utf8 COLLATE utf8_general_ci NULL DEFAULT NULL COMMENT 'userAgent',
  `authentication` varchar(255) CHARACTER SET utf8 COLLATE utf8_general_ci NULL DEFAULT NULL COMMENT '认证信息',
  `create_time` datetime(0) NULL DEFAULT NULL COMMENT '拦截时间点',
  PRIMARY KEY (`id`) USING BTREE
) ENGINE = InnoDB AUTO_INCREMENT = 2803 CHARACTER SET = utf8 COLLATE = utf8_general_ci COMMENT = '网关日志' ROW_FORMAT = DYNAMIC;

-- ----------------------------
-- Records of t_gateway_route_log
-- ----------------------------

-- ----------------------------
-- Table structure for t_generator_config
-- ----------------------------
DROP TABLE IF EXISTS `t_generator_config`;
CREATE TABLE `t_generator_config`  (
  `id` int(11) NOT NULL COMMENT '主键',
  `author` varchar(20) CHARACTER SET utf8 COLLATE utf8_general_ci NOT NULL COMMENT '作者',
  `base_package` varchar(50) CHARACTER SET utf8 COLLATE utf8_general_ci NOT NULL COMMENT '基础包名',
  `entity_package` varchar(20) CHARACTER SET utf8 COLLATE utf8_general_ci NOT NULL COMMENT 'entity文件存放路径',
  `mapper_package` varchar(20) CHARACTER SET utf8 COLLATE utf8_general_ci NOT NULL COMMENT 'mapper文件存放路径',
  `mapper_xml_package` varchar(20) CHARACTER SET utf8 COLLATE utf8_general_ci NOT NULL COMMENT 'mapper xml文件存放路径',
  `service_package` varchar(20) CHARACTER SET utf8 COLLATE utf8_general_ci NOT NULL COMMENT 'servcie文件存放路径',
  `service_impl_package` varchar(20) CHARACTER SET utf8 COLLATE utf8_general_ci NOT NULL COMMENT 'serviceImpl文件存放路径',
  `controller_package` varchar(20) CHARACTER SET utf8 COLLATE utf8_general_ci NOT NULL COMMENT 'controller文件存放路径',
  `is_trim` char(1) CHARACTER SET utf8 COLLATE utf8_general_ci NOT NULL COMMENT '是否去除前缀 1是 0否',
  `trim_value` varchar(10) CHARACTER SET utf8 COLLATE utf8_general_ci NULL DEFAULT NULL COMMENT '前缀内容',
  PRIMARY KEY (`id`) USING BTREE
) ENGINE = InnoDB CHARACTER SET = utf8 COLLATE = utf8_general_ci COMMENT = '代码生成配置表' ROW_FORMAT = DYNAMIC;

-- ----------------------------
-- Records of t_generator_config
-- ----------------------------
INSERT INTO `t_generator_config` VALUES (1, 'JacksonTu', 'com.tml.server.system', 'entity', 'mapper', 'mapper', 'service', 'service.impl', 'controller', '1', 't_');

-- ----------------------------
-- Table structure for t_oms_item
-- ----------------------------
DROP TABLE IF EXISTS `t_oms_item`;
CREATE TABLE `t_oms_item`  (
  `ID` bigint(19) NOT NULL AUTO_INCREMENT COMMENT '商品主键ID',
  `ITEM_NAME` varchar(255) CHARACTER SET utf8 COLLATE utf8_general_ci NULL DEFAULT NULL COMMENT '商品名',
  `ITEM_CODE` varchar(255) CHARACTER SET utf8 COLLATE utf8_general_ci NULL DEFAULT NULL COMMENT '商品编号',
  `ITEM_STOCK` int(11) NULL DEFAULT NULL COMMENT '库存',
  `PURCHASE_TIME` date NULL DEFAULT NULL COMMENT '采购时间',
  `STATUS` char(2) CHARACTER SET utf8 COLLATE utf8_general_ci NULL DEFAULT '1' COMMENT '是否有效（1=是,0=否）',
  `CREATE_TIME` datetime(0) NULL DEFAULT NULL COMMENT '创建时间',
  `UPDATE_TIME` datetime(0) NULL DEFAULT NULL COMMENT '更新时间',
  `CREATE_USER_ID` bigint(20) NULL DEFAULT NULL COMMENT '创建用户ID',
  `UPDATE_USER_ID` bigint(20) NULL DEFAULT NULL COMMENT '更新用户ID',
  `DEPT_ID` bigint(20) NULL DEFAULT NULL COMMENT '部门ID',
  PRIMARY KEY (`ID`) USING BTREE
) ENGINE = InnoDB AUTO_INCREMENT = 4030 CHARACTER SET = utf8 COLLATE = utf8_general_ci COMMENT = '商品表' ROW_FORMAT = DYNAMIC;

-- ----------------------------
-- Records of t_oms_item
-- ----------------------------
INSERT INTO `t_oms_item` VALUES (6, 'Java编程思想', 'book10010', 1000, '2019-05-18', '1', '2019-05-18 21:11:23', '2020-08-20 11:45:29', 1, 1, 1);
INSERT INTO `t_oms_item` VALUES (7, 'Spring实战第四版', 'book10011', 2000, '2019-05-18', '1', '2019-05-18 21:11:23', '2020-08-20 11:45:33', 1, 1, 2);
INSERT INTO `t_oms_item` VALUES (9, 'Spring实战 第5版(异步图书出品)', '1296353758753722368', 1000, '2020-08-20', '1', '2020-08-20 15:49:56', NULL, 1, NULL, 2);
INSERT INTO `t_oms_item` VALUES (3031, '商品1', '1296367656118652929', 100000, NULL, '1', '2020-08-20 16:45:29', NULL, 1, NULL, 2);
INSERT INTO `t_oms_item` VALUES (3032, '商品2', '1296367656118652930', 100000, NULL, '1', '2020-08-20 16:45:29', NULL, 1, NULL, 2);
INSERT INTO `t_oms_item` VALUES (3033, '商品3', '1296367656118652931', 100000, NULL, '1', '2020-08-20 16:45:29', NULL, 1, NULL, 2);
INSERT INTO `t_oms_item` VALUES (3034, '商品4', '1296367656118652932', 100000, NULL, '1', '2020-08-20 16:45:29', NULL, 1, NULL, 2);
INSERT INTO `t_oms_item` VALUES (3035, '商品5', '1296367656118652933', 100000, NULL, '1', '2020-08-20 16:45:29', NULL, 1, NULL, 2);
INSERT INTO `t_oms_item` VALUES (3036, '商品6', '1296367656118652934', 100000, NULL, '1', '2020-08-20 16:45:29', NULL, 1, NULL, 2);
INSERT INTO `t_oms_item` VALUES (3037, '商品7', '1296367656118652935', 100000, NULL, '1', '2020-08-20 16:45:29', NULL, 1, NULL, 2);
INSERT INTO `t_oms_item` VALUES (3038, '商品8', '1296367656118652936', 100000, NULL, '1', '2020-08-20 16:45:29', NULL, 1, NULL, 2);
INSERT INTO `t_oms_item` VALUES (3039, '商品9', '1296367656118652937', 100000, NULL, '1', '2020-08-20 16:45:29', NULL, 1, NULL, 2);
INSERT INTO `t_oms_item` VALUES (3040, '商品10', '1296367656118652938', 100000, NULL, '1', '2020-08-20 16:45:29', NULL, 1, NULL, 2);
INSERT INTO `t_oms_item` VALUES (3041, '商品11', '1296367656118652939', 100000, NULL, '1', '2020-08-20 16:45:29', NULL, 1, NULL, 2);
INSERT INTO `t_oms_item` VALUES (3042, '商品12', '1296367656118652940', 100000, NULL, '1', '2020-08-20 16:45:29', NULL, 1, NULL, 2);
INSERT INTO `t_oms_item` VALUES (3043, '商品13', '1296367656118652941', 100000, NULL, '1', '2020-08-20 16:45:29', NULL, 1, NULL, 2);
INSERT INTO `t_oms_item` VALUES (3044, '商品14', '1296367656118652942', 100000, NULL, '1', '2020-08-20 16:45:29', NULL, 1, NULL, 2);
INSERT INTO `t_oms_item` VALUES (3045, '商品15', '1296367656118652943', 100000, NULL, '1', '2020-08-20 16:45:29', NULL, 1, NULL, 2);
INSERT INTO `t_oms_item` VALUES (3046, '商品16', '1296367656118652944', 100000, NULL, '1', '2020-08-20 16:45:29', NULL, 1, NULL, 2);
INSERT INTO `t_oms_item` VALUES (3047, '商品17', '1296367656118652945', 100000, NULL, '1', '2020-08-20 16:45:29', NULL, 1, NULL, 2);
INSERT INTO `t_oms_item` VALUES (3048, '商品18', '1296367656118652946', 100000, NULL, '1', '2020-08-20 16:45:29', NULL, 1, NULL, 2);
INSERT INTO `t_oms_item` VALUES (3049, '商品19', '1296367656118652947', 100000, NULL, '1', '2020-08-20 16:45:29', NULL, 1, NULL, 2);
INSERT INTO `t_oms_item` VALUES (3050, '商品20', '1296367656122847232', 100000, NULL, '1', '2020-08-20 16:45:29', NULL, 1, NULL, 2);
INSERT INTO `t_oms_item` VALUES (3051, '商品21', '1296367656122847233', 100000, NULL, '1', '2020-08-20 16:45:29', NULL, 1, NULL, 2);
INSERT INTO `t_oms_item` VALUES (3052, '商品22', '1296367656122847234', 100000, NULL, '1', '2020-08-20 16:45:29', NULL, 1, NULL, 2);
INSERT INTO `t_oms_item` VALUES (3053, '商品23', '1296367656122847235', 100000, NULL, '1', '2020-08-20 16:45:29', NULL, 1, NULL, 2);
INSERT INTO `t_oms_item` VALUES (3054, '商品24', '1296367656122847236', 100000, NULL, '1', '2020-08-20 16:45:29', NULL, 1, NULL, 2);
INSERT INTO `t_oms_item` VALUES (3055, '商品25', '1296367656122847237', 100000, NULL, '1', '2020-08-20 16:45:29', NULL, 1, NULL, 2);
INSERT INTO `t_oms_item` VALUES (3056, '商品26', '1296367656122847238', 100000, NULL, '1', '2020-08-20 16:45:29', NULL, 1, NULL, 2);
INSERT INTO `t_oms_item` VALUES (3057, '商品27', '1296367656122847239', 100000, NULL, '1', '2020-08-20 16:45:29', NULL, 1, NULL, 2);
INSERT INTO `t_oms_item` VALUES (3058, '商品28', '1296367656122847240', 100000, NULL, '1', '2020-08-20 16:45:29', NULL, 1, NULL, 2);
INSERT INTO `t_oms_item` VALUES (3059, '商品29', '1296367656122847241', 100000, NULL, '1', '2020-08-20 16:45:29', NULL, 1, NULL, 2);
INSERT INTO `t_oms_item` VALUES (3060, '商品30', '1296367656122847242', 100000, NULL, '1', '2020-08-20 16:45:29', NULL, 1, NULL, 2);
INSERT INTO `t_oms_item` VALUES (3061, '商品31', '1296367656122847243', 100000, NULL, '1', '2020-08-20 16:45:29', NULL, 1, NULL, 2);
INSERT INTO `t_oms_item` VALUES (3062, '商品32', '1296367656122847244', 100000, NULL, '1', '2020-08-20 16:45:29', NULL, 1, NULL, 2);
INSERT INTO `t_oms_item` VALUES (3063, '商品33', '1296367656122847245', 100000, NULL, '1', '2020-08-20 16:45:29', NULL, 1, NULL, 2);
INSERT INTO `t_oms_item` VALUES (3064, '商品34', '1296367656122847246', 100000, NULL, '1', '2020-08-20 16:45:29', NULL, 1, NULL, 2);
INSERT INTO `t_oms_item` VALUES (3065, '商品35', '1296367656122847247', 100000, NULL, '1', '2020-08-20 16:45:29', NULL, 1, NULL, 2);
INSERT INTO `t_oms_item` VALUES (3066, '商品36', '1296367656122847248', 100000, NULL, '1', '2020-08-20 16:45:29', NULL, 1, NULL, 2);
INSERT INTO `t_oms_item` VALUES (3067, '商品37', '1296367656122847249', 100000, NULL, '1', '2020-08-20 16:45:29', NULL, 1, NULL, 2);
INSERT INTO `t_oms_item` VALUES (3068, '商品38', '1296367656122847250', 100000, NULL, '1', '2020-08-20 16:45:29', NULL, 1, NULL, 2);
INSERT INTO `t_oms_item` VALUES (3069, '商品39', '1296367656122847251', 100000, NULL, '1', '2020-08-20 16:45:29', NULL, 1, NULL, 2);
INSERT INTO `t_oms_item` VALUES (3070, '商品40', '1296367656122847252', 100000, NULL, '1', '2020-08-20 16:45:29', NULL, 1, NULL, 2);
INSERT INTO `t_oms_item` VALUES (3071, '商品41', '1296367656122847253', 100000, NULL, '1', '2020-08-20 16:45:29', NULL, 1, NULL, 2);
INSERT INTO `t_oms_item` VALUES (3072, '商品42', '1296367656122847254', 100000, NULL, '1', '2020-08-20 16:45:29', NULL, 1, NULL, 2);
INSERT INTO `t_oms_item` VALUES (3073, '商品43', '1296367656122847255', 100000, NULL, '1', '2020-08-20 16:45:29', NULL, 1, NULL, 2);
INSERT INTO `t_oms_item` VALUES (3074, '商品44', '1296367656122847256', 100000, NULL, '1', '2020-08-20 16:45:29', NULL, 1, NULL, 2);
INSERT INTO `t_oms_item` VALUES (3075, '商品45', '1296367656122847257', 100000, NULL, '1', '2020-08-20 16:45:29', NULL, 1, NULL, 2);
INSERT INTO `t_oms_item` VALUES (3076, '商品46', '1296367656122847258', 100000, NULL, '1', '2020-08-20 16:45:29', NULL, 1, NULL, 2);
INSERT INTO `t_oms_item` VALUES (3077, '商品47', '1296367656122847259', 100000, NULL, '1', '2020-08-20 16:45:29', NULL, 1, NULL, 2);
INSERT INTO `t_oms_item` VALUES (3078, '商品48', '1296367656122847260', 100000, NULL, '1', '2020-08-20 16:45:29', NULL, 1, NULL, 2);
INSERT INTO `t_oms_item` VALUES (3079, '商品49', '1296367656122847261', 100000, NULL, '1', '2020-08-20 16:45:29', NULL, 1, NULL, 2);
INSERT INTO `t_oms_item` VALUES (3080, '商品50', '1296367656122847262', 100000, NULL, '1', '2020-08-20 16:45:29', NULL, 1, NULL, 2);
INSERT INTO `t_oms_item` VALUES (3081, '商品51', '1296367656122847263', 100000, NULL, '1', '2020-08-20 16:45:29', NULL, 1, NULL, 2);
INSERT INTO `t_oms_item` VALUES (3082, '商品52', '1296367656122847264', 100000, NULL, '1', '2020-08-20 16:45:29', NULL, 1, NULL, 2);
INSERT INTO `t_oms_item` VALUES (3083, '商品53', '1296367656122847265', 100000, NULL, '1', '2020-08-20 16:45:29', NULL, 1, NULL, 2);
INSERT INTO `t_oms_item` VALUES (3084, '商品54', '1296367656122847266', 100000, NULL, '1', '2020-08-20 16:45:29', NULL, 1, NULL, 2);
INSERT INTO `t_oms_item` VALUES (3085, '商品55', '1296367656122847267', 100000, NULL, '1', '2020-08-20 16:45:29', NULL, 1, NULL, 2);
INSERT INTO `t_oms_item` VALUES (3086, '商品56', '1296367656122847268', 100000, NULL, '1', '2020-08-20 16:45:29', NULL, 1, NULL, 2);
INSERT INTO `t_oms_item` VALUES (3087, '商品57', '1296367656122847269', 100000, NULL, '1', '2020-08-20 16:45:29', NULL, 1, NULL, 2);
INSERT INTO `t_oms_item` VALUES (3088, '商品58', '1296367656122847270', 100000, NULL, '1', '2020-08-20 16:45:29', NULL, 1, NULL, 2);
INSERT INTO `t_oms_item` VALUES (3089, '商品59', '1296367656122847271', 100000, NULL, '1', '2020-08-20 16:45:29', NULL, 1, NULL, 2);
INSERT INTO `t_oms_item` VALUES (3090, '商品60', '1296367656122847272', 100000, NULL, '1', '2020-08-20 16:45:29', NULL, 1, NULL, 2);
INSERT INTO `t_oms_item` VALUES (3091, '商品61', '1296367656122847273', 100000, NULL, '1', '2020-08-20 16:45:29', NULL, 1, NULL, 2);
INSERT INTO `t_oms_item` VALUES (3092, '商品62', '1296367656122847274', 100000, NULL, '1', '2020-08-20 16:45:29', NULL, 1, NULL, 2);
INSERT INTO `t_oms_item` VALUES (3093, '商品63', '1296367656122847275', 100000, NULL, '1', '2020-08-20 16:45:29', NULL, 1, NULL, 2);
INSERT INTO `t_oms_item` VALUES (3094, '商品64', '1296367656122847276', 100000, NULL, '1', '2020-08-20 16:45:29', NULL, 1, NULL, 2);
INSERT INTO `t_oms_item` VALUES (3095, '商品65', '1296367656122847277', 100000, NULL, '1', '2020-08-20 16:45:29', NULL, 1, NULL, 2);
INSERT INTO `t_oms_item` VALUES (3096, '商品66', '1296367656122847278', 100000, NULL, '1', '2020-08-20 16:45:29', NULL, 1, NULL, 2);
INSERT INTO `t_oms_item` VALUES (3097, '商品67', '1296367656122847279', 100000, NULL, '1', '2020-08-20 16:45:29', NULL, 1, NULL, 2);
INSERT INTO `t_oms_item` VALUES (3098, '商品68', '1296367656122847280', 100000, NULL, '1', '2020-08-20 16:45:29', NULL, 1, NULL, 2);
INSERT INTO `t_oms_item` VALUES (3099, '商品69', '1296367656122847281', 100000, NULL, '1', '2020-08-20 16:45:29', NULL, 1, NULL, 2);
INSERT INTO `t_oms_item` VALUES (3100, '商品70', '1296367656122847282', 100000, NULL, '1', '2020-08-20 16:45:29', NULL, 1, NULL, 2);
INSERT INTO `t_oms_item` VALUES (3101, '商品71', '1296367656122847283', 100000, NULL, '1', '2020-08-20 16:45:29', NULL, 1, NULL, 2);
INSERT INTO `t_oms_item` VALUES (3102, '商品72', '1296367656122847284', 100000, NULL, '1', '2020-08-20 16:45:29', NULL, 1, NULL, 2);
INSERT INTO `t_oms_item` VALUES (3103, '商品73', '1296367656122847285', 100000, NULL, '1', '2020-08-20 16:45:29', NULL, 1, NULL, 2);
INSERT INTO `t_oms_item` VALUES (3104, '商品74', '1296367656122847286', 100000, NULL, '1', '2020-08-20 16:45:29', NULL, 1, NULL, 2);
INSERT INTO `t_oms_item` VALUES (3105, '商品75', '1296367656122847287', 100000, NULL, '1', '2020-08-20 16:45:29', NULL, 1, NULL, 2);
INSERT INTO `t_oms_item` VALUES (3106, '商品76', '1296367656122847288', 100000, NULL, '1', '2020-08-20 16:45:29', NULL, 1, NULL, 2);
INSERT INTO `t_oms_item` VALUES (3107, '商品77', '1296367656122847289', 100000, NULL, '1', '2020-08-20 16:45:29', NULL, 1, NULL, 2);
INSERT INTO `t_oms_item` VALUES (3108, '商品78', '1296367656122847290', 100000, NULL, '1', '2020-08-20 16:45:29', NULL, 1, NULL, 2);
INSERT INTO `t_oms_item` VALUES (3109, '商品79', '1296367656122847291', 100000, NULL, '1', '2020-08-20 16:45:29', NULL, 1, NULL, 2);
INSERT INTO `t_oms_item` VALUES (3110, '商品80', '1296367656122847292', 100000, NULL, '1', '2020-08-20 16:45:29', NULL, 1, NULL, 2);
INSERT INTO `t_oms_item` VALUES (3111, '商品81', '1296367656122847293', 100000, NULL, '1', '2020-08-20 16:45:29', NULL, 1, NULL, 2);
INSERT INTO `t_oms_item` VALUES (3112, '商品82', '1296367656127041536', 100000, NULL, '1', '2020-08-20 16:45:29', NULL, 1, NULL, 2);
INSERT INTO `t_oms_item` VALUES (3113, '商品83', '1296367656127041537', 100000, NULL, '1', '2020-08-20 16:45:29', NULL, 1, NULL, 2);
INSERT INTO `t_oms_item` VALUES (3114, '商品84', '1296367656127041538', 100000, NULL, '1', '2020-08-20 16:45:29', NULL, 1, NULL, 2);
INSERT INTO `t_oms_item` VALUES (3115, '商品85', '1296367656127041539', 100000, NULL, '1', '2020-08-20 16:45:29', NULL, 1, NULL, 2);
INSERT INTO `t_oms_item` VALUES (3116, '商品86', '1296367656127041540', 100000, NULL, '1', '2020-08-20 16:45:29', NULL, 1, NULL, 2);
INSERT INTO `t_oms_item` VALUES (3117, '商品87', '1296367656127041541', 100000, NULL, '1', '2020-08-20 16:45:29', NULL, 1, NULL, 2);
INSERT INTO `t_oms_item` VALUES (3118, '商品88', '1296367656127041542', 100000, NULL, '1', '2020-08-20 16:45:29', NULL, 1, NULL, 2);
INSERT INTO `t_oms_item` VALUES (3119, '商品89', '1296367656127041543', 100000, NULL, '1', '2020-08-20 16:45:29', NULL, 1, NULL, 2);
INSERT INTO `t_oms_item` VALUES (3120, '商品90', '1296367656127041544', 100000, NULL, '1', '2020-08-20 16:45:29', NULL, 1, NULL, 2);
INSERT INTO `t_oms_item` VALUES (3121, '商品91', '1296367656127041545', 100000, NULL, '1', '2020-08-20 16:45:29', NULL, 1, NULL, 2);
INSERT INTO `t_oms_item` VALUES (3122, '商品92', '1296367656127041546', 100000, NULL, '1', '2020-08-20 16:45:29', NULL, 1, NULL, 2);
INSERT INTO `t_oms_item` VALUES (3123, '商品93', '1296367656127041547', 100000, NULL, '1', '2020-08-20 16:45:29', NULL, 1, NULL, 2);
INSERT INTO `t_oms_item` VALUES (3124, '商品94', '1296367656127041548', 100000, NULL, '1', '2020-08-20 16:45:29', NULL, 1, NULL, 2);
INSERT INTO `t_oms_item` VALUES (3125, '商品95', '1296367656127041549', 100000, NULL, '1', '2020-08-20 16:45:29', NULL, 1, NULL, 2);
INSERT INTO `t_oms_item` VALUES (3126, '商品96', '1296367656127041550', 100000, NULL, '1', '2020-08-20 16:45:29', NULL, 1, NULL, 2);
INSERT INTO `t_oms_item` VALUES (3127, '商品97', '1296367656127041551', 100000, NULL, '1', '2020-08-20 16:45:29', NULL, 1, NULL, 2);
INSERT INTO `t_oms_item` VALUES (3128, '商品98', '1296367656127041552', 100000, NULL, '1', '2020-08-20 16:45:29', NULL, 1, NULL, 2);
INSERT INTO `t_oms_item` VALUES (3129, '商品99', '1296367656127041553', 100000, NULL, '1', '2020-08-20 16:45:29', NULL, 1, NULL, 2);
INSERT INTO `t_oms_item` VALUES (3130, '商品100', '1296367656127041554', 100000, NULL, '1', '2020-08-20 16:45:29', NULL, 1, NULL, 2);
INSERT INTO `t_oms_item` VALUES (3131, '商品101', '1296367656127041555', 100000, NULL, '1', '2020-08-20 16:45:29', NULL, 1, NULL, 2);
INSERT INTO `t_oms_item` VALUES (3132, '商品102', '1296367656127041556', 100000, NULL, '1', '2020-08-20 16:45:29', NULL, 1, NULL, 2);
INSERT INTO `t_oms_item` VALUES (3133, '商品103', '1296367656127041557', 100000, NULL, '1', '2020-08-20 16:45:29', NULL, 1, NULL, 2);
INSERT INTO `t_oms_item` VALUES (3134, '商品104', '1296367656127041558', 100000, NULL, '1', '2020-08-20 16:45:29', NULL, 1, NULL, 2);
INSERT INTO `t_oms_item` VALUES (3135, '商品105', '1296367656127041559', 100000, NULL, '1', '2020-08-20 16:45:29', NULL, 1, NULL, 2);
INSERT INTO `t_oms_item` VALUES (3136, '商品106', '1296367656127041560', 100000, NULL, '1', '2020-08-20 16:45:29', NULL, 1, NULL, 2);
INSERT INTO `t_oms_item` VALUES (3137, '商品107', '1296367656127041561', 100000, NULL, '1', '2020-08-20 16:45:29', NULL, 1, NULL, 2);
INSERT INTO `t_oms_item` VALUES (3138, '商品108', '1296367656127041562', 100000, NULL, '1', '2020-08-20 16:45:29', NULL, 1, NULL, 2);
INSERT INTO `t_oms_item` VALUES (3139, '商品109', '1296367656127041563', 100000, NULL, '1', '2020-08-20 16:45:29', NULL, 1, NULL, 2);
INSERT INTO `t_oms_item` VALUES (3140, '商品110', '1296367656127041564', 100000, NULL, '1', '2020-08-20 16:45:29', NULL, 1, NULL, 2);
INSERT INTO `t_oms_item` VALUES (3141, '商品111', '1296367656127041565', 100000, NULL, '1', '2020-08-20 16:45:29', NULL, 1, NULL, 2);
INSERT INTO `t_oms_item` VALUES (3142, '商品112', '1296367656127041566', 100000, NULL, '1', '2020-08-20 16:45:29', NULL, 1, NULL, 2);
INSERT INTO `t_oms_item` VALUES (3143, '商品113', '1296367656127041567', 100000, NULL, '1', '2020-08-20 16:45:29', NULL, 1, NULL, 2);
INSERT INTO `t_oms_item` VALUES (3144, '商品114', '1296367656127041568', 100000, NULL, '1', '2020-08-20 16:45:29', NULL, 1, NULL, 2);
INSERT INTO `t_oms_item` VALUES (3145, '商品115', '1296367656127041569', 100000, NULL, '1', '2020-08-20 16:45:29', NULL, 1, NULL, 2);
INSERT INTO `t_oms_item` VALUES (3146, '商品116', '1296367656127041570', 100000, NULL, '1', '2020-08-20 16:45:29', NULL, 1, NULL, 2);
INSERT INTO `t_oms_item` VALUES (3147, '商品117', '1296367656127041571', 100000, NULL, '1', '2020-08-20 16:45:29', NULL, 1, NULL, 2);
INSERT INTO `t_oms_item` VALUES (3148, '商品118', '1296367656127041572', 100000, NULL, '1', '2020-08-20 16:45:29', NULL, 1, NULL, 2);
INSERT INTO `t_oms_item` VALUES (3149, '商品119', '1296367656127041573', 100000, NULL, '1', '2020-08-20 16:45:29', NULL, 1, NULL, 2);
INSERT INTO `t_oms_item` VALUES (3150, '商品120', '1296367656127041574', 100000, NULL, '1', '2020-08-20 16:45:29', NULL, 1, NULL, 2);
INSERT INTO `t_oms_item` VALUES (3151, '商品121', '1296367656127041575', 100000, NULL, '1', '2020-08-20 16:45:29', NULL, 1, NULL, 2);
INSERT INTO `t_oms_item` VALUES (3152, '商品122', '1296367656127041576', 100000, NULL, '1', '2020-08-20 16:45:29', NULL, 1, NULL, 2);
INSERT INTO `t_oms_item` VALUES (3153, '商品123', '1296367656127041577', 100000, NULL, '1', '2020-08-20 16:45:29', NULL, 1, NULL, 2);
INSERT INTO `t_oms_item` VALUES (3154, '商品124', '1296367656127041578', 100000, NULL, '1', '2020-08-20 16:45:29', NULL, 1, NULL, 2);
INSERT INTO `t_oms_item` VALUES (3155, '商品125', '1296367656127041579', 100000, NULL, '1', '2020-08-20 16:45:29', NULL, 1, NULL, 2);
INSERT INTO `t_oms_item` VALUES (3156, '商品126', '1296367656127041580', 100000, NULL, '1', '2020-08-20 16:45:29', NULL, 1, NULL, 2);
INSERT INTO `t_oms_item` VALUES (3157, '商品127', '1296367656127041581', 100000, NULL, '1', '2020-08-20 16:45:29', NULL, 1, NULL, 2);
INSERT INTO `t_oms_item` VALUES (3158, '商品128', '1296367656127041582', 100000, NULL, '1', '2020-08-20 16:45:29', NULL, 1, NULL, 2);
INSERT INTO `t_oms_item` VALUES (3159, '商品129', '1296367656127041583', 100000, NULL, '1', '2020-08-20 16:45:29', NULL, 1, NULL, 2);
INSERT INTO `t_oms_item` VALUES (3160, '商品130', '1296367656127041584', 100000, NULL, '1', '2020-08-20 16:45:29', NULL, 1, NULL, 2);
INSERT INTO `t_oms_item` VALUES (3161, '商品131', '1296367656127041585', 100000, NULL, '1', '2020-08-20 16:45:29', NULL, 1, NULL, 2);
INSERT INTO `t_oms_item` VALUES (3162, '商品132', '1296367656127041586', 100000, NULL, '1', '2020-08-20 16:45:29', NULL, 1, NULL, 2);
INSERT INTO `t_oms_item` VALUES (3163, '商品133', '1296367656127041587', 100000, NULL, '1', '2020-08-20 16:45:29', NULL, 1, NULL, 2);
INSERT INTO `t_oms_item` VALUES (3164, '商品134', '1296367656127041588', 100000, NULL, '1', '2020-08-20 16:45:29', NULL, 1, NULL, 2);
INSERT INTO `t_oms_item` VALUES (3165, '商品135', '1296367656127041589', 100000, NULL, '1', '2020-08-20 16:45:29', NULL, 1, NULL, 2);
INSERT INTO `t_oms_item` VALUES (3166, '商品136', '1296367656127041590', 100000, NULL, '1', '2020-08-20 16:45:29', NULL, 1, NULL, 2);
INSERT INTO `t_oms_item` VALUES (3167, '商品137', '1296367656127041591', 100000, NULL, '1', '2020-08-20 16:45:29', NULL, 1, NULL, 2);
INSERT INTO `t_oms_item` VALUES (3168, '商品138', '1296367656127041592', 100000, NULL, '1', '2020-08-20 16:45:29', NULL, 1, NULL, 2);
INSERT INTO `t_oms_item` VALUES (3169, '商品139', '1296367656127041593', 100000, NULL, '1', '2020-08-20 16:45:29', NULL, 1, NULL, 2);
INSERT INTO `t_oms_item` VALUES (3170, '商品140', '1296367656127041594', 100000, NULL, '1', '2020-08-20 16:45:29', NULL, 1, NULL, 2);
INSERT INTO `t_oms_item` VALUES (3171, '商品141', '1296367656127041595', 100000, NULL, '1', '2020-08-20 16:45:29', NULL, 1, NULL, 2);
INSERT INTO `t_oms_item` VALUES (3172, '商品142', '1296367656127041596', 100000, NULL, '1', '2020-08-20 16:45:29', NULL, 1, NULL, 2);
INSERT INTO `t_oms_item` VALUES (3173, '商品143', '1296367656127041597', 100000, NULL, '1', '2020-08-20 16:45:29', NULL, 1, NULL, 2);
INSERT INTO `t_oms_item` VALUES (3174, '商品144', '1296367656127041598', 100000, NULL, '1', '2020-08-20 16:45:29', NULL, 1, NULL, 2);
INSERT INTO `t_oms_item` VALUES (3175, '商品145', '1296367656127041599', 100000, NULL, '1', '2020-08-20 16:45:29', NULL, 1, NULL, 2);
INSERT INTO `t_oms_item` VALUES (3176, '商品146', '1296367656127041600', 100000, NULL, '1', '2020-08-20 16:45:29', NULL, 1, NULL, 2);
INSERT INTO `t_oms_item` VALUES (3177, '商品147', '1296367656127041601', 100000, NULL, '1', '2020-08-20 16:45:29', NULL, 1, NULL, 2);
INSERT INTO `t_oms_item` VALUES (3178, '商品148', '1296367656127041602', 100000, NULL, '1', '2020-08-20 16:45:29', NULL, 1, NULL, 2);
INSERT INTO `t_oms_item` VALUES (3179, '商品149', '1296367656127041603', 100000, NULL, '1', '2020-08-20 16:45:29', NULL, 1, NULL, 2);
INSERT INTO `t_oms_item` VALUES (3180, '商品150', '1296367656127041604', 100000, NULL, '1', '2020-08-20 16:45:29', NULL, 1, NULL, 2);
INSERT INTO `t_oms_item` VALUES (3181, '商品151', '1296367656127041605', 100000, NULL, '1', '2020-08-20 16:45:29', NULL, 1, NULL, 2);
INSERT INTO `t_oms_item` VALUES (3182, '商品152', '1296367656127041606', 100000, NULL, '1', '2020-08-20 16:45:29', NULL, 1, NULL, 2);
INSERT INTO `t_oms_item` VALUES (3183, '商品153', '1296367656127041607', 100000, NULL, '1', '2020-08-20 16:45:29', NULL, 1, NULL, 2);
INSERT INTO `t_oms_item` VALUES (3184, '商品154', '1296367656127041608', 100000, NULL, '1', '2020-08-20 16:45:29', NULL, 1, NULL, 2);
INSERT INTO `t_oms_item` VALUES (3185, '商品155', '1296367656127041609', 100000, NULL, '1', '2020-08-20 16:45:29', NULL, 1, NULL, 2);
INSERT INTO `t_oms_item` VALUES (3186, '商品156', '1296367656127041610', 100000, NULL, '1', '2020-08-20 16:45:29', NULL, 1, NULL, 2);
INSERT INTO `t_oms_item` VALUES (3187, '商品157', '1296367656127041611', 100000, NULL, '1', '2020-08-20 16:45:29', NULL, 1, NULL, 2);
INSERT INTO `t_oms_item` VALUES (3188, '商品158', '1296367656127041612', 100000, NULL, '1', '2020-08-20 16:45:29', NULL, 1, NULL, 2);
INSERT INTO `t_oms_item` VALUES (3189, '商品159', '1296367656131235840', 100000, NULL, '1', '2020-08-20 16:45:29', NULL, 1, NULL, 2);
INSERT INTO `t_oms_item` VALUES (3190, '商品160', '1296367656131235841', 100000, NULL, '1', '2020-08-20 16:45:29', NULL, 1, NULL, 2);
INSERT INTO `t_oms_item` VALUES (3191, '商品161', '1296367656131235842', 100000, NULL, '1', '2020-08-20 16:45:29', NULL, 1, NULL, 2);
INSERT INTO `t_oms_item` VALUES (3192, '商品162', '1296367656131235843', 100000, NULL, '1', '2020-08-20 16:45:29', NULL, 1, NULL, 2);
INSERT INTO `t_oms_item` VALUES (3193, '商品163', '1296367656131235844', 100000, NULL, '1', '2020-08-20 16:45:29', NULL, 1, NULL, 2);
INSERT INTO `t_oms_item` VALUES (3194, '商品164', '1296367656131235845', 100000, NULL, '1', '2020-08-20 16:45:29', NULL, 1, NULL, 2);
INSERT INTO `t_oms_item` VALUES (3195, '商品165', '1296367656131235846', 100000, NULL, '1', '2020-08-20 16:45:29', NULL, 1, NULL, 2);
INSERT INTO `t_oms_item` VALUES (3196, '商品166', '1296367656131235847', 100000, NULL, '1', '2020-08-20 16:45:29', NULL, 1, NULL, 2);
INSERT INTO `t_oms_item` VALUES (3197, '商品167', '1296367656131235848', 100000, NULL, '1', '2020-08-20 16:45:29', NULL, 1, NULL, 2);
INSERT INTO `t_oms_item` VALUES (3198, '商品168', '1296367656131235849', 100000, NULL, '1', '2020-08-20 16:45:29', NULL, 1, NULL, 2);
INSERT INTO `t_oms_item` VALUES (3199, '商品169', '1296367656131235850', 100000, NULL, '1', '2020-08-20 16:45:29', NULL, 1, NULL, 2);
INSERT INTO `t_oms_item` VALUES (3200, '商品170', '1296367656131235851', 100000, NULL, '1', '2020-08-20 16:45:29', NULL, 1, NULL, 2);
INSERT INTO `t_oms_item` VALUES (3201, '商品171', '1296367656131235852', 100000, NULL, '1', '2020-08-20 16:45:29', NULL, 1, NULL, 2);
INSERT INTO `t_oms_item` VALUES (3202, '商品172', '1296367656131235853', 100000, NULL, '1', '2020-08-20 16:45:29', NULL, 1, NULL, 2);
INSERT INTO `t_oms_item` VALUES (3203, '商品173', '1296367656131235854', 100000, NULL, '1', '2020-08-20 16:45:29', NULL, 1, NULL, 2);
INSERT INTO `t_oms_item` VALUES (3204, '商品174', '1296367656131235855', 100000, NULL, '1', '2020-08-20 16:45:29', NULL, 1, NULL, 2);
INSERT INTO `t_oms_item` VALUES (3205, '商品175', '1296367656131235856', 100000, NULL, '1', '2020-08-20 16:45:29', NULL, 1, NULL, 2);
INSERT INTO `t_oms_item` VALUES (3206, '商品176', '1296367656131235857', 100000, NULL, '1', '2020-08-20 16:45:29', NULL, 1, NULL, 2);
INSERT INTO `t_oms_item` VALUES (3207, '商品177', '1296367656131235858', 100000, NULL, '1', '2020-08-20 16:45:29', NULL, 1, NULL, 2);
INSERT INTO `t_oms_item` VALUES (3208, '商品178', '1296367656131235859', 100000, NULL, '1', '2020-08-20 16:45:29', NULL, 1, NULL, 2);
INSERT INTO `t_oms_item` VALUES (3209, '商品179', '1296367656131235860', 100000, NULL, '1', '2020-08-20 16:45:29', NULL, 1, NULL, 2);
INSERT INTO `t_oms_item` VALUES (3210, '商品180', '1296367656131235861', 100000, NULL, '1', '2020-08-20 16:45:29', NULL, 1, NULL, 2);
INSERT INTO `t_oms_item` VALUES (3211, '商品181', '1296367656131235862', 100000, NULL, '1', '2020-08-20 16:45:29', NULL, 1, NULL, 2);
INSERT INTO `t_oms_item` VALUES (3212, '商品182', '1296367656131235863', 100000, NULL, '1', '2020-08-20 16:45:29', NULL, 1, NULL, 2);
INSERT INTO `t_oms_item` VALUES (3213, '商品183', '1296367656131235864', 100000, NULL, '1', '2020-08-20 16:45:29', NULL, 1, NULL, 2);
INSERT INTO `t_oms_item` VALUES (3214, '商品184', '1296367656131235865', 100000, NULL, '1', '2020-08-20 16:45:29', NULL, 1, NULL, 2);
INSERT INTO `t_oms_item` VALUES (3215, '商品185', '1296367656131235866', 100000, NULL, '1', '2020-08-20 16:45:29', NULL, 1, NULL, 2);
INSERT INTO `t_oms_item` VALUES (3216, '商品186', '1296367656131235867', 100000, NULL, '1', '2020-08-20 16:45:29', NULL, 1, NULL, 2);
INSERT INTO `t_oms_item` VALUES (3217, '商品187', '1296367656131235868', 100000, NULL, '1', '2020-08-20 16:45:29', NULL, 1, NULL, 2);
INSERT INTO `t_oms_item` VALUES (3218, '商品188', '1296367656131235869', 100000, NULL, '1', '2020-08-20 16:45:29', NULL, 1, NULL, 2);
INSERT INTO `t_oms_item` VALUES (3219, '商品189', '1296367656131235870', 100000, NULL, '1', '2020-08-20 16:45:29', NULL, 1, NULL, 2);
INSERT INTO `t_oms_item` VALUES (3220, '商品190', '1296367656131235871', 100000, NULL, '1', '2020-08-20 16:45:29', NULL, 1, NULL, 2);
INSERT INTO `t_oms_item` VALUES (3221, '商品191', '1296367656131235872', 100000, NULL, '1', '2020-08-20 16:45:29', NULL, 1, NULL, 2);
INSERT INTO `t_oms_item` VALUES (3222, '商品192', '1296367656131235873', 100000, NULL, '1', '2020-08-20 16:45:29', NULL, 1, NULL, 2);
INSERT INTO `t_oms_item` VALUES (3223, '商品193', '1296367656131235874', 100000, NULL, '1', '2020-08-20 16:45:29', NULL, 1, NULL, 2);
INSERT INTO `t_oms_item` VALUES (3224, '商品194', '1296367656131235875', 100000, NULL, '1', '2020-08-20 16:45:29', NULL, 1, NULL, 2);
INSERT INTO `t_oms_item` VALUES (3225, '商品195', '1296367656131235876', 100000, NULL, '1', '2020-08-20 16:45:29', NULL, 1, NULL, 2);
INSERT INTO `t_oms_item` VALUES (3226, '商品196', '1296367656131235877', 100000, NULL, '1', '2020-08-20 16:45:29', NULL, 1, NULL, 2);
INSERT INTO `t_oms_item` VALUES (3227, '商品197', '1296367656131235878', 100000, NULL, '1', '2020-08-20 16:45:29', NULL, 1, NULL, 2);
INSERT INTO `t_oms_item` VALUES (3228, '商品198', '1296367656131235879', 100000, NULL, '1', '2020-08-20 16:45:29', NULL, 1, NULL, 2);
INSERT INTO `t_oms_item` VALUES (3229, '商品199', '1296367656131235880', 100000, NULL, '1', '2020-08-20 16:45:29', NULL, 1, NULL, 2);
INSERT INTO `t_oms_item` VALUES (3230, '商品200', '1296367656131235881', 100000, NULL, '1', '2020-08-20 16:45:29', NULL, 1, NULL, 2);
INSERT INTO `t_oms_item` VALUES (3231, '商品201', '1296367656131235882', 100000, NULL, '1', '2020-08-20 16:45:29', NULL, 1, NULL, 2);
INSERT INTO `t_oms_item` VALUES (3232, '商品202', '1296367656131235883', 100000, NULL, '1', '2020-08-20 16:45:29', NULL, 1, NULL, 2);
INSERT INTO `t_oms_item` VALUES (3233, '商品203', '1296367656131235884', 100000, NULL, '1', '2020-08-20 16:45:29', NULL, 1, NULL, 2);
INSERT INTO `t_oms_item` VALUES (3234, '商品204', '1296367656131235885', 100000, NULL, '1', '2020-08-20 16:45:29', NULL, 1, NULL, 2);
INSERT INTO `t_oms_item` VALUES (3235, '商品205', '1296367656131235886', 100000, NULL, '1', '2020-08-20 16:45:29', NULL, 1, NULL, 2);
INSERT INTO `t_oms_item` VALUES (3236, '商品206', '1296367656131235887', 100000, NULL, '1', '2020-08-20 16:45:29', NULL, 1, NULL, 2);
INSERT INTO `t_oms_item` VALUES (3237, '商品207', '1296367656131235888', 100000, NULL, '1', '2020-08-20 16:45:29', NULL, 1, NULL, 2);
INSERT INTO `t_oms_item` VALUES (3238, '商品208', '1296367656131235889', 100000, NULL, '1', '2020-08-20 16:45:29', NULL, 1, NULL, 2);
INSERT INTO `t_oms_item` VALUES (3239, '商品209', '1296367656131235890', 100000, NULL, '1', '2020-08-20 16:45:29', NULL, 1, NULL, 2);
INSERT INTO `t_oms_item` VALUES (3240, '商品210', '1296367656131235891', 100000, NULL, '1', '2020-08-20 16:45:29', NULL, 1, NULL, 2);
INSERT INTO `t_oms_item` VALUES (3241, '商品211', '1296367656131235892', 100000, NULL, '1', '2020-08-20 16:45:29', NULL, 1, NULL, 2);
INSERT INTO `t_oms_item` VALUES (3242, '商品212', '1296367656131235893', 100000, NULL, '1', '2020-08-20 16:45:29', NULL, 1, NULL, 2);
INSERT INTO `t_oms_item` VALUES (3243, '商品213', '1296367656131235894', 100000, NULL, '1', '2020-08-20 16:45:29', NULL, 1, NULL, 2);
INSERT INTO `t_oms_item` VALUES (3244, '商品214', '1296367656131235895', 100000, NULL, '1', '2020-08-20 16:45:29', NULL, 1, NULL, 2);
INSERT INTO `t_oms_item` VALUES (3245, '商品215', '1296367656131235896', 100000, NULL, '1', '2020-08-20 16:45:29', NULL, 1, NULL, 2);
INSERT INTO `t_oms_item` VALUES (3246, '商品216', '1296367656131235897', 100000, NULL, '1', '2020-08-20 16:45:29', NULL, 1, NULL, 2);
INSERT INTO `t_oms_item` VALUES (3247, '商品217', '1296367656131235898', 100000, NULL, '1', '2020-08-20 16:45:29', NULL, 1, NULL, 2);
INSERT INTO `t_oms_item` VALUES (3248, '商品218', '1296367656131235899', 100000, NULL, '1', '2020-08-20 16:45:29', NULL, 1, NULL, 2);
INSERT INTO `t_oms_item` VALUES (3249, '商品219', '1296367656131235900', 100000, NULL, '1', '2020-08-20 16:45:29', NULL, 1, NULL, 2);
INSERT INTO `t_oms_item` VALUES (3250, '商品220', '1296367656131235901', 100000, NULL, '1', '2020-08-20 16:45:29', NULL, 1, NULL, 2);
INSERT INTO `t_oms_item` VALUES (3251, '商品221', '1296367656131235902', 100000, NULL, '1', '2020-08-20 16:45:29', NULL, 1, NULL, 2);
INSERT INTO `t_oms_item` VALUES (3252, '商品222', '1296367656131235903', 100000, NULL, '1', '2020-08-20 16:45:29', NULL, 1, NULL, 2);
INSERT INTO `t_oms_item` VALUES (3253, '商品223', '1296367656131235904', 100000, NULL, '1', '2020-08-20 16:45:29', NULL, 1, NULL, 2);
INSERT INTO `t_oms_item` VALUES (3254, '商品224', '1296367656131235905', 100000, NULL, '1', '2020-08-20 16:45:29', NULL, 1, NULL, 2);
INSERT INTO `t_oms_item` VALUES (3255, '商品225', '1296367656131235906', 100000, NULL, '1', '2020-08-20 16:45:29', NULL, 1, NULL, 2);
INSERT INTO `t_oms_item` VALUES (3256, '商品226', '1296367656131235907', 100000, NULL, '1', '2020-08-20 16:45:29', NULL, 1, NULL, 2);
INSERT INTO `t_oms_item` VALUES (3257, '商品227', '1296367656131235908', 100000, NULL, '1', '2020-08-20 16:45:29', NULL, 1, NULL, 2);
INSERT INTO `t_oms_item` VALUES (3258, '商品228', '1296367656131235909', 100000, NULL, '1', '2020-08-20 16:45:29', NULL, 1, NULL, 2);
INSERT INTO `t_oms_item` VALUES (3259, '商品229', '1296367656131235910', 100000, NULL, '1', '2020-08-20 16:45:29', NULL, 1, NULL, 2);
INSERT INTO `t_oms_item` VALUES (3260, '商品230', '1296367656131235911', 100000, NULL, '1', '2020-08-20 16:45:29', NULL, 1, NULL, 2);
INSERT INTO `t_oms_item` VALUES (3261, '商品231', '1296367656131235912', 100000, NULL, '1', '2020-08-20 16:45:29', NULL, 1, NULL, 2);
INSERT INTO `t_oms_item` VALUES (3262, '商品232', '1296367656131235913', 100000, NULL, '1', '2020-08-20 16:45:29', NULL, 1, NULL, 2);
INSERT INTO `t_oms_item` VALUES (3263, '商品233', '1296367656131235914', 100000, NULL, '1', '2020-08-20 16:45:29', NULL, 1, NULL, 2);
INSERT INTO `t_oms_item` VALUES (3264, '商品234', '1296367656131235915', 100000, NULL, '1', '2020-08-20 16:45:29', NULL, 1, NULL, 2);
INSERT INTO `t_oms_item` VALUES (3265, '商品235', '1296367656131235916', 100000, NULL, '1', '2020-08-20 16:45:29', NULL, 1, NULL, 2);
INSERT INTO `t_oms_item` VALUES (3266, '商品236', '1296367656131235917', 100000, NULL, '1', '2020-08-20 16:45:29', NULL, 1, NULL, 2);
INSERT INTO `t_oms_item` VALUES (3267, '商品237', '1296367656131235918', 100000, NULL, '1', '2020-08-20 16:45:29', NULL, 1, NULL, 2);
INSERT INTO `t_oms_item` VALUES (3268, '商品238', '1296367656131235919', 100000, NULL, '1', '2020-08-20 16:45:29', NULL, 1, NULL, 2);
INSERT INTO `t_oms_item` VALUES (3269, '商品239', '1296367656131235920', 100000, NULL, '1', '2020-08-20 16:45:29', NULL, 1, NULL, 2);
INSERT INTO `t_oms_item` VALUES (3270, '商品240', '1296367656131235921', 100000, NULL, '1', '2020-08-20 16:45:29', NULL, 1, NULL, 2);
INSERT INTO `t_oms_item` VALUES (3271, '商品241', '1296367656131235922', 100000, NULL, '1', '2020-08-20 16:45:29', NULL, 1, NULL, 2);
INSERT INTO `t_oms_item` VALUES (3272, '商品242', '1296367656131235923', 100000, NULL, '1', '2020-08-20 16:45:29', NULL, 1, NULL, 2);
INSERT INTO `t_oms_item` VALUES (3273, '商品243', '1296367656131235924', 100000, NULL, '1', '2020-08-20 16:45:29', NULL, 1, NULL, 2);
INSERT INTO `t_oms_item` VALUES (3274, '商品244', '1296367656131235925', 100000, NULL, '1', '2020-08-20 16:45:29', NULL, 1, NULL, 2);
INSERT INTO `t_oms_item` VALUES (3275, '商品245', '1296367656131235926', 100000, NULL, '1', '2020-08-20 16:45:29', NULL, 1, NULL, 2);
INSERT INTO `t_oms_item` VALUES (3276, '商品246', '1296367656131235927', 100000, NULL, '1', '2020-08-20 16:45:29', NULL, 1, NULL, 2);
INSERT INTO `t_oms_item` VALUES (3277, '商品247', '1296367656131235928', 100000, NULL, '1', '2020-08-20 16:45:29', NULL, 1, NULL, 2);
INSERT INTO `t_oms_item` VALUES (3278, '商品248', '1296367656131235929', 100000, NULL, '1', '2020-08-20 16:45:29', NULL, 1, NULL, 2);
INSERT INTO `t_oms_item` VALUES (3279, '商品249', '1296367656131235930', 100000, NULL, '1', '2020-08-20 16:45:29', NULL, 1, NULL, 2);
INSERT INTO `t_oms_item` VALUES (3280, '商品250', '1296367656131235931', 100000, NULL, '1', '2020-08-20 16:45:29', NULL, 1, NULL, 2);
INSERT INTO `t_oms_item` VALUES (3281, '商品251', '1296367656131235932', 100000, NULL, '1', '2020-08-20 16:45:29', NULL, 1, NULL, 2);
INSERT INTO `t_oms_item` VALUES (3282, '商品252', '1296367656135430144', 100000, NULL, '1', '2020-08-20 16:45:29', NULL, 1, NULL, 2);
INSERT INTO `t_oms_item` VALUES (3283, '商品253', '1296367656135430145', 100000, NULL, '1', '2020-08-20 16:45:29', NULL, 1, NULL, 2);
INSERT INTO `t_oms_item` VALUES (3284, '商品254', '1296367656135430146', 100000, NULL, '1', '2020-08-20 16:45:29', NULL, 1, NULL, 2);
INSERT INTO `t_oms_item` VALUES (3285, '商品255', '1296367656135430147', 100000, NULL, '1', '2020-08-20 16:45:29', NULL, 1, NULL, 2);
INSERT INTO `t_oms_item` VALUES (3286, '商品256', '1296367656135430148', 100000, NULL, '1', '2020-08-20 16:45:29', NULL, 1, NULL, 2);
INSERT INTO `t_oms_item` VALUES (3287, '商品257', '1296367656135430149', 100000, NULL, '1', '2020-08-20 16:45:29', NULL, 1, NULL, 2);
INSERT INTO `t_oms_item` VALUES (3288, '商品258', '1296367656135430150', 100000, NULL, '1', '2020-08-20 16:45:29', NULL, 1, NULL, 2);
INSERT INTO `t_oms_item` VALUES (3289, '商品259', '1296367656135430151', 100000, NULL, '1', '2020-08-20 16:45:29', NULL, 1, NULL, 2);
INSERT INTO `t_oms_item` VALUES (3290, '商品260', '1296367656135430152', 100000, NULL, '1', '2020-08-20 16:45:29', NULL, 1, NULL, 2);
INSERT INTO `t_oms_item` VALUES (3291, '商品261', '1296367656135430153', 100000, NULL, '1', '2020-08-20 16:45:29', NULL, 1, NULL, 2);
INSERT INTO `t_oms_item` VALUES (3292, '商品262', '1296367656135430154', 100000, NULL, '1', '2020-08-20 16:45:29', NULL, 1, NULL, 2);
INSERT INTO `t_oms_item` VALUES (3293, '商品263', '1296367656135430155', 100000, NULL, '1', '2020-08-20 16:45:29', NULL, 1, NULL, 2);
INSERT INTO `t_oms_item` VALUES (3294, '商品264', '1296367656135430156', 100000, NULL, '1', '2020-08-20 16:45:29', NULL, 1, NULL, 2);
INSERT INTO `t_oms_item` VALUES (3295, '商品265', '1296367656135430157', 100000, NULL, '1', '2020-08-20 16:45:29', NULL, 1, NULL, 2);
INSERT INTO `t_oms_item` VALUES (3296, '商品266', '1296367656135430158', 100000, NULL, '1', '2020-08-20 16:45:29', NULL, 1, NULL, 2);
INSERT INTO `t_oms_item` VALUES (3297, '商品267', '1296367656135430159', 100000, NULL, '1', '2020-08-20 16:45:29', NULL, 1, NULL, 2);
INSERT INTO `t_oms_item` VALUES (3298, '商品268', '1296367656135430160', 100000, NULL, '1', '2020-08-20 16:45:29', NULL, 1, NULL, 2);
INSERT INTO `t_oms_item` VALUES (3299, '商品269', '1296367656135430161', 100000, NULL, '1', '2020-08-20 16:45:29', NULL, 1, NULL, 2);
INSERT INTO `t_oms_item` VALUES (3300, '商品270', '1296367656135430162', 100000, NULL, '1', '2020-08-20 16:45:29', NULL, 1, NULL, 2);
INSERT INTO `t_oms_item` VALUES (3301, '商品271', '1296367656135430163', 100000, NULL, '1', '2020-08-20 16:45:29', NULL, 1, NULL, 2);
INSERT INTO `t_oms_item` VALUES (3302, '商品272', '1296367656135430164', 100000, NULL, '1', '2020-08-20 16:45:29', NULL, 1, NULL, 2);
INSERT INTO `t_oms_item` VALUES (3303, '商品273', '1296367656135430165', 100000, NULL, '1', '2020-08-20 16:45:29', NULL, 1, NULL, 2);
INSERT INTO `t_oms_item` VALUES (3304, '商品274', '1296367656135430166', 100000, NULL, '1', '2020-08-20 16:45:29', NULL, 1, NULL, 2);
INSERT INTO `t_oms_item` VALUES (3305, '商品275', '1296367656135430167', 100000, NULL, '1', '2020-08-20 16:45:29', NULL, 1, NULL, 2);
INSERT INTO `t_oms_item` VALUES (3306, '商品276', '1296367656135430168', 100000, NULL, '1', '2020-08-20 16:45:29', NULL, 1, NULL, 2);
INSERT INTO `t_oms_item` VALUES (3307, '商品277', '1296367656135430169', 100000, NULL, '1', '2020-08-20 16:45:29', NULL, 1, NULL, 2);
INSERT INTO `t_oms_item` VALUES (3308, '商品278', '1296367656135430170', 100000, NULL, '1', '2020-08-20 16:45:29', NULL, 1, NULL, 2);
INSERT INTO `t_oms_item` VALUES (3309, '商品279', '1296367656135430171', 100000, NULL, '1', '2020-08-20 16:45:29', NULL, 1, NULL, 2);
INSERT INTO `t_oms_item` VALUES (3310, '商品280', '1296367656135430172', 100000, NULL, '1', '2020-08-20 16:45:29', NULL, 1, NULL, 2);
INSERT INTO `t_oms_item` VALUES (3311, '商品281', '1296367656135430173', 100000, NULL, '1', '2020-08-20 16:45:29', NULL, 1, NULL, 2);
INSERT INTO `t_oms_item` VALUES (3312, '商品282', '1296367656135430174', 100000, NULL, '1', '2020-08-20 16:45:29', NULL, 1, NULL, 2);
INSERT INTO `t_oms_item` VALUES (3313, '商品283', '1296367656135430175', 100000, NULL, '1', '2020-08-20 16:45:29', NULL, 1, NULL, 2);
INSERT INTO `t_oms_item` VALUES (3314, '商品284', '1296367656135430176', 100000, NULL, '1', '2020-08-20 16:45:29', NULL, 1, NULL, 2);
INSERT INTO `t_oms_item` VALUES (3315, '商品285', '1296367656135430177', 100000, NULL, '1', '2020-08-20 16:45:29', NULL, 1, NULL, 2);
INSERT INTO `t_oms_item` VALUES (3316, '商品286', '1296367656135430178', 100000, NULL, '1', '2020-08-20 16:45:29', NULL, 1, NULL, 2);
INSERT INTO `t_oms_item` VALUES (3317, '商品287', '1296367656135430179', 100000, NULL, '1', '2020-08-20 16:45:29', NULL, 1, NULL, 2);
INSERT INTO `t_oms_item` VALUES (3318, '商品288', '1296367656135430180', 100000, NULL, '1', '2020-08-20 16:45:29', NULL, 1, NULL, 2);
INSERT INTO `t_oms_item` VALUES (3319, '商品289', '1296367656135430181', 100000, NULL, '1', '2020-08-20 16:45:29', NULL, 1, NULL, 2);
INSERT INTO `t_oms_item` VALUES (3320, '商品290', '1296367656135430182', 100000, NULL, '1', '2020-08-20 16:45:29', NULL, 1, NULL, 2);
INSERT INTO `t_oms_item` VALUES (3321, '商品291', '1296367656135430183', 100000, NULL, '1', '2020-08-20 16:45:29', NULL, 1, NULL, 2);
INSERT INTO `t_oms_item` VALUES (3322, '商品292', '1296367656135430184', 100000, NULL, '1', '2020-08-20 16:45:29', NULL, 1, NULL, 2);
INSERT INTO `t_oms_item` VALUES (3323, '商品293', '1296367656135430185', 100000, NULL, '1', '2020-08-20 16:45:29', NULL, 1, NULL, 2);
INSERT INTO `t_oms_item` VALUES (3324, '商品294', '1296367656135430186', 100000, NULL, '1', '2020-08-20 16:45:29', NULL, 1, NULL, 2);
INSERT INTO `t_oms_item` VALUES (3325, '商品295', '1296367656135430187', 100000, NULL, '1', '2020-08-20 16:45:29', NULL, 1, NULL, 2);
INSERT INTO `t_oms_item` VALUES (3326, '商品296', '1296367656135430188', 100000, NULL, '1', '2020-08-20 16:45:29', NULL, 1, NULL, 2);
INSERT INTO `t_oms_item` VALUES (3327, '商品297', '1296367656135430189', 100000, NULL, '1', '2020-08-20 16:45:29', NULL, 1, NULL, 2);
INSERT INTO `t_oms_item` VALUES (3328, '商品298', '1296367656135430190', 100000, NULL, '1', '2020-08-20 16:45:29', NULL, 1, NULL, 2);
INSERT INTO `t_oms_item` VALUES (3329, '商品299', '1296367656135430191', 100000, NULL, '1', '2020-08-20 16:45:29', NULL, 1, NULL, 2);
INSERT INTO `t_oms_item` VALUES (3330, '商品300', '1296367656135430192', 100000, NULL, '1', '2020-08-20 16:45:29', NULL, 1, NULL, 2);
INSERT INTO `t_oms_item` VALUES (3331, '商品301', '1296367656135430193', 100000, NULL, '1', '2020-08-20 16:45:29', NULL, 1, NULL, 2);
INSERT INTO `t_oms_item` VALUES (3332, '商品302', '1296367656135430194', 100000, NULL, '1', '2020-08-20 16:45:29', NULL, 1, NULL, 2);
INSERT INTO `t_oms_item` VALUES (3333, '商品303', '1296367656135430195', 100000, NULL, '1', '2020-08-20 16:45:29', NULL, 1, NULL, 2);
INSERT INTO `t_oms_item` VALUES (3334, '商品304', '1296367656135430196', 100000, NULL, '1', '2020-08-20 16:45:29', NULL, 1, NULL, 2);
INSERT INTO `t_oms_item` VALUES (3335, '商品305', '1296367656135430197', 100000, NULL, '1', '2020-08-20 16:45:29', NULL, 1, NULL, 2);
INSERT INTO `t_oms_item` VALUES (3336, '商品306', '1296367656135430198', 100000, NULL, '1', '2020-08-20 16:45:29', NULL, 1, NULL, 2);
INSERT INTO `t_oms_item` VALUES (3337, '商品307', '1296367656135430199', 100000, NULL, '1', '2020-08-20 16:45:29', NULL, 1, NULL, 2);
INSERT INTO `t_oms_item` VALUES (3338, '商品308', '1296367656135430200', 100000, NULL, '1', '2020-08-20 16:45:29', NULL, 1, NULL, 2);
INSERT INTO `t_oms_item` VALUES (3339, '商品309', '1296367656135430201', 100000, NULL, '1', '2020-08-20 16:45:29', NULL, 1, NULL, 2);
INSERT INTO `t_oms_item` VALUES (3340, '商品310', '1296367656135430202', 100000, NULL, '1', '2020-08-20 16:45:29', NULL, 1, NULL, 2);
INSERT INTO `t_oms_item` VALUES (3341, '商品311', '1296367656135430203', 100000, NULL, '1', '2020-08-20 16:45:29', NULL, 1, NULL, 2);
INSERT INTO `t_oms_item` VALUES (3342, '商品312', '1296367656135430204', 100000, NULL, '1', '2020-08-20 16:45:29', NULL, 1, NULL, 2);
INSERT INTO `t_oms_item` VALUES (3343, '商品313', '1296367656135430205', 100000, NULL, '1', '2020-08-20 16:45:29', NULL, 1, NULL, 2);
INSERT INTO `t_oms_item` VALUES (3344, '商品314', '1296367656135430206', 100000, NULL, '1', '2020-08-20 16:45:29', NULL, 1, NULL, 2);
INSERT INTO `t_oms_item` VALUES (3345, '商品315', '1296367656135430207', 100000, NULL, '1', '2020-08-20 16:45:29', NULL, 1, NULL, 2);
INSERT INTO `t_oms_item` VALUES (3346, '商品316', '1296367656135430208', 100000, NULL, '1', '2020-08-20 16:45:29', NULL, 1, NULL, 2);
INSERT INTO `t_oms_item` VALUES (3347, '商品317', '1296367656135430209', 100000, NULL, '1', '2020-08-20 16:45:29', NULL, 1, NULL, 2);
INSERT INTO `t_oms_item` VALUES (3348, '商品318', '1296367656135430210', 100000, NULL, '1', '2020-08-20 16:45:29', NULL, 1, NULL, 2);
INSERT INTO `t_oms_item` VALUES (3349, '商品319', '1296367656135430211', 100000, NULL, '1', '2020-08-20 16:45:29', NULL, 1, NULL, 2);
INSERT INTO `t_oms_item` VALUES (3350, '商品320', '1296367656135430212', 100000, NULL, '1', '2020-08-20 16:45:29', NULL, 1, NULL, 2);
INSERT INTO `t_oms_item` VALUES (3351, '商品321', '1296367656135430213', 100000, NULL, '1', '2020-08-20 16:45:29', NULL, 1, NULL, 2);
INSERT INTO `t_oms_item` VALUES (3352, '商品322', '1296367656135430214', 100000, NULL, '1', '2020-08-20 16:45:29', NULL, 1, NULL, 2);
INSERT INTO `t_oms_item` VALUES (3353, '商品323', '1296367656135430215', 100000, NULL, '1', '2020-08-20 16:45:29', NULL, 1, NULL, 2);
INSERT INTO `t_oms_item` VALUES (3354, '商品324', '1296367656135430216', 100000, NULL, '1', '2020-08-20 16:45:29', NULL, 1, NULL, 2);
INSERT INTO `t_oms_item` VALUES (3355, '商品325', '1296367656135430217', 100000, NULL, '1', '2020-08-20 16:45:29', NULL, 1, NULL, 2);
INSERT INTO `t_oms_item` VALUES (3356, '商品326', '1296367656135430218', 100000, NULL, '1', '2020-08-20 16:45:29', NULL, 1, NULL, 2);
INSERT INTO `t_oms_item` VALUES (3357, '商品327', '1296367656135430219', 100000, NULL, '1', '2020-08-20 16:45:29', NULL, 1, NULL, 2);
INSERT INTO `t_oms_item` VALUES (3358, '商品328', '1296367656135430220', 100000, NULL, '1', '2020-08-20 16:45:29', NULL, 1, NULL, 2);
INSERT INTO `t_oms_item` VALUES (3359, '商品329', '1296367656135430221', 100000, NULL, '1', '2020-08-20 16:45:29', NULL, 1, NULL, 2);
INSERT INTO `t_oms_item` VALUES (3360, '商品330', '1296367656139624448', 100000, NULL, '1', '2020-08-20 16:45:29', NULL, 1, NULL, 2);
INSERT INTO `t_oms_item` VALUES (3361, '商品331', '1296367656139624449', 100000, NULL, '1', '2020-08-20 16:45:29', NULL, 1, NULL, 2);
INSERT INTO `t_oms_item` VALUES (3362, '商品332', '1296367656139624450', 100000, NULL, '1', '2020-08-20 16:45:29', NULL, 1, NULL, 2);
INSERT INTO `t_oms_item` VALUES (3363, '商品333', '1296367656139624451', 100000, NULL, '1', '2020-08-20 16:45:29', NULL, 1, NULL, 2);
INSERT INTO `t_oms_item` VALUES (3364, '商品334', '1296367656139624452', 100000, NULL, '1', '2020-08-20 16:45:29', NULL, 1, NULL, 2);
INSERT INTO `t_oms_item` VALUES (3365, '商品335', '1296367656139624453', 100000, NULL, '1', '2020-08-20 16:45:29', NULL, 1, NULL, 2);
INSERT INTO `t_oms_item` VALUES (3366, '商品336', '1296367656139624454', 100000, NULL, '1', '2020-08-20 16:45:29', NULL, 1, NULL, 2);
INSERT INTO `t_oms_item` VALUES (3367, '商品337', '1296367656139624455', 100000, NULL, '1', '2020-08-20 16:45:29', NULL, 1, NULL, 2);
INSERT INTO `t_oms_item` VALUES (3368, '商品338', '1296367656139624456', 100000, NULL, '1', '2020-08-20 16:45:29', NULL, 1, NULL, 2);
INSERT INTO `t_oms_item` VALUES (3369, '商品339', '1296367656139624457', 100000, NULL, '1', '2020-08-20 16:45:29', NULL, 1, NULL, 2);
INSERT INTO `t_oms_item` VALUES (3370, '商品340', '1296367656139624458', 100000, NULL, '1', '2020-08-20 16:45:29', NULL, 1, NULL, 2);
INSERT INTO `t_oms_item` VALUES (3371, '商品341', '1296367656139624459', 100000, NULL, '1', '2020-08-20 16:45:29', NULL, 1, NULL, 2);
INSERT INTO `t_oms_item` VALUES (3372, '商品342', '1296367656139624460', 100000, NULL, '1', '2020-08-20 16:45:29', NULL, 1, NULL, 2);
INSERT INTO `t_oms_item` VALUES (3373, '商品343', '1296367656139624461', 100000, NULL, '1', '2020-08-20 16:45:29', NULL, 1, NULL, 2);
INSERT INTO `t_oms_item` VALUES (3374, '商品344', '1296367656139624462', 100000, NULL, '1', '2020-08-20 16:45:29', NULL, 1, NULL, 2);
INSERT INTO `t_oms_item` VALUES (3375, '商品345', '1296367656139624463', 100000, NULL, '1', '2020-08-20 16:45:29', NULL, 1, NULL, 2);
INSERT INTO `t_oms_item` VALUES (3376, '商品346', '1296367656139624464', 100000, NULL, '1', '2020-08-20 16:45:29', NULL, 1, NULL, 2);
INSERT INTO `t_oms_item` VALUES (3377, '商品347', '1296367656139624465', 100000, NULL, '1', '2020-08-20 16:45:29', NULL, 1, NULL, 2);
INSERT INTO `t_oms_item` VALUES (3378, '商品348', '1296367656139624466', 100000, NULL, '1', '2020-08-20 16:45:29', NULL, 1, NULL, 2);
INSERT INTO `t_oms_item` VALUES (3379, '商品349', '1296367656139624467', 100000, NULL, '1', '2020-08-20 16:45:29', NULL, 1, NULL, 2);
INSERT INTO `t_oms_item` VALUES (3380, '商品350', '1296367656139624468', 100000, NULL, '1', '2020-08-20 16:45:29', NULL, 1, NULL, 2);
INSERT INTO `t_oms_item` VALUES (3381, '商品351', '1296367656139624469', 100000, NULL, '1', '2020-08-20 16:45:29', NULL, 1, NULL, 2);
INSERT INTO `t_oms_item` VALUES (3382, '商品352', '1296367656139624470', 100000, NULL, '1', '2020-08-20 16:45:29', NULL, 1, NULL, 2);
INSERT INTO `t_oms_item` VALUES (3383, '商品353', '1296367656139624471', 100000, NULL, '1', '2020-08-20 16:45:29', NULL, 1, NULL, 2);
INSERT INTO `t_oms_item` VALUES (3384, '商品354', '1296367656139624472', 100000, NULL, '1', '2020-08-20 16:45:29', NULL, 1, NULL, 2);
INSERT INTO `t_oms_item` VALUES (3385, '商品355', '1296367656139624473', 100000, NULL, '1', '2020-08-20 16:45:29', NULL, 1, NULL, 2);
INSERT INTO `t_oms_item` VALUES (3386, '商品356', '1296367656139624474', 100000, NULL, '1', '2020-08-20 16:45:29', NULL, 1, NULL, 2);
INSERT INTO `t_oms_item` VALUES (3387, '商品357', '1296367656139624475', 100000, NULL, '1', '2020-08-20 16:45:29', NULL, 1, NULL, 2);
INSERT INTO `t_oms_item` VALUES (3388, '商品358', '1296367656139624476', 100000, NULL, '1', '2020-08-20 16:45:29', NULL, 1, NULL, 2);
INSERT INTO `t_oms_item` VALUES (3389, '商品359', '1296367656139624477', 100000, NULL, '1', '2020-08-20 16:45:29', NULL, 1, NULL, 2);
INSERT INTO `t_oms_item` VALUES (3390, '商品360', '1296367656139624478', 100000, NULL, '1', '2020-08-20 16:45:29', NULL, 1, NULL, 2);
INSERT INTO `t_oms_item` VALUES (3391, '商品361', '1296367656139624479', 100000, NULL, '1', '2020-08-20 16:45:29', NULL, 1, NULL, 2);
INSERT INTO `t_oms_item` VALUES (3392, '商品362', '1296367656139624480', 100000, NULL, '1', '2020-08-20 16:45:29', NULL, 1, NULL, 2);
INSERT INTO `t_oms_item` VALUES (3393, '商品363', '1296367656139624481', 100000, NULL, '1', '2020-08-20 16:45:29', NULL, 1, NULL, 2);
INSERT INTO `t_oms_item` VALUES (3394, '商品364', '1296367656139624482', 100000, NULL, '1', '2020-08-20 16:45:29', NULL, 1, NULL, 2);
INSERT INTO `t_oms_item` VALUES (3395, '商品365', '1296367656139624483', 100000, NULL, '1', '2020-08-20 16:45:29', NULL, 1, NULL, 2);
INSERT INTO `t_oms_item` VALUES (3396, '商品366', '1296367656139624484', 100000, NULL, '1', '2020-08-20 16:45:29', NULL, 1, NULL, 2);
INSERT INTO `t_oms_item` VALUES (3397, '商品367', '1296367656139624485', 100000, NULL, '1', '2020-08-20 16:45:29', NULL, 1, NULL, 2);
INSERT INTO `t_oms_item` VALUES (3398, '商品368', '1296367656139624486', 100000, NULL, '1', '2020-08-20 16:45:29', NULL, 1, NULL, 2);
INSERT INTO `t_oms_item` VALUES (3399, '商品369', '1296367656139624487', 100000, NULL, '1', '2020-08-20 16:45:29', NULL, 1, NULL, 2);
INSERT INTO `t_oms_item` VALUES (3400, '商品370', '1296367656139624488', 100000, NULL, '1', '2020-08-20 16:45:29', NULL, 1, NULL, 2);
INSERT INTO `t_oms_item` VALUES (3401, '商品371', '1296367656139624489', 100000, NULL, '1', '2020-08-20 16:45:29', NULL, 1, NULL, 2);
INSERT INTO `t_oms_item` VALUES (3402, '商品372', '1296367656139624490', 100000, NULL, '1', '2020-08-20 16:45:29', NULL, 1, NULL, 2);
INSERT INTO `t_oms_item` VALUES (3403, '商品373', '1296367656139624491', 100000, NULL, '1', '2020-08-20 16:45:29', NULL, 1, NULL, 2);
INSERT INTO `t_oms_item` VALUES (3404, '商品374', '1296367656139624492', 100000, NULL, '1', '2020-08-20 16:45:29', NULL, 1, NULL, 2);
INSERT INTO `t_oms_item` VALUES (3405, '商品375', '1296367656139624493', 100000, NULL, '1', '2020-08-20 16:45:29', NULL, 1, NULL, 2);
INSERT INTO `t_oms_item` VALUES (3406, '商品376', '1296367656139624494', 100000, NULL, '1', '2020-08-20 16:45:29', NULL, 1, NULL, 2);
INSERT INTO `t_oms_item` VALUES (3407, '商品377', '1296367656139624495', 100000, NULL, '1', '2020-08-20 16:45:29', NULL, 1, NULL, 2);
INSERT INTO `t_oms_item` VALUES (3408, '商品378', '1296367656139624496', 100000, NULL, '1', '2020-08-20 16:45:29', NULL, 1, NULL, 2);
INSERT INTO `t_oms_item` VALUES (3409, '商品379', '1296367656139624497', 100000, NULL, '1', '2020-08-20 16:45:29', NULL, 1, NULL, 2);
INSERT INTO `t_oms_item` VALUES (3410, '商品380', '1296367656139624498', 100000, NULL, '1', '2020-08-20 16:45:29', NULL, 1, NULL, 2);
INSERT INTO `t_oms_item` VALUES (3411, '商品381', '1296367656139624499', 100000, NULL, '1', '2020-08-20 16:45:29', NULL, 1, NULL, 2);
INSERT INTO `t_oms_item` VALUES (3412, '商品382', '1296367656139624500', 100000, NULL, '1', '2020-08-20 16:45:29', NULL, 1, NULL, 2);
INSERT INTO `t_oms_item` VALUES (3413, '商品383', '1296367656139624501', 100000, NULL, '1', '2020-08-20 16:45:29', NULL, 1, NULL, 2);
INSERT INTO `t_oms_item` VALUES (3414, '商品384', '1296367656139624502', 100000, NULL, '1', '2020-08-20 16:45:29', NULL, 1, NULL, 2);
INSERT INTO `t_oms_item` VALUES (3415, '商品385', '1296367656139624503', 100000, NULL, '1', '2020-08-20 16:45:29', NULL, 1, NULL, 2);
INSERT INTO `t_oms_item` VALUES (3416, '商品386', '1296367656139624504', 100000, NULL, '1', '2020-08-20 16:45:29', NULL, 1, NULL, 2);
INSERT INTO `t_oms_item` VALUES (3417, '商品387', '1296367656139624505', 100000, NULL, '1', '2020-08-20 16:45:29', NULL, 1, NULL, 2);
INSERT INTO `t_oms_item` VALUES (3418, '商品388', '1296367656139624506', 100000, NULL, '1', '2020-08-20 16:45:29', NULL, 1, NULL, 2);
INSERT INTO `t_oms_item` VALUES (3419, '商品389', '1296367656139624507', 100000, NULL, '1', '2020-08-20 16:45:29', NULL, 1, NULL, 2);
INSERT INTO `t_oms_item` VALUES (3420, '商品390', '1296367656139624508', 100000, NULL, '1', '2020-08-20 16:45:29', NULL, 1, NULL, 2);
INSERT INTO `t_oms_item` VALUES (3421, '商品391', '1296367656139624509', 100000, NULL, '1', '2020-08-20 16:45:29', NULL, 1, NULL, 2);
INSERT INTO `t_oms_item` VALUES (3422, '商品392', '1296367656139624510', 100000, NULL, '1', '2020-08-20 16:45:29', NULL, 1, NULL, 2);
INSERT INTO `t_oms_item` VALUES (3423, '商品393', '1296367656139624511', 100000, NULL, '1', '2020-08-20 16:45:29', NULL, 1, NULL, 2);
INSERT INTO `t_oms_item` VALUES (3424, '商品394', '1296367656139624512', 100000, NULL, '1', '2020-08-20 16:45:29', NULL, 1, NULL, 2);
INSERT INTO `t_oms_item` VALUES (3425, '商品395', '1296367656139624513', 100000, NULL, '1', '2020-08-20 16:45:29', NULL, 1, NULL, 2);
INSERT INTO `t_oms_item` VALUES (3426, '商品396', '1296367656139624514', 100000, NULL, '1', '2020-08-20 16:45:29', NULL, 1, NULL, 2);
INSERT INTO `t_oms_item` VALUES (3427, '商品397', '1296367656139624515', 100000, NULL, '1', '2020-08-20 16:45:29', NULL, 1, NULL, 2);
INSERT INTO `t_oms_item` VALUES (3428, '商品398', '1296367656139624516', 100000, NULL, '1', '2020-08-20 16:45:29', NULL, 1, NULL, 2);
INSERT INTO `t_oms_item` VALUES (3429, '商品399', '1296367656139624517', 100000, NULL, '1', '2020-08-20 16:45:29', NULL, 1, NULL, 2);
INSERT INTO `t_oms_item` VALUES (3430, '商品400', '1296367656139624518', 100000, NULL, '1', '2020-08-20 16:45:29', NULL, 1, NULL, 2);
INSERT INTO `t_oms_item` VALUES (3431, '商品401', '1296367656139624519', 100000, NULL, '1', '2020-08-20 16:45:29', NULL, 1, NULL, 2);
INSERT INTO `t_oms_item` VALUES (3432, '商品402', '1296367656139624520', 100000, NULL, '1', '2020-08-20 16:45:29', NULL, 1, NULL, 2);
INSERT INTO `t_oms_item` VALUES (3433, '商品403', '1296367656139624521', 100000, NULL, '1', '2020-08-20 16:45:29', NULL, 1, NULL, 2);
INSERT INTO `t_oms_item` VALUES (3434, '商品404', '1296367656139624522', 100000, NULL, '1', '2020-08-20 16:45:29', NULL, 1, NULL, 2);
INSERT INTO `t_oms_item` VALUES (3435, '商品405', '1296367656139624523', 100000, NULL, '1', '2020-08-20 16:45:29', NULL, 1, NULL, 2);
INSERT INTO `t_oms_item` VALUES (3436, '商品406', '1296367656139624524', 100000, NULL, '1', '2020-08-20 16:45:29', NULL, 1, NULL, 2);
INSERT INTO `t_oms_item` VALUES (3437, '商品407', '1296367656139624525', 100000, NULL, '1', '2020-08-20 16:45:29', NULL, 1, NULL, 2);
INSERT INTO `t_oms_item` VALUES (3438, '商品408', '1296367656139624526', 100000, NULL, '1', '2020-08-20 16:45:29', NULL, 1, NULL, 2);
INSERT INTO `t_oms_item` VALUES (3439, '商品409', '1296367656139624527', 100000, NULL, '1', '2020-08-20 16:45:29', NULL, 1, NULL, 2);
INSERT INTO `t_oms_item` VALUES (3440, '商品410', '1296367656139624528', 100000, NULL, '1', '2020-08-20 16:45:29', NULL, 1, NULL, 2);
INSERT INTO `t_oms_item` VALUES (3441, '商品411', '1296367656139624529', 100000, NULL, '1', '2020-08-20 16:45:29', NULL, 1, NULL, 2);
INSERT INTO `t_oms_item` VALUES (3442, '商品412', '1296367656139624530', 100000, NULL, '1', '2020-08-20 16:45:29', NULL, 1, NULL, 2);
INSERT INTO `t_oms_item` VALUES (3443, '商品413', '1296367656139624531', 100000, NULL, '1', '2020-08-20 16:45:29', NULL, 1, NULL, 2);
INSERT INTO `t_oms_item` VALUES (3444, '商品414', '1296367656139624532', 100000, NULL, '1', '2020-08-20 16:45:29', NULL, 1, NULL, 2);
INSERT INTO `t_oms_item` VALUES (3445, '商品415', '1296367656139624533', 100000, NULL, '1', '2020-08-20 16:45:29', NULL, 1, NULL, 2);
INSERT INTO `t_oms_item` VALUES (3446, '商品416', '1296367656139624534', 100000, NULL, '1', '2020-08-20 16:45:29', NULL, 1, NULL, 2);
INSERT INTO `t_oms_item` VALUES (3447, '商品417', '1296367656139624535', 100000, NULL, '1', '2020-08-20 16:45:29', NULL, 1, NULL, 2);
INSERT INTO `t_oms_item` VALUES (3448, '商品418', '1296367656139624536', 100000, NULL, '1', '2020-08-20 16:45:29', NULL, 1, NULL, 2);
INSERT INTO `t_oms_item` VALUES (3449, '商品419', '1296367656139624537', 100000, NULL, '1', '2020-08-20 16:45:29', NULL, 1, NULL, 2);
INSERT INTO `t_oms_item` VALUES (3450, '商品420', '1296367656139624538', 100000, NULL, '1', '2020-08-20 16:45:29', NULL, 1, NULL, 2);
INSERT INTO `t_oms_item` VALUES (3451, '商品421', '1296367656139624539', 100000, NULL, '1', '2020-08-20 16:45:29', NULL, 1, NULL, 2);
INSERT INTO `t_oms_item` VALUES (3452, '商品422', '1296367656139624540', 100000, NULL, '1', '2020-08-20 16:45:29', NULL, 1, NULL, 2);
INSERT INTO `t_oms_item` VALUES (3453, '商品423', '1296367656139624541', 100000, NULL, '1', '2020-08-20 16:45:29', NULL, 1, NULL, 2);
INSERT INTO `t_oms_item` VALUES (3454, '商品424', '1296367656139624542', 100000, NULL, '1', '2020-08-20 16:45:29', NULL, 1, NULL, 2);
INSERT INTO `t_oms_item` VALUES (3455, '商品425', '1296367656139624543', 100000, NULL, '1', '2020-08-20 16:45:29', NULL, 1, NULL, 2);
INSERT INTO `t_oms_item` VALUES (3456, '商品426', '1296367656139624544', 100000, NULL, '1', '2020-08-20 16:45:29', NULL, 1, NULL, 2);
INSERT INTO `t_oms_item` VALUES (3457, '商品427', '1296367656139624545', 100000, NULL, '1', '2020-08-20 16:45:29', NULL, 1, NULL, 2);
INSERT INTO `t_oms_item` VALUES (3458, '商品428', '1296367656139624546', 100000, NULL, '1', '2020-08-20 16:45:29', NULL, 1, NULL, 2);
INSERT INTO `t_oms_item` VALUES (3459, '商品429', '1296367656139624547', 100000, NULL, '1', '2020-08-20 16:45:29', NULL, 1, NULL, 2);
INSERT INTO `t_oms_item` VALUES (3460, '商品430', '1296367656143818752', 100000, NULL, '1', '2020-08-20 16:45:29', NULL, 1, NULL, 2);
INSERT INTO `t_oms_item` VALUES (3461, '商品431', '1296367656143818753', 100000, NULL, '1', '2020-08-20 16:45:29', NULL, 1, NULL, 2);
INSERT INTO `t_oms_item` VALUES (3462, '商品432', '1296367656143818754', 100000, NULL, '1', '2020-08-20 16:45:29', NULL, 1, NULL, 2);
INSERT INTO `t_oms_item` VALUES (3463, '商品433', '1296367656143818755', 100000, NULL, '1', '2020-08-20 16:45:29', NULL, 1, NULL, 2);
INSERT INTO `t_oms_item` VALUES (3464, '商品434', '1296367656143818756', 100000, NULL, '1', '2020-08-20 16:45:29', NULL, 1, NULL, 2);
INSERT INTO `t_oms_item` VALUES (3465, '商品435', '1296367656143818757', 100000, NULL, '1', '2020-08-20 16:45:29', NULL, 1, NULL, 2);
INSERT INTO `t_oms_item` VALUES (3466, '商品436', '1296367656143818758', 100000, NULL, '1', '2020-08-20 16:45:29', NULL, 1, NULL, 2);
INSERT INTO `t_oms_item` VALUES (3467, '商品437', '1296367656143818759', 100000, NULL, '1', '2020-08-20 16:45:29', NULL, 1, NULL, 2);
INSERT INTO `t_oms_item` VALUES (3468, '商品438', '1296367656143818760', 100000, NULL, '1', '2020-08-20 16:45:29', NULL, 1, NULL, 2);
INSERT INTO `t_oms_item` VALUES (3469, '商品439', '1296367656143818761', 100000, NULL, '1', '2020-08-20 16:45:29', NULL, 1, NULL, 2);
INSERT INTO `t_oms_item` VALUES (3470, '商品440', '1296367656143818762', 100000, NULL, '1', '2020-08-20 16:45:29', NULL, 1, NULL, 2);
INSERT INTO `t_oms_item` VALUES (3471, '商品441', '1296367656143818763', 100000, NULL, '1', '2020-08-20 16:45:29', NULL, 1, NULL, 2);
INSERT INTO `t_oms_item` VALUES (3472, '商品442', '1296367656143818764', 100000, NULL, '1', '2020-08-20 16:45:29', NULL, 1, NULL, 2);
INSERT INTO `t_oms_item` VALUES (3473, '商品443', '1296367656143818765', 100000, NULL, '1', '2020-08-20 16:45:29', NULL, 1, NULL, 2);
INSERT INTO `t_oms_item` VALUES (3474, '商品444', '1296367656143818766', 100000, NULL, '1', '2020-08-20 16:45:29', NULL, 1, NULL, 2);
INSERT INTO `t_oms_item` VALUES (3475, '商品445', '1296367656143818767', 100000, NULL, '1', '2020-08-20 16:45:29', NULL, 1, NULL, 2);
INSERT INTO `t_oms_item` VALUES (3476, '商品446', '1296367656143818768', 100000, NULL, '1', '2020-08-20 16:45:29', NULL, 1, NULL, 2);
INSERT INTO `t_oms_item` VALUES (3477, '商品447', '1296367656143818769', 100000, NULL, '1', '2020-08-20 16:45:29', NULL, 1, NULL, 2);
INSERT INTO `t_oms_item` VALUES (3478, '商品448', '1296367656143818770', 100000, NULL, '1', '2020-08-20 16:45:29', NULL, 1, NULL, 2);
INSERT INTO `t_oms_item` VALUES (3479, '商品449', '1296367656143818771', 100000, NULL, '1', '2020-08-20 16:45:29', NULL, 1, NULL, 2);
INSERT INTO `t_oms_item` VALUES (3480, '商品450', '1296367656143818772', 100000, NULL, '1', '2020-08-20 16:45:29', NULL, 1, NULL, 2);
INSERT INTO `t_oms_item` VALUES (3481, '商品451', '1296367656143818773', 100000, NULL, '1', '2020-08-20 16:45:29', NULL, 1, NULL, 2);
INSERT INTO `t_oms_item` VALUES (3482, '商品452', '1296367656143818774', 100000, NULL, '1', '2020-08-20 16:45:29', NULL, 1, NULL, 2);
INSERT INTO `t_oms_item` VALUES (3483, '商品453', '1296367656143818775', 100000, NULL, '1', '2020-08-20 16:45:29', NULL, 1, NULL, 2);
INSERT INTO `t_oms_item` VALUES (3484, '商品454', '1296367656143818776', 100000, NULL, '1', '2020-08-20 16:45:29', NULL, 1, NULL, 2);
INSERT INTO `t_oms_item` VALUES (3485, '商品455', '1296367656143818777', 100000, NULL, '1', '2020-08-20 16:45:29', NULL, 1, NULL, 2);
INSERT INTO `t_oms_item` VALUES (3486, '商品456', '1296367656143818778', 100000, NULL, '1', '2020-08-20 16:45:29', NULL, 1, NULL, 2);
INSERT INTO `t_oms_item` VALUES (3487, '商品457', '1296367656143818779', 100000, NULL, '1', '2020-08-20 16:45:29', NULL, 1, NULL, 2);
INSERT INTO `t_oms_item` VALUES (3488, '商品458', '1296367656143818780', 100000, NULL, '1', '2020-08-20 16:45:29', NULL, 1, NULL, 2);
INSERT INTO `t_oms_item` VALUES (3489, '商品459', '1296367656143818781', 100000, NULL, '1', '2020-08-20 16:45:29', NULL, 1, NULL, 2);
INSERT INTO `t_oms_item` VALUES (3490, '商品460', '1296367656143818782', 100000, NULL, '1', '2020-08-20 16:45:29', NULL, 1, NULL, 2);
INSERT INTO `t_oms_item` VALUES (3491, '商品461', '1296367656143818783', 100000, NULL, '1', '2020-08-20 16:45:29', NULL, 1, NULL, 2);
INSERT INTO `t_oms_item` VALUES (3492, '商品462', '1296367656143818784', 100000, NULL, '1', '2020-08-20 16:45:29', NULL, 1, NULL, 2);
INSERT INTO `t_oms_item` VALUES (3493, '商品463', '1296367656143818785', 100000, NULL, '1', '2020-08-20 16:45:29', NULL, 1, NULL, 2);
INSERT INTO `t_oms_item` VALUES (3494, '商品464', '1296367656143818786', 100000, NULL, '1', '2020-08-20 16:45:29', NULL, 1, NULL, 2);
INSERT INTO `t_oms_item` VALUES (3495, '商品465', '1296367656143818787', 100000, NULL, '1', '2020-08-20 16:45:29', NULL, 1, NULL, 2);
INSERT INTO `t_oms_item` VALUES (3496, '商品466', '1296367656143818788', 100000, NULL, '1', '2020-08-20 16:45:29', NULL, 1, NULL, 2);
INSERT INTO `t_oms_item` VALUES (3497, '商品467', '1296367656143818789', 100000, NULL, '1', '2020-08-20 16:45:29', NULL, 1, NULL, 2);
INSERT INTO `t_oms_item` VALUES (3498, '商品468', '1296367656143818790', 100000, NULL, '1', '2020-08-20 16:45:29', NULL, 1, NULL, 2);
INSERT INTO `t_oms_item` VALUES (3499, '商品469', '1296367656143818791', 100000, NULL, '1', '2020-08-20 16:45:29', NULL, 1, NULL, 2);
INSERT INTO `t_oms_item` VALUES (3500, '商品470', '1296367656143818792', 100000, NULL, '1', '2020-08-20 16:45:29', NULL, 1, NULL, 2);
INSERT INTO `t_oms_item` VALUES (3501, '商品471', '1296367656143818793', 100000, NULL, '1', '2020-08-20 16:45:29', NULL, 1, NULL, 2);
INSERT INTO `t_oms_item` VALUES (3502, '商品472', '1296367656143818794', 100000, NULL, '1', '2020-08-20 16:45:29', NULL, 1, NULL, 2);
INSERT INTO `t_oms_item` VALUES (3503, '商品473', '1296367656143818795', 100000, NULL, '1', '2020-08-20 16:45:29', NULL, 1, NULL, 2);
INSERT INTO `t_oms_item` VALUES (3504, '商品474', '1296367656143818796', 100000, NULL, '1', '2020-08-20 16:45:29', NULL, 1, NULL, 2);
INSERT INTO `t_oms_item` VALUES (3505, '商品475', '1296367656143818797', 100000, NULL, '1', '2020-08-20 16:45:29', NULL, 1, NULL, 2);
INSERT INTO `t_oms_item` VALUES (3506, '商品476', '1296367656143818798', 100000, NULL, '1', '2020-08-20 16:45:29', NULL, 1, NULL, 2);
INSERT INTO `t_oms_item` VALUES (3507, '商品477', '1296367656143818799', 100000, NULL, '1', '2020-08-20 16:45:29', NULL, 1, NULL, 2);
INSERT INTO `t_oms_item` VALUES (3508, '商品478', '1296367656143818800', 100000, NULL, '1', '2020-08-20 16:45:29', NULL, 1, NULL, 2);
INSERT INTO `t_oms_item` VALUES (3509, '商品479', '1296367656143818801', 100000, NULL, '1', '2020-08-20 16:45:29', NULL, 1, NULL, 2);
INSERT INTO `t_oms_item` VALUES (3510, '商品480', '1296367656143818802', 100000, NULL, '1', '2020-08-20 16:45:29', NULL, 1, NULL, 2);
INSERT INTO `t_oms_item` VALUES (3511, '商品481', '1296367656143818803', 100000, NULL, '1', '2020-08-20 16:45:29', NULL, 1, NULL, 2);
INSERT INTO `t_oms_item` VALUES (3512, '商品482', '1296367656143818804', 100000, NULL, '1', '2020-08-20 16:45:29', NULL, 1, NULL, 2);
INSERT INTO `t_oms_item` VALUES (3513, '商品483', '1296367656143818805', 100000, NULL, '1', '2020-08-20 16:45:29', NULL, 1, NULL, 2);
INSERT INTO `t_oms_item` VALUES (3514, '商品484', '1296367656143818806', 100000, NULL, '1', '2020-08-20 16:45:29', NULL, 1, NULL, 2);
INSERT INTO `t_oms_item` VALUES (3515, '商品485', '1296367656143818807', 100000, NULL, '1', '2020-08-20 16:45:29', NULL, 1, NULL, 2);
INSERT INTO `t_oms_item` VALUES (3516, '商品486', '1296367656143818808', 100000, NULL, '1', '2020-08-20 16:45:29', NULL, 1, NULL, 2);
INSERT INTO `t_oms_item` VALUES (3517, '商品487', '1296367656143818809', 100000, NULL, '1', '2020-08-20 16:45:29', NULL, 1, NULL, 2);
INSERT INTO `t_oms_item` VALUES (3518, '商品488', '1296367656143818810', 100000, NULL, '1', '2020-08-20 16:45:29', NULL, 1, NULL, 2);
INSERT INTO `t_oms_item` VALUES (3519, '商品489', '1296367656143818811', 100000, NULL, '1', '2020-08-20 16:45:29', NULL, 1, NULL, 2);
INSERT INTO `t_oms_item` VALUES (3520, '商品490', '1296367656143818812', 100000, NULL, '1', '2020-08-20 16:45:29', NULL, 1, NULL, 2);
INSERT INTO `t_oms_item` VALUES (3521, '商品491', '1296367656143818813', 100000, NULL, '1', '2020-08-20 16:45:29', NULL, 1, NULL, 2);
INSERT INTO `t_oms_item` VALUES (3522, '商品492', '1296367656143818814', 100000, NULL, '1', '2020-08-20 16:45:29', NULL, 1, NULL, 2);
INSERT INTO `t_oms_item` VALUES (3523, '商品493', '1296367656143818815', 100000, NULL, '1', '2020-08-20 16:45:29', NULL, 1, NULL, 2);
INSERT INTO `t_oms_item` VALUES (3524, '商品494', '1296367656143818816', 100000, NULL, '1', '2020-08-20 16:45:29', NULL, 1, NULL, 2);
INSERT INTO `t_oms_item` VALUES (3525, '商品495', '1296367656143818817', 100000, NULL, '1', '2020-08-20 16:45:29', NULL, 1, NULL, 2);
INSERT INTO `t_oms_item` VALUES (3526, '商品496', '1296367656143818818', 100000, NULL, '1', '2020-08-20 16:45:29', NULL, 1, NULL, 2);
INSERT INTO `t_oms_item` VALUES (3527, '商品497', '1296367656143818819', 100000, NULL, '1', '2020-08-20 16:45:29', NULL, 1, NULL, 2);
INSERT INTO `t_oms_item` VALUES (3528, '商品498', '1296367656143818820', 100000, NULL, '1', '2020-08-20 16:45:29', NULL, 1, NULL, 2);
INSERT INTO `t_oms_item` VALUES (3529, '商品499', '1296367656143818821', 100000, NULL, '1', '2020-08-20 16:45:29', NULL, 1, NULL, 2);
INSERT INTO `t_oms_item` VALUES (3530, '商品500', '1296367656143818822', 100000, NULL, '1', '2020-08-20 16:45:29', NULL, 1, NULL, 2);
INSERT INTO `t_oms_item` VALUES (3531, '商品501', '1296367656143818823', 100000, NULL, '1', '2020-08-20 16:45:29', NULL, 1, NULL, 2);
INSERT INTO `t_oms_item` VALUES (3532, '商品502', '1296367656143818824', 100000, NULL, '1', '2020-08-20 16:45:29', NULL, 1, NULL, 2);
INSERT INTO `t_oms_item` VALUES (3533, '商品503', '1296367656143818825', 100000, NULL, '1', '2020-08-20 16:45:29', NULL, 1, NULL, 2);
INSERT INTO `t_oms_item` VALUES (3534, '商品504', '1296367656143818826', 100000, NULL, '1', '2020-08-20 16:45:29', NULL, 1, NULL, 2);
INSERT INTO `t_oms_item` VALUES (3535, '商品505', '1296367656143818827', 100000, NULL, '1', '2020-08-20 16:45:29', NULL, 1, NULL, 2);
INSERT INTO `t_oms_item` VALUES (3536, '商品506', '1296367656143818828', 100000, NULL, '1', '2020-08-20 16:45:29', NULL, 1, NULL, 2);
INSERT INTO `t_oms_item` VALUES (3537, '商品507', '1296367656143818829', 100000, NULL, '1', '2020-08-20 16:45:29', NULL, 1, NULL, 2);
INSERT INTO `t_oms_item` VALUES (3538, '商品508', '1296367656143818830', 100000, NULL, '1', '2020-08-20 16:45:29', NULL, 1, NULL, 2);
INSERT INTO `t_oms_item` VALUES (3539, '商品509', '1296367656143818831', 100000, NULL, '1', '2020-08-20 16:45:29', NULL, 1, NULL, 2);
INSERT INTO `t_oms_item` VALUES (3540, '商品510', '1296367656143818832', 100000, NULL, '1', '2020-08-20 16:45:29', NULL, 1, NULL, 2);
INSERT INTO `t_oms_item` VALUES (3541, '商品511', '1296367656143818833', 100000, NULL, '1', '2020-08-20 16:45:29', NULL, 1, NULL, 2);
INSERT INTO `t_oms_item` VALUES (3542, '商品512', '1296367656143818834', 100000, NULL, '1', '2020-08-20 16:45:29', NULL, 1, NULL, 2);
INSERT INTO `t_oms_item` VALUES (3543, '商品513', '1296367656143818835', 100000, NULL, '1', '2020-08-20 16:45:29', NULL, 1, NULL, 2);
INSERT INTO `t_oms_item` VALUES (3544, '商品514', '1296367656148013056', 100000, NULL, '1', '2020-08-20 16:45:29', NULL, 1, NULL, 2);
INSERT INTO `t_oms_item` VALUES (3545, '商品515', '1296367656148013057', 100000, NULL, '1', '2020-08-20 16:45:29', NULL, 1, NULL, 2);
INSERT INTO `t_oms_item` VALUES (3546, '商品516', '1296367656148013058', 100000, NULL, '1', '2020-08-20 16:45:29', NULL, 1, NULL, 2);
INSERT INTO `t_oms_item` VALUES (3547, '商品517', '1296367656148013059', 100000, NULL, '1', '2020-08-20 16:45:29', NULL, 1, NULL, 2);
INSERT INTO `t_oms_item` VALUES (3548, '商品518', '1296367656148013060', 100000, NULL, '1', '2020-08-20 16:45:29', NULL, 1, NULL, 2);
INSERT INTO `t_oms_item` VALUES (3549, '商品519', '1296367656148013061', 100000, NULL, '1', '2020-08-20 16:45:29', NULL, 1, NULL, 2);
INSERT INTO `t_oms_item` VALUES (3550, '商品520', '1296367656148013062', 100000, NULL, '1', '2020-08-20 16:45:29', NULL, 1, NULL, 2);
INSERT INTO `t_oms_item` VALUES (3551, '商品521', '1296367656148013063', 100000, NULL, '1', '2020-08-20 16:45:29', NULL, 1, NULL, 2);
INSERT INTO `t_oms_item` VALUES (3552, '商品522', '1296367656148013064', 100000, NULL, '1', '2020-08-20 16:45:29', NULL, 1, NULL, 2);
INSERT INTO `t_oms_item` VALUES (3553, '商品523', '1296367656148013065', 100000, NULL, '1', '2020-08-20 16:45:29', NULL, 1, NULL, 2);
INSERT INTO `t_oms_item` VALUES (3554, '商品524', '1296367656148013066', 100000, NULL, '1', '2020-08-20 16:45:29', NULL, 1, NULL, 2);
INSERT INTO `t_oms_item` VALUES (3555, '商品525', '1296367656148013067', 100000, NULL, '1', '2020-08-20 16:45:29', NULL, 1, NULL, 2);
INSERT INTO `t_oms_item` VALUES (3556, '商品526', '1296367656148013068', 100000, NULL, '1', '2020-08-20 16:45:29', NULL, 1, NULL, 2);
INSERT INTO `t_oms_item` VALUES (3557, '商品527', '1296367656148013069', 100000, NULL, '1', '2020-08-20 16:45:29', NULL, 1, NULL, 2);
INSERT INTO `t_oms_item` VALUES (3558, '商品528', '1296367656148013070', 100000, NULL, '1', '2020-08-20 16:45:29', NULL, 1, NULL, 2);
INSERT INTO `t_oms_item` VALUES (3559, '商品529', '1296367656148013071', 100000, NULL, '1', '2020-08-20 16:45:29', NULL, 1, NULL, 2);
INSERT INTO `t_oms_item` VALUES (3560, '商品530', '1296367656148013072', 100000, NULL, '1', '2020-08-20 16:45:29', NULL, 1, NULL, 2);
INSERT INTO `t_oms_item` VALUES (3561, '商品531', '1296367656148013073', 100000, NULL, '1', '2020-08-20 16:45:29', NULL, 1, NULL, 2);
INSERT INTO `t_oms_item` VALUES (3562, '商品532', '1296367656148013074', 100000, NULL, '1', '2020-08-20 16:45:29', NULL, 1, NULL, 2);
INSERT INTO `t_oms_item` VALUES (3563, '商品533', '1296367656148013075', 100000, NULL, '1', '2020-08-20 16:45:29', NULL, 1, NULL, 2);
INSERT INTO `t_oms_item` VALUES (3564, '商品534', '1296367656148013076', 100000, NULL, '1', '2020-08-20 16:45:29', NULL, 1, NULL, 2);
INSERT INTO `t_oms_item` VALUES (3565, '商品535', '1296367656148013077', 100000, NULL, '1', '2020-08-20 16:45:29', NULL, 1, NULL, 2);
INSERT INTO `t_oms_item` VALUES (3566, '商品536', '1296367656148013078', 100000, NULL, '1', '2020-08-20 16:45:29', NULL, 1, NULL, 2);
INSERT INTO `t_oms_item` VALUES (3567, '商品537', '1296367656148013079', 100000, NULL, '1', '2020-08-20 16:45:29', NULL, 1, NULL, 2);
INSERT INTO `t_oms_item` VALUES (3568, '商品538', '1296367656148013080', 100000, NULL, '1', '2020-08-20 16:45:29', NULL, 1, NULL, 2);
INSERT INTO `t_oms_item` VALUES (3569, '商品539', '1296367656148013081', 100000, NULL, '1', '2020-08-20 16:45:29', NULL, 1, NULL, 2);
INSERT INTO `t_oms_item` VALUES (3570, '商品540', '1296367656148013082', 100000, NULL, '1', '2020-08-20 16:45:29', NULL, 1, NULL, 2);
INSERT INTO `t_oms_item` VALUES (3571, '商品541', '1296367656148013083', 100000, NULL, '1', '2020-08-20 16:45:29', NULL, 1, NULL, 2);
INSERT INTO `t_oms_item` VALUES (3572, '商品542', '1296367656148013084', 100000, NULL, '1', '2020-08-20 16:45:29', NULL, 1, NULL, 2);
INSERT INTO `t_oms_item` VALUES (3573, '商品543', '1296367656148013085', 100000, NULL, '1', '2020-08-20 16:45:29', NULL, 1, NULL, 2);
INSERT INTO `t_oms_item` VALUES (3574, '商品544', '1296367656148013086', 100000, NULL, '1', '2020-08-20 16:45:29', NULL, 1, NULL, 2);
INSERT INTO `t_oms_item` VALUES (3575, '商品545', '1296367656148013087', 100000, NULL, '1', '2020-08-20 16:45:29', NULL, 1, NULL, 2);
INSERT INTO `t_oms_item` VALUES (3576, '商品546', '1296367656148013088', 100000, NULL, '1', '2020-08-20 16:45:29', NULL, 1, NULL, 2);
INSERT INTO `t_oms_item` VALUES (3577, '商品547', '1296367656148013089', 100000, NULL, '1', '2020-08-20 16:45:29', NULL, 1, NULL, 2);
INSERT INTO `t_oms_item` VALUES (3578, '商品548', '1296367656148013090', 100000, NULL, '1', '2020-08-20 16:45:29', NULL, 1, NULL, 2);
INSERT INTO `t_oms_item` VALUES (3579, '商品549', '1296367656148013091', 100000, NULL, '1', '2020-08-20 16:45:29', NULL, 1, NULL, 2);
INSERT INTO `t_oms_item` VALUES (3580, '商品550', '1296367656148013092', 100000, NULL, '1', '2020-08-20 16:45:29', NULL, 1, NULL, 2);
INSERT INTO `t_oms_item` VALUES (3581, '商品551', '1296367656148013093', 100000, NULL, '1', '2020-08-20 16:45:29', NULL, 1, NULL, 2);
INSERT INTO `t_oms_item` VALUES (3582, '商品552', '1296367656148013094', 100000, NULL, '1', '2020-08-20 16:45:29', NULL, 1, NULL, 2);
INSERT INTO `t_oms_item` VALUES (3583, '商品553', '1296367656148013095', 100000, NULL, '1', '2020-08-20 16:45:29', NULL, 1, NULL, 2);
INSERT INTO `t_oms_item` VALUES (3584, '商品554', '1296367656148013096', 100000, NULL, '1', '2020-08-20 16:45:29', NULL, 1, NULL, 2);
INSERT INTO `t_oms_item` VALUES (3585, '商品555', '1296367656148013097', 100000, NULL, '1', '2020-08-20 16:45:29', NULL, 1, NULL, 2);
INSERT INTO `t_oms_item` VALUES (3586, '商品556', '1296367656148013098', 100000, NULL, '1', '2020-08-20 16:45:29', NULL, 1, NULL, 2);
INSERT INTO `t_oms_item` VALUES (3587, '商品557', '1296367656148013099', 100000, NULL, '1', '2020-08-20 16:45:29', NULL, 1, NULL, 2);
INSERT INTO `t_oms_item` VALUES (3588, '商品558', '1296367656148013100', 100000, NULL, '1', '2020-08-20 16:45:29', NULL, 1, NULL, 2);
INSERT INTO `t_oms_item` VALUES (3589, '商品559', '1296367656148013101', 100000, NULL, '1', '2020-08-20 16:45:29', NULL, 1, NULL, 2);
INSERT INTO `t_oms_item` VALUES (3590, '商品560', '1296367656148013102', 100000, NULL, '1', '2020-08-20 16:45:29', NULL, 1, NULL, 2);
INSERT INTO `t_oms_item` VALUES (3591, '商品561', '1296367656148013103', 100000, NULL, '1', '2020-08-20 16:45:29', NULL, 1, NULL, 2);
INSERT INTO `t_oms_item` VALUES (3592, '商品562', '1296367656148013104', 100000, NULL, '1', '2020-08-20 16:45:29', NULL, 1, NULL, 2);
INSERT INTO `t_oms_item` VALUES (3593, '商品563', '1296367656148013105', 100000, NULL, '1', '2020-08-20 16:45:29', NULL, 1, NULL, 2);
INSERT INTO `t_oms_item` VALUES (3594, '商品564', '1296367656148013106', 100000, NULL, '1', '2020-08-20 16:45:29', NULL, 1, NULL, 2);
INSERT INTO `t_oms_item` VALUES (3595, '商品565', '1296367656148013107', 100000, NULL, '1', '2020-08-20 16:45:29', NULL, 1, NULL, 2);
INSERT INTO `t_oms_item` VALUES (3596, '商品566', '1296367656148013108', 100000, NULL, '1', '2020-08-20 16:45:29', NULL, 1, NULL, 2);
INSERT INTO `t_oms_item` VALUES (3597, '商品567', '1296367656148013109', 100000, NULL, '1', '2020-08-20 16:45:29', NULL, 1, NULL, 2);
INSERT INTO `t_oms_item` VALUES (3598, '商品568', '1296367656148013110', 100000, NULL, '1', '2020-08-20 16:45:29', NULL, 1, NULL, 2);
INSERT INTO `t_oms_item` VALUES (3599, '商品569', '1296367656148013111', 100000, NULL, '1', '2020-08-20 16:45:29', NULL, 1, NULL, 2);
INSERT INTO `t_oms_item` VALUES (3600, '商品570', '1296367656148013112', 100000, NULL, '1', '2020-08-20 16:45:29', NULL, 1, NULL, 2);
INSERT INTO `t_oms_item` VALUES (3601, '商品571', '1296367656148013113', 100000, NULL, '1', '2020-08-20 16:45:29', NULL, 1, NULL, 2);
INSERT INTO `t_oms_item` VALUES (3602, '商品572', '1296367656148013114', 100000, NULL, '1', '2020-08-20 16:45:29', NULL, 1, NULL, 2);
INSERT INTO `t_oms_item` VALUES (3603, '商品573', '1296367656148013115', 100000, NULL, '1', '2020-08-20 16:45:29', NULL, 1, NULL, 2);
INSERT INTO `t_oms_item` VALUES (3604, '商品574', '1296367656148013116', 100000, NULL, '1', '2020-08-20 16:45:29', NULL, 1, NULL, 2);
INSERT INTO `t_oms_item` VALUES (3605, '商品575', '1296367656148013117', 100000, NULL, '1', '2020-08-20 16:45:29', NULL, 1, NULL, 2);
INSERT INTO `t_oms_item` VALUES (3606, '商品576', '1296367656148013118', 100000, NULL, '1', '2020-08-20 16:45:30', NULL, 1, NULL, 2);
INSERT INTO `t_oms_item` VALUES (3607, '商品577', '1296367656148013119', 100000, NULL, '1', '2020-08-20 16:45:30', NULL, 1, NULL, 2);
INSERT INTO `t_oms_item` VALUES (3608, '商品578', '1296367656148013120', 100000, NULL, '1', '2020-08-20 16:45:30', NULL, 1, NULL, 2);
INSERT INTO `t_oms_item` VALUES (3609, '商品579', '1296367656148013121', 100000, NULL, '1', '2020-08-20 16:45:30', NULL, 1, NULL, 2);
INSERT INTO `t_oms_item` VALUES (3610, '商品580', '1296367656148013122', 100000, NULL, '1', '2020-08-20 16:45:30', NULL, 1, NULL, 2);
INSERT INTO `t_oms_item` VALUES (3611, '商品581', '1296367656148013123', 100000, NULL, '1', '2020-08-20 16:45:30', NULL, 1, NULL, 2);
INSERT INTO `t_oms_item` VALUES (3612, '商品582', '1296367656148013124', 100000, NULL, '1', '2020-08-20 16:45:30', NULL, 1, NULL, 2);
INSERT INTO `t_oms_item` VALUES (3613, '商品583', '1296367656148013125', 100000, NULL, '1', '2020-08-20 16:45:30', NULL, 1, NULL, 2);
INSERT INTO `t_oms_item` VALUES (3614, '商品584', '1296367656148013126', 100000, NULL, '1', '2020-08-20 16:45:30', NULL, 1, NULL, 2);
INSERT INTO `t_oms_item` VALUES (3615, '商品585', '1296367656148013127', 100000, NULL, '1', '2020-08-20 16:45:30', NULL, 1, NULL, 2);
INSERT INTO `t_oms_item` VALUES (3616, '商品586', '1296367656148013128', 100000, NULL, '1', '2020-08-20 16:45:30', NULL, 1, NULL, 2);
INSERT INTO `t_oms_item` VALUES (3617, '商品587', '1296367656148013129', 100000, NULL, '1', '2020-08-20 16:45:30', NULL, 1, NULL, 2);
INSERT INTO `t_oms_item` VALUES (3618, '商品588', '1296367656148013130', 100000, NULL, '1', '2020-08-20 16:45:30', NULL, 1, NULL, 2);
INSERT INTO `t_oms_item` VALUES (3619, '商品589', '1296367656148013131', 100000, NULL, '1', '2020-08-20 16:45:30', NULL, 1, NULL, 2);
INSERT INTO `t_oms_item` VALUES (3620, '商品590', '1296367656148013132', 100000, NULL, '1', '2020-08-20 16:45:30', NULL, 1, NULL, 2);
INSERT INTO `t_oms_item` VALUES (3621, '商品591', '1296367656148013133', 100000, NULL, '1', '2020-08-20 16:45:30', NULL, 1, NULL, 2);
INSERT INTO `t_oms_item` VALUES (3622, '商品592', '1296367656148013134', 100000, NULL, '1', '2020-08-20 16:45:30', NULL, 1, NULL, 2);
INSERT INTO `t_oms_item` VALUES (3623, '商品593', '1296367656148013135', 100000, NULL, '1', '2020-08-20 16:45:30', NULL, 1, NULL, 2);
INSERT INTO `t_oms_item` VALUES (3624, '商品594', '1296367656148013136', 100000, NULL, '1', '2020-08-20 16:45:30', NULL, 1, NULL, 2);
INSERT INTO `t_oms_item` VALUES (3625, '商品595', '1296367656148013137', 100000, NULL, '1', '2020-08-20 16:45:30', NULL, 1, NULL, 2);
INSERT INTO `t_oms_item` VALUES (3626, '商品596', '1296367656148013138', 100000, NULL, '1', '2020-08-20 16:45:30', NULL, 1, NULL, 2);
INSERT INTO `t_oms_item` VALUES (3627, '商品597', '1296367656148013139', 100000, NULL, '1', '2020-08-20 16:45:30', NULL, 1, NULL, 2);
INSERT INTO `t_oms_item` VALUES (3628, '商品598', '1296367656148013140', 100000, NULL, '1', '2020-08-20 16:45:30', NULL, 1, NULL, 2);
INSERT INTO `t_oms_item` VALUES (3629, '商品599', '1296367656148013141', 100000, NULL, '1', '2020-08-20 16:45:30', NULL, 1, NULL, 2);
INSERT INTO `t_oms_item` VALUES (3630, '商品600', '1296367656148013142', 100000, NULL, '1', '2020-08-20 16:45:30', NULL, 1, NULL, 2);
INSERT INTO `t_oms_item` VALUES (3631, '商品601', '1296367656148013143', 100000, NULL, '1', '2020-08-20 16:45:30', NULL, 1, NULL, 2);
INSERT INTO `t_oms_item` VALUES (3632, '商品602', '1296367656148013144', 100000, NULL, '1', '2020-08-20 16:45:30', NULL, 1, NULL, 2);
INSERT INTO `t_oms_item` VALUES (3633, '商品603', '1296367656148013145', 100000, NULL, '1', '2020-08-20 16:45:30', NULL, 1, NULL, 2);
INSERT INTO `t_oms_item` VALUES (3634, '商品604', '1296367656148013146', 100000, NULL, '1', '2020-08-20 16:45:30', NULL, 1, NULL, 2);
INSERT INTO `t_oms_item` VALUES (3635, '商品605', '1296367656148013147', 100000, NULL, '1', '2020-08-20 16:45:30', NULL, 1, NULL, 2);
INSERT INTO `t_oms_item` VALUES (3636, '商品606', '1296367656148013148', 100000, NULL, '1', '2020-08-20 16:45:30', NULL, 1, NULL, 2);
INSERT INTO `t_oms_item` VALUES (3637, '商品607', '1296367656148013149', 100000, NULL, '1', '2020-08-20 16:45:30', NULL, 1, NULL, 2);
INSERT INTO `t_oms_item` VALUES (3638, '商品608', '1296367656148013150', 100000, NULL, '1', '2020-08-20 16:45:30', NULL, 1, NULL, 2);
INSERT INTO `t_oms_item` VALUES (3639, '商品609', '1296367656148013151', 100000, NULL, '1', '2020-08-20 16:45:30', NULL, 1, NULL, 2);
INSERT INTO `t_oms_item` VALUES (3640, '商品610', '1296367656148013152', 100000, NULL, '1', '2020-08-20 16:45:30', NULL, 1, NULL, 2);
INSERT INTO `t_oms_item` VALUES (3641, '商品611', '1296367656148013153', 100000, NULL, '1', '2020-08-20 16:45:30', NULL, 1, NULL, 2);
INSERT INTO `t_oms_item` VALUES (3642, '商品612', '1296367656148013154', 100000, NULL, '1', '2020-08-20 16:45:30', NULL, 1, NULL, 2);
INSERT INTO `t_oms_item` VALUES (3643, '商品613', '1296367656148013155', 100000, NULL, '1', '2020-08-20 16:45:30', NULL, 1, NULL, 2);
INSERT INTO `t_oms_item` VALUES (3644, '商品614', '1296367656148013156', 100000, NULL, '1', '2020-08-20 16:45:30', NULL, 1, NULL, 2);
INSERT INTO `t_oms_item` VALUES (3645, '商品615', '1296367656148013157', 100000, NULL, '1', '2020-08-20 16:45:30', NULL, 1, NULL, 2);
INSERT INTO `t_oms_item` VALUES (3646, '商品616', '1296367656148013158', 100000, NULL, '1', '2020-08-20 16:45:30', NULL, 1, NULL, 2);
INSERT INTO `t_oms_item` VALUES (3647, '商品617', '1296367656148013159', 100000, NULL, '1', '2020-08-20 16:45:30', NULL, 1, NULL, 2);
INSERT INTO `t_oms_item` VALUES (3648, '商品618', '1296367656148013160', 100000, NULL, '1', '2020-08-20 16:45:30', NULL, 1, NULL, 2);
INSERT INTO `t_oms_item` VALUES (3649, '商品619', '1296367656148013161', 100000, NULL, '1', '2020-08-20 16:45:30', NULL, 1, NULL, 2);
INSERT INTO `t_oms_item` VALUES (3650, '商品620', '1296367656148013162', 100000, NULL, '1', '2020-08-20 16:45:30', NULL, 1, NULL, 2);
INSERT INTO `t_oms_item` VALUES (3651, '商品621', '1296367656148013163', 100000, NULL, '1', '2020-08-20 16:45:30', NULL, 1, NULL, 2);
INSERT INTO `t_oms_item` VALUES (3652, '商品622', '1296367656148013164', 100000, NULL, '1', '2020-08-20 16:45:30', NULL, 1, NULL, 2);
INSERT INTO `t_oms_item` VALUES (3653, '商品623', '1296367656148013165', 100000, NULL, '1', '2020-08-20 16:45:30', NULL, 1, NULL, 2);
INSERT INTO `t_oms_item` VALUES (3654, '商品624', '1296367656148013166', 100000, NULL, '1', '2020-08-20 16:45:30', NULL, 1, NULL, 2);
INSERT INTO `t_oms_item` VALUES (3655, '商品625', '1296367656148013167', 100000, NULL, '1', '2020-08-20 16:45:30', NULL, 1, NULL, 2);
INSERT INTO `t_oms_item` VALUES (3656, '商品626', '1296367656148013168', 100000, NULL, '1', '2020-08-20 16:45:30', NULL, 1, NULL, 2);
INSERT INTO `t_oms_item` VALUES (3657, '商品627', '1296367656148013169', 100000, NULL, '1', '2020-08-20 16:45:30', NULL, 1, NULL, 2);
INSERT INTO `t_oms_item` VALUES (3658, '商品628', '1296367656148013170', 100000, NULL, '1', '2020-08-20 16:45:30', NULL, 1, NULL, 2);
INSERT INTO `t_oms_item` VALUES (3659, '商品629', '1296367656148013171', 100000, NULL, '1', '2020-08-20 16:45:30', NULL, 1, NULL, 2);
INSERT INTO `t_oms_item` VALUES (3660, '商品630', '1296367656152207360', 100000, NULL, '1', '2020-08-20 16:45:30', NULL, 1, NULL, 2);
INSERT INTO `t_oms_item` VALUES (3661, '商品631', '1296367656152207361', 100000, NULL, '1', '2020-08-20 16:45:30', NULL, 1, NULL, 2);
INSERT INTO `t_oms_item` VALUES (3662, '商品632', '1296367656152207362', 100000, NULL, '1', '2020-08-20 16:45:30', NULL, 1, NULL, 2);
INSERT INTO `t_oms_item` VALUES (3663, '商品633', '1296367656152207363', 100000, NULL, '1', '2020-08-20 16:45:30', NULL, 1, NULL, 2);
INSERT INTO `t_oms_item` VALUES (3664, '商品634', '1296367656152207364', 100000, NULL, '1', '2020-08-20 16:45:30', NULL, 1, NULL, 2);
INSERT INTO `t_oms_item` VALUES (3665, '商品635', '1296367656152207365', 100000, NULL, '1', '2020-08-20 16:45:30', NULL, 1, NULL, 2);
INSERT INTO `t_oms_item` VALUES (3666, '商品636', '1296367656152207366', 100000, NULL, '1', '2020-08-20 16:45:30', NULL, 1, NULL, 2);
INSERT INTO `t_oms_item` VALUES (3667, '商品637', '1296367656152207367', 100000, NULL, '1', '2020-08-20 16:45:30', NULL, 1, NULL, 2);
INSERT INTO `t_oms_item` VALUES (3668, '商品638', '1296367656152207368', 100000, NULL, '1', '2020-08-20 16:45:30', NULL, 1, NULL, 2);
INSERT INTO `t_oms_item` VALUES (3669, '商品639', '1296367656152207369', 100000, NULL, '1', '2020-08-20 16:45:30', NULL, 1, NULL, 2);
INSERT INTO `t_oms_item` VALUES (3670, '商品640', '1296367656152207370', 100000, NULL, '1', '2020-08-20 16:45:30', NULL, 1, NULL, 2);
INSERT INTO `t_oms_item` VALUES (3671, '商品641', '1296367656152207371', 100000, NULL, '1', '2020-08-20 16:45:30', NULL, 1, NULL, 2);
INSERT INTO `t_oms_item` VALUES (3672, '商品642', '1296367656152207372', 100000, NULL, '1', '2020-08-20 16:45:30', NULL, 1, NULL, 2);
INSERT INTO `t_oms_item` VALUES (3673, '商品643', '1296367656152207373', 100000, NULL, '1', '2020-08-20 16:45:30', NULL, 1, NULL, 2);
INSERT INTO `t_oms_item` VALUES (3674, '商品644', '1296367656152207374', 100000, NULL, '1', '2020-08-20 16:45:30', NULL, 1, NULL, 2);
INSERT INTO `t_oms_item` VALUES (3675, '商品645', '1296367656152207375', 100000, NULL, '1', '2020-08-20 16:45:30', NULL, 1, NULL, 2);
INSERT INTO `t_oms_item` VALUES (3676, '商品646', '1296367656152207376', 100000, NULL, '1', '2020-08-20 16:45:30', NULL, 1, NULL, 2);
INSERT INTO `t_oms_item` VALUES (3677, '商品647', '1296367656152207377', 100000, NULL, '1', '2020-08-20 16:45:30', NULL, 1, NULL, 2);
INSERT INTO `t_oms_item` VALUES (3678, '商品648', '1296367656152207378', 100000, NULL, '1', '2020-08-20 16:45:30', NULL, 1, NULL, 2);
INSERT INTO `t_oms_item` VALUES (3679, '商品649', '1296367656152207379', 100000, NULL, '1', '2020-08-20 16:45:30', NULL, 1, NULL, 2);
INSERT INTO `t_oms_item` VALUES (3680, '商品650', '1296367656152207380', 100000, NULL, '1', '2020-08-20 16:45:30', NULL, 1, NULL, 2);
INSERT INTO `t_oms_item` VALUES (3681, '商品651', '1296367656152207381', 100000, NULL, '1', '2020-08-20 16:45:30', NULL, 1, NULL, 2);
INSERT INTO `t_oms_item` VALUES (3682, '商品652', '1296367656152207382', 100000, NULL, '1', '2020-08-20 16:45:30', NULL, 1, NULL, 2);
INSERT INTO `t_oms_item` VALUES (3683, '商品653', '1296367656152207383', 100000, NULL, '1', '2020-08-20 16:45:30', NULL, 1, NULL, 2);
INSERT INTO `t_oms_item` VALUES (3684, '商品654', '1296367656152207384', 100000, NULL, '1', '2020-08-20 16:45:30', NULL, 1, NULL, 2);
INSERT INTO `t_oms_item` VALUES (3685, '商品655', '1296367656152207385', 100000, NULL, '1', '2020-08-20 16:45:30', NULL, 1, NULL, 2);
INSERT INTO `t_oms_item` VALUES (3686, '商品656', '1296367656152207386', 100000, NULL, '1', '2020-08-20 16:45:30', NULL, 1, NULL, 2);
INSERT INTO `t_oms_item` VALUES (3687, '商品657', '1296367656152207387', 100000, NULL, '1', '2020-08-20 16:45:30', NULL, 1, NULL, 2);
INSERT INTO `t_oms_item` VALUES (3688, '商品658', '1296367656152207388', 100000, NULL, '1', '2020-08-20 16:45:30', NULL, 1, NULL, 2);
INSERT INTO `t_oms_item` VALUES (3689, '商品659', '1296367656152207389', 100000, NULL, '1', '2020-08-20 16:45:30', NULL, 1, NULL, 2);
INSERT INTO `t_oms_item` VALUES (3690, '商品660', '1296367656152207390', 100000, NULL, '1', '2020-08-20 16:45:30', NULL, 1, NULL, 2);
INSERT INTO `t_oms_item` VALUES (3691, '商品661', '1296367656152207391', 100000, NULL, '1', '2020-08-20 16:45:30', NULL, 1, NULL, 2);
INSERT INTO `t_oms_item` VALUES (3692, '商品662', '1296367656152207392', 100000, NULL, '1', '2020-08-20 16:45:30', NULL, 1, NULL, 2);
INSERT INTO `t_oms_item` VALUES (3693, '商品663', '1296367656152207393', 100000, NULL, '1', '2020-08-20 16:45:30', NULL, 1, NULL, 2);
INSERT INTO `t_oms_item` VALUES (3694, '商品664', '1296367656152207394', 100000, NULL, '1', '2020-08-20 16:45:30', NULL, 1, NULL, 2);
INSERT INTO `t_oms_item` VALUES (3695, '商品665', '1296367656152207395', 100000, NULL, '1', '2020-08-20 16:45:30', NULL, 1, NULL, 2);
INSERT INTO `t_oms_item` VALUES (3696, '商品666', '1296367656152207396', 100000, NULL, '1', '2020-08-20 16:45:30', NULL, 1, NULL, 2);
INSERT INTO `t_oms_item` VALUES (3697, '商品667', '1296367656152207397', 100000, NULL, '1', '2020-08-20 16:45:30', NULL, 1, NULL, 2);
INSERT INTO `t_oms_item` VALUES (3698, '商品668', '1296367656152207398', 100000, NULL, '1', '2020-08-20 16:45:30', NULL, 1, NULL, 2);
INSERT INTO `t_oms_item` VALUES (3699, '商品669', '1296367656152207399', 100000, NULL, '1', '2020-08-20 16:45:30', NULL, 1, NULL, 2);
INSERT INTO `t_oms_item` VALUES (3700, '商品670', '1296367656152207400', 100000, NULL, '1', '2020-08-20 16:45:30', NULL, 1, NULL, 2);
INSERT INTO `t_oms_item` VALUES (3701, '商品671', '1296367656152207401', 100000, NULL, '1', '2020-08-20 16:45:30', NULL, 1, NULL, 2);
INSERT INTO `t_oms_item` VALUES (3702, '商品672', '1296367656152207402', 100000, NULL, '1', '2020-08-20 16:45:30', NULL, 1, NULL, 2);
INSERT INTO `t_oms_item` VALUES (3703, '商品673', '1296367656152207403', 100000, NULL, '1', '2020-08-20 16:45:30', NULL, 1, NULL, 2);
INSERT INTO `t_oms_item` VALUES (3704, '商品674', '1296367656152207404', 100000, NULL, '1', '2020-08-20 16:45:30', NULL, 1, NULL, 2);
INSERT INTO `t_oms_item` VALUES (3705, '商品675', '1296367656152207405', 100000, NULL, '1', '2020-08-20 16:45:30', NULL, 1, NULL, 2);
INSERT INTO `t_oms_item` VALUES (3706, '商品676', '1296367656152207406', 100000, NULL, '1', '2020-08-20 16:45:30', NULL, 1, NULL, 2);
INSERT INTO `t_oms_item` VALUES (3707, '商品677', '1296367656152207407', 100000, NULL, '1', '2020-08-20 16:45:30', NULL, 1, NULL, 2);
INSERT INTO `t_oms_item` VALUES (3708, '商品678', '1296367656152207408', 100000, NULL, '1', '2020-08-20 16:45:30', NULL, 1, NULL, 2);
INSERT INTO `t_oms_item` VALUES (3709, '商品679', '1296367656152207409', 100000, NULL, '1', '2020-08-20 16:45:30', NULL, 1, NULL, 2);
INSERT INTO `t_oms_item` VALUES (3710, '商品680', '1296367656152207410', 100000, NULL, '1', '2020-08-20 16:45:30', NULL, 1, NULL, 2);
INSERT INTO `t_oms_item` VALUES (3711, '商品681', '1296367656152207411', 100000, NULL, '1', '2020-08-20 16:45:30', NULL, 1, NULL, 2);
INSERT INTO `t_oms_item` VALUES (3712, '商品682', '1296367656152207412', 100000, NULL, '1', '2020-08-20 16:45:30', NULL, 1, NULL, 2);
INSERT INTO `t_oms_item` VALUES (3713, '商品683', '1296367656152207413', 100000, NULL, '1', '2020-08-20 16:45:30', NULL, 1, NULL, 2);
INSERT INTO `t_oms_item` VALUES (3714, '商品684', '1296367656152207414', 100000, NULL, '1', '2020-08-20 16:45:30', NULL, 1, NULL, 2);
INSERT INTO `t_oms_item` VALUES (3715, '商品685', '1296367656152207415', 100000, NULL, '1', '2020-08-20 16:45:30', NULL, 1, NULL, 2);
INSERT INTO `t_oms_item` VALUES (3716, '商品686', '1296367656152207416', 100000, NULL, '1', '2020-08-20 16:45:30', NULL, 1, NULL, 2);
INSERT INTO `t_oms_item` VALUES (3717, '商品687', '1296367656152207417', 100000, NULL, '1', '2020-08-20 16:45:30', NULL, 1, NULL, 2);
INSERT INTO `t_oms_item` VALUES (3718, '商品688', '1296367656152207418', 100000, NULL, '1', '2020-08-20 16:45:30', NULL, 1, NULL, 2);
INSERT INTO `t_oms_item` VALUES (3719, '商品689', '1296367656152207419', 100000, NULL, '1', '2020-08-20 16:45:30', NULL, 1, NULL, 2);
INSERT INTO `t_oms_item` VALUES (3720, '商品690', '1296367656152207420', 100000, NULL, '1', '2020-08-20 16:45:30', NULL, 1, NULL, 2);
INSERT INTO `t_oms_item` VALUES (3721, '商品691', '1296367656152207421', 100000, NULL, '1', '2020-08-20 16:45:30', NULL, 1, NULL, 2);
INSERT INTO `t_oms_item` VALUES (3722, '商品692', '1296367656152207422', 100000, NULL, '1', '2020-08-20 16:45:30', NULL, 1, NULL, 2);
INSERT INTO `t_oms_item` VALUES (3723, '商品693', '1296367656152207423', 100000, NULL, '1', '2020-08-20 16:45:30', NULL, 1, NULL, 2);
INSERT INTO `t_oms_item` VALUES (3724, '商品694', '1296367656152207424', 100000, NULL, '1', '2020-08-20 16:45:30', NULL, 1, NULL, 2);
INSERT INTO `t_oms_item` VALUES (3725, '商品695', '1296367656152207425', 100000, NULL, '1', '2020-08-20 16:45:30', NULL, 1, NULL, 2);
INSERT INTO `t_oms_item` VALUES (3726, '商品696', '1296367656152207426', 100000, NULL, '1', '2020-08-20 16:45:30', NULL, 1, NULL, 2);
INSERT INTO `t_oms_item` VALUES (3727, '商品697', '1296367656152207427', 100000, NULL, '1', '2020-08-20 16:45:30', NULL, 1, NULL, 2);
INSERT INTO `t_oms_item` VALUES (3728, '商品698', '1296367656152207428', 100000, NULL, '1', '2020-08-20 16:45:30', NULL, 1, NULL, 2);
INSERT INTO `t_oms_item` VALUES (3729, '商品699', '1296367656152207429', 100000, NULL, '1', '2020-08-20 16:45:30', NULL, 1, NULL, 2);
INSERT INTO `t_oms_item` VALUES (3730, '商品700', '1296367656152207430', 100000, NULL, '1', '2020-08-20 16:45:30', NULL, 1, NULL, 2);
INSERT INTO `t_oms_item` VALUES (3731, '商品701', '1296367656152207431', 100000, NULL, '1', '2020-08-20 16:45:30', NULL, 1, NULL, 2);
INSERT INTO `t_oms_item` VALUES (3732, '商品702', '1296367656152207432', 100000, NULL, '1', '2020-08-20 16:45:30', NULL, 1, NULL, 2);
INSERT INTO `t_oms_item` VALUES (3733, '商品703', '1296367656152207433', 100000, NULL, '1', '2020-08-20 16:45:30', NULL, 1, NULL, 2);
INSERT INTO `t_oms_item` VALUES (3734, '商品704', '1296367656152207434', 100000, NULL, '1', '2020-08-20 16:45:30', NULL, 1, NULL, 2);
INSERT INTO `t_oms_item` VALUES (3735, '商品705', '1296367656152207435', 100000, NULL, '1', '2020-08-20 16:45:30', NULL, 1, NULL, 2);
INSERT INTO `t_oms_item` VALUES (3736, '商品706', '1296367656152207436', 100000, NULL, '1', '2020-08-20 16:45:30', NULL, 1, NULL, 2);
INSERT INTO `t_oms_item` VALUES (3737, '商品707', '1296367656152207437', 100000, NULL, '1', '2020-08-20 16:45:30', NULL, 1, NULL, 2);
INSERT INTO `t_oms_item` VALUES (3738, '商品708', '1296367656152207438', 100000, NULL, '1', '2020-08-20 16:45:30', NULL, 1, NULL, 2);
INSERT INTO `t_oms_item` VALUES (3739, '商品709', '1296367656152207439', 100000, NULL, '1', '2020-08-20 16:45:30', NULL, 1, NULL, 2);
INSERT INTO `t_oms_item` VALUES (3740, '商品710', '1296367656152207440', 100000, NULL, '1', '2020-08-20 16:45:30', NULL, 1, NULL, 2);
INSERT INTO `t_oms_item` VALUES (3741, '商品711', '1296367656152207441', 100000, NULL, '1', '2020-08-20 16:45:30', NULL, 1, NULL, 2);
INSERT INTO `t_oms_item` VALUES (3742, '商品712', '1296367656152207442', 100000, NULL, '1', '2020-08-20 16:45:30', NULL, 1, NULL, 2);
INSERT INTO `t_oms_item` VALUES (3743, '商品713', '1296367656152207443', 100000, NULL, '1', '2020-08-20 16:45:30', NULL, 1, NULL, 2);
INSERT INTO `t_oms_item` VALUES (3744, '商品714', '1296367656152207444', 100000, NULL, '1', '2020-08-20 16:45:30', NULL, 1, NULL, 2);
INSERT INTO `t_oms_item` VALUES (3745, '商品715', '1296367656152207445', 100000, NULL, '1', '2020-08-20 16:45:30', NULL, 1, NULL, 2);
INSERT INTO `t_oms_item` VALUES (3746, '商品716', '1296367656152207446', 100000, NULL, '1', '2020-08-20 16:45:30', NULL, 1, NULL, 2);
INSERT INTO `t_oms_item` VALUES (3747, '商品717', '1296367656152207447', 100000, NULL, '1', '2020-08-20 16:45:30', NULL, 1, NULL, 2);
INSERT INTO `t_oms_item` VALUES (3748, '商品718', '1296367656152207448', 100000, NULL, '1', '2020-08-20 16:45:30', NULL, 1, NULL, 2);
INSERT INTO `t_oms_item` VALUES (3749, '商品719', '1296367656152207449', 100000, NULL, '1', '2020-08-20 16:45:30', NULL, 1, NULL, 2);
INSERT INTO `t_oms_item` VALUES (3750, '商品720', '1296367656152207450', 100000, NULL, '1', '2020-08-20 16:45:30', NULL, 1, NULL, 2);
INSERT INTO `t_oms_item` VALUES (3751, '商品721', '1296367656152207451', 100000, NULL, '1', '2020-08-20 16:45:30', NULL, 1, NULL, 2);
INSERT INTO `t_oms_item` VALUES (3752, '商品722', '1296367656152207452', 100000, NULL, '1', '2020-08-20 16:45:30', NULL, 1, NULL, 2);
INSERT INTO `t_oms_item` VALUES (3753, '商品723', '1296367656152207453', 100000, NULL, '1', '2020-08-20 16:45:30', NULL, 1, NULL, 2);
INSERT INTO `t_oms_item` VALUES (3754, '商品724', '1296367656152207454', 100000, NULL, '1', '2020-08-20 16:45:30', NULL, 1, NULL, 2);
INSERT INTO `t_oms_item` VALUES (3755, '商品725', '1296367656152207455', 100000, NULL, '1', '2020-08-20 16:45:30', NULL, 1, NULL, 2);
INSERT INTO `t_oms_item` VALUES (3756, '商品726', '1296367656152207456', 100000, NULL, '1', '2020-08-20 16:45:30', NULL, 1, NULL, 2);
INSERT INTO `t_oms_item` VALUES (3757, '商品727', '1296367656152207457', 100000, NULL, '1', '2020-08-20 16:45:30', NULL, 1, NULL, 2);
INSERT INTO `t_oms_item` VALUES (3758, '商品728', '1296367656152207458', 100000, NULL, '1', '2020-08-20 16:45:30', NULL, 1, NULL, 2);
INSERT INTO `t_oms_item` VALUES (3759, '商品729', '1296367656152207459', 100000, NULL, '1', '2020-08-20 16:45:30', NULL, 1, NULL, 2);
INSERT INTO `t_oms_item` VALUES (3760, '商品730', '1296367656152207460', 100000, NULL, '1', '2020-08-20 16:45:30', NULL, 1, NULL, 2);
INSERT INTO `t_oms_item` VALUES (3761, '商品731', '1296367656152207461', 100000, NULL, '1', '2020-08-20 16:45:30', NULL, 1, NULL, 2);
INSERT INTO `t_oms_item` VALUES (3762, '商品732', '1296367656152207462', 100000, NULL, '1', '2020-08-20 16:45:30', NULL, 1, NULL, 2);
INSERT INTO `t_oms_item` VALUES (3763, '商品733', '1296367656152207463', 100000, NULL, '1', '2020-08-20 16:45:30', NULL, 1, NULL, 2);
INSERT INTO `t_oms_item` VALUES (3764, '商品734', '1296367656152207464', 100000, NULL, '1', '2020-08-20 16:45:30', NULL, 1, NULL, 2);
INSERT INTO `t_oms_item` VALUES (3765, '商品735', '1296367656152207465', 100000, NULL, '1', '2020-08-20 16:45:30', NULL, 1, NULL, 2);
INSERT INTO `t_oms_item` VALUES (3766, '商品736', '1296367656152207466', 100000, NULL, '1', '2020-08-20 16:45:30', NULL, 1, NULL, 2);
INSERT INTO `t_oms_item` VALUES (3767, '商品737', '1296367656152207467', 100000, NULL, '1', '2020-08-20 16:45:30', NULL, 1, NULL, 2);
INSERT INTO `t_oms_item` VALUES (3768, '商品738', '1296367656152207468', 100000, NULL, '1', '2020-08-20 16:45:30', NULL, 1, NULL, 2);
INSERT INTO `t_oms_item` VALUES (3769, '商品739', '1296367656152207469', 100000, NULL, '1', '2020-08-20 16:45:30', NULL, 1, NULL, 2);
INSERT INTO `t_oms_item` VALUES (3770, '商品740', '1296367656152207470', 100000, NULL, '1', '2020-08-20 16:45:30', NULL, 1, NULL, 2);
INSERT INTO `t_oms_item` VALUES (3771, '商品741', '1296367656152207471', 100000, NULL, '1', '2020-08-20 16:45:30', NULL, 1, NULL, 2);
INSERT INTO `t_oms_item` VALUES (3772, '商品742', '1296367656152207472', 100000, NULL, '1', '2020-08-20 16:45:30', NULL, 1, NULL, 2);
INSERT INTO `t_oms_item` VALUES (3773, '商品743', '1296367656152207473', 100000, NULL, '1', '2020-08-20 16:45:30', NULL, 1, NULL, 2);
INSERT INTO `t_oms_item` VALUES (3774, '商品744', '1296367656152207474', 100000, NULL, '1', '2020-08-20 16:45:30', NULL, 1, NULL, 2);
INSERT INTO `t_oms_item` VALUES (3775, '商品745', '1296367656152207475', 100000, NULL, '1', '2020-08-20 16:45:30', NULL, 1, NULL, 2);
INSERT INTO `t_oms_item` VALUES (3776, '商品746', '1296367656152207476', 100000, NULL, '1', '2020-08-20 16:45:30', NULL, 1, NULL, 2);
INSERT INTO `t_oms_item` VALUES (3777, '商品747', '1296367656152207477', 100000, NULL, '1', '2020-08-20 16:45:30', NULL, 1, NULL, 2);
INSERT INTO `t_oms_item` VALUES (3778, '商品748', '1296367656156401664', 100000, NULL, '1', '2020-08-20 16:45:30', NULL, 1, NULL, 2);
INSERT INTO `t_oms_item` VALUES (3779, '商品749', '1296367656156401665', 100000, NULL, '1', '2020-08-20 16:45:30', NULL, 1, NULL, 2);
INSERT INTO `t_oms_item` VALUES (3780, '商品750', '1296367656156401666', 100000, NULL, '1', '2020-08-20 16:45:30', NULL, 1, NULL, 2);
INSERT INTO `t_oms_item` VALUES (3781, '商品751', '1296367656156401667', 100000, NULL, '1', '2020-08-20 16:45:30', NULL, 1, NULL, 2);
INSERT INTO `t_oms_item` VALUES (3782, '商品752', '1296367656156401668', 100000, NULL, '1', '2020-08-20 16:45:30', NULL, 1, NULL, 2);
INSERT INTO `t_oms_item` VALUES (3783, '商品753', '1296367656156401669', 100000, NULL, '1', '2020-08-20 16:45:30', NULL, 1, NULL, 2);
INSERT INTO `t_oms_item` VALUES (3784, '商品754', '1296367656156401670', 100000, NULL, '1', '2020-08-20 16:45:30', NULL, 1, NULL, 2);
INSERT INTO `t_oms_item` VALUES (3785, '商品755', '1296367656156401671', 100000, NULL, '1', '2020-08-20 16:45:30', NULL, 1, NULL, 2);
INSERT INTO `t_oms_item` VALUES (3786, '商品756', '1296367656156401672', 100000, NULL, '1', '2020-08-20 16:45:30', NULL, 1, NULL, 2);
INSERT INTO `t_oms_item` VALUES (3787, '商品757', '1296367656156401673', 100000, NULL, '1', '2020-08-20 16:45:30', NULL, 1, NULL, 2);
INSERT INTO `t_oms_item` VALUES (3788, '商品758', '1296367656156401674', 100000, NULL, '1', '2020-08-20 16:45:30', NULL, 1, NULL, 2);
INSERT INTO `t_oms_item` VALUES (3789, '商品759', '1296367656156401675', 100000, NULL, '1', '2020-08-20 16:45:30', NULL, 1, NULL, 2);
INSERT INTO `t_oms_item` VALUES (3790, '商品760', '1296367656156401676', 100000, NULL, '1', '2020-08-20 16:45:30', NULL, 1, NULL, 2);
INSERT INTO `t_oms_item` VALUES (3791, '商品761', '1296367656156401677', 100000, NULL, '1', '2020-08-20 16:45:30', NULL, 1, NULL, 2);
INSERT INTO `t_oms_item` VALUES (3792, '商品762', '1296367656156401678', 100000, NULL, '1', '2020-08-20 16:45:30', NULL, 1, NULL, 2);
INSERT INTO `t_oms_item` VALUES (3793, '商品763', '1296367656156401679', 100000, NULL, '1', '2020-08-20 16:45:30', NULL, 1, NULL, 2);
INSERT INTO `t_oms_item` VALUES (3794, '商品764', '1296367656156401680', 100000, NULL, '1', '2020-08-20 16:45:30', NULL, 1, NULL, 2);
INSERT INTO `t_oms_item` VALUES (3795, '商品765', '1296367656156401681', 100000, NULL, '1', '2020-08-20 16:45:30', NULL, 1, NULL, 2);
INSERT INTO `t_oms_item` VALUES (3796, '商品766', '1296367656156401682', 100000, NULL, '1', '2020-08-20 16:45:30', NULL, 1, NULL, 2);
INSERT INTO `t_oms_item` VALUES (3797, '商品767', '1296367656156401683', 100000, NULL, '1', '2020-08-20 16:45:30', NULL, 1, NULL, 2);
INSERT INTO `t_oms_item` VALUES (3798, '商品768', '1296367656156401684', 100000, NULL, '1', '2020-08-20 16:45:30', NULL, 1, NULL, 2);
INSERT INTO `t_oms_item` VALUES (3799, '商品769', '1296367656156401685', 100000, NULL, '1', '2020-08-20 16:45:30', NULL, 1, NULL, 2);
INSERT INTO `t_oms_item` VALUES (3800, '商品770', '1296367656156401686', 100000, NULL, '1', '2020-08-20 16:45:30', NULL, 1, NULL, 2);
INSERT INTO `t_oms_item` VALUES (3801, '商品771', '1296367656156401687', 100000, NULL, '1', '2020-08-20 16:45:30', NULL, 1, NULL, 2);
INSERT INTO `t_oms_item` VALUES (3802, '商品772', '1296367656156401688', 100000, NULL, '1', '2020-08-20 16:45:30', NULL, 1, NULL, 2);
INSERT INTO `t_oms_item` VALUES (3803, '商品773', '1296367656156401689', 100000, NULL, '1', '2020-08-20 16:45:30', NULL, 1, NULL, 2);
INSERT INTO `t_oms_item` VALUES (3804, '商品774', '1296367656156401690', 100000, NULL, '1', '2020-08-20 16:45:30', NULL, 1, NULL, 2);
INSERT INTO `t_oms_item` VALUES (3805, '商品775', '1296367656156401691', 100000, NULL, '1', '2020-08-20 16:45:30', NULL, 1, NULL, 2);
INSERT INTO `t_oms_item` VALUES (3806, '商品776', '1296367656156401692', 100000, NULL, '1', '2020-08-20 16:45:30', NULL, 1, NULL, 2);
INSERT INTO `t_oms_item` VALUES (3807, '商品777', '1296367656156401693', 100000, NULL, '1', '2020-08-20 16:45:30', NULL, 1, NULL, 2);
INSERT INTO `t_oms_item` VALUES (3808, '商品778', '1296367656156401694', 100000, NULL, '1', '2020-08-20 16:45:30', NULL, 1, NULL, 2);
INSERT INTO `t_oms_item` VALUES (3809, '商品779', '1296367656156401695', 100000, NULL, '1', '2020-08-20 16:45:30', NULL, 1, NULL, 2);
INSERT INTO `t_oms_item` VALUES (3810, '商品780', '1296367656156401696', 100000, NULL, '1', '2020-08-20 16:45:30', NULL, 1, NULL, 2);
INSERT INTO `t_oms_item` VALUES (3811, '商品781', '1296367656156401697', 100000, NULL, '1', '2020-08-20 16:45:30', NULL, 1, NULL, 2);
INSERT INTO `t_oms_item` VALUES (3812, '商品782', '1296367656156401698', 100000, NULL, '1', '2020-08-20 16:45:30', NULL, 1, NULL, 2);
INSERT INTO `t_oms_item` VALUES (3813, '商品783', '1296367656156401699', 100000, NULL, '1', '2020-08-20 16:45:30', NULL, 1, NULL, 2);
INSERT INTO `t_oms_item` VALUES (3814, '商品784', '1296367656156401700', 100000, NULL, '1', '2020-08-20 16:45:30', NULL, 1, NULL, 2);
INSERT INTO `t_oms_item` VALUES (3815, '商品785', '1296367656156401701', 100000, NULL, '1', '2020-08-20 16:45:30', NULL, 1, NULL, 2);
INSERT INTO `t_oms_item` VALUES (3816, '商品786', '1296367656156401702', 100000, NULL, '1', '2020-08-20 16:45:30', NULL, 1, NULL, 2);
INSERT INTO `t_oms_item` VALUES (3817, '商品787', '1296367656156401703', 100000, NULL, '1', '2020-08-20 16:45:30', NULL, 1, NULL, 2);
INSERT INTO `t_oms_item` VALUES (3818, '商品788', '1296367656156401704', 100000, NULL, '1', '2020-08-20 16:45:30', NULL, 1, NULL, 2);
INSERT INTO `t_oms_item` VALUES (3819, '商品789', '1296367656156401705', 100000, NULL, '1', '2020-08-20 16:45:30', NULL, 1, NULL, 2);
INSERT INTO `t_oms_item` VALUES (3820, '商品790', '1296367656156401706', 100000, NULL, '1', '2020-08-20 16:45:30', NULL, 1, NULL, 2);
INSERT INTO `t_oms_item` VALUES (3821, '商品791', '1296367656156401707', 100000, NULL, '1', '2020-08-20 16:45:30', NULL, 1, NULL, 2);
INSERT INTO `t_oms_item` VALUES (3822, '商品792', '1296367656156401708', 100000, NULL, '1', '2020-08-20 16:45:30', NULL, 1, NULL, 2);
INSERT INTO `t_oms_item` VALUES (3823, '商品793', '1296367656156401709', 100000, NULL, '1', '2020-08-20 16:45:30', NULL, 1, NULL, 2);
INSERT INTO `t_oms_item` VALUES (3824, '商品794', '1296367656156401710', 100000, NULL, '1', '2020-08-20 16:45:30', NULL, 1, NULL, 2);
INSERT INTO `t_oms_item` VALUES (3825, '商品795', '1296367656156401711', 100000, NULL, '1', '2020-08-20 16:45:30', NULL, 1, NULL, 2);
INSERT INTO `t_oms_item` VALUES (3826, '商品796', '1296367656156401712', 100000, NULL, '1', '2020-08-20 16:45:30', NULL, 1, NULL, 2);
INSERT INTO `t_oms_item` VALUES (3827, '商品797', '1296367656156401713', 100000, NULL, '1', '2020-08-20 16:45:30', NULL, 1, NULL, 2);
INSERT INTO `t_oms_item` VALUES (3828, '商品798', '1296367656156401714', 100000, NULL, '1', '2020-08-20 16:45:30', NULL, 1, NULL, 2);
INSERT INTO `t_oms_item` VALUES (3829, '商品799', '1296367656156401715', 100000, NULL, '1', '2020-08-20 16:45:30', NULL, 1, NULL, 2);
INSERT INTO `t_oms_item` VALUES (3830, '商品800', '1296367656156401716', 100000, NULL, '1', '2020-08-20 16:45:30', NULL, 1, NULL, 2);
INSERT INTO `t_oms_item` VALUES (3831, '商品801', '1296367656156401717', 100000, NULL, '1', '2020-08-20 16:45:30', NULL, 1, NULL, 2);
INSERT INTO `t_oms_item` VALUES (3832, '商品802', '1296367656156401718', 100000, NULL, '1', '2020-08-20 16:45:30', NULL, 1, NULL, 2);
INSERT INTO `t_oms_item` VALUES (3833, '商品803', '1296367656156401719', 100000, NULL, '1', '2020-08-20 16:45:30', NULL, 1, NULL, 2);
INSERT INTO `t_oms_item` VALUES (3834, '商品804', '1296367656156401720', 100000, NULL, '1', '2020-08-20 16:45:30', NULL, 1, NULL, 2);
INSERT INTO `t_oms_item` VALUES (3835, '商品805', '1296367656156401721', 100000, NULL, '1', '2020-08-20 16:45:30', NULL, 1, NULL, 2);
INSERT INTO `t_oms_item` VALUES (3836, '商品806', '1296367656156401722', 100000, NULL, '1', '2020-08-20 16:45:30', NULL, 1, NULL, 2);
INSERT INTO `t_oms_item` VALUES (3837, '商品807', '1296367656156401723', 100000, NULL, '1', '2020-08-20 16:45:30', NULL, 1, NULL, 2);
INSERT INTO `t_oms_item` VALUES (3838, '商品808', '1296367656156401724', 100000, NULL, '1', '2020-08-20 16:45:30', NULL, 1, NULL, 2);
INSERT INTO `t_oms_item` VALUES (3839, '商品809', '1296367656156401725', 100000, NULL, '1', '2020-08-20 16:45:30', NULL, 1, NULL, 2);
INSERT INTO `t_oms_item` VALUES (3840, '商品810', '1296367656156401726', 100000, NULL, '1', '2020-08-20 16:45:30', NULL, 1, NULL, 2);
INSERT INTO `t_oms_item` VALUES (3841, '商品811', '1296367656156401727', 100000, NULL, '1', '2020-08-20 16:45:30', NULL, 1, NULL, 2);
INSERT INTO `t_oms_item` VALUES (3842, '商品812', '1296367656156401728', 100000, NULL, '1', '2020-08-20 16:45:30', NULL, 1, NULL, 2);
INSERT INTO `t_oms_item` VALUES (3843, '商品813', '1296367656156401729', 100000, NULL, '1', '2020-08-20 16:45:30', NULL, 1, NULL, 2);
INSERT INTO `t_oms_item` VALUES (3844, '商品814', '1296367656156401730', 100000, NULL, '1', '2020-08-20 16:45:30', NULL, 1, NULL, 2);
INSERT INTO `t_oms_item` VALUES (3845, '商品815', '1296367656156401731', 100000, NULL, '1', '2020-08-20 16:45:30', NULL, 1, NULL, 2);
INSERT INTO `t_oms_item` VALUES (3846, '商品816', '1296367656156401732', 100000, NULL, '1', '2020-08-20 16:45:30', NULL, 1, NULL, 2);
INSERT INTO `t_oms_item` VALUES (3847, '商品817', '1296367656156401733', 100000, NULL, '1', '2020-08-20 16:45:30', NULL, 1, NULL, 2);
INSERT INTO `t_oms_item` VALUES (3848, '商品818', '1296367656156401734', 100000, NULL, '1', '2020-08-20 16:45:30', NULL, 1, NULL, 2);
INSERT INTO `t_oms_item` VALUES (3849, '商品819', '1296367656156401735', 100000, NULL, '1', '2020-08-20 16:45:30', NULL, 1, NULL, 2);
INSERT INTO `t_oms_item` VALUES (3850, '商品820', '1296367656156401736', 100000, NULL, '1', '2020-08-20 16:45:30', NULL, 1, NULL, 2);
INSERT INTO `t_oms_item` VALUES (3851, '商品821', '1296367656156401737', 100000, NULL, '1', '2020-08-20 16:45:30', NULL, 1, NULL, 2);
INSERT INTO `t_oms_item` VALUES (3852, '商品822', '1296367656156401738', 100000, NULL, '1', '2020-08-20 16:45:30', NULL, 1, NULL, 2);
INSERT INTO `t_oms_item` VALUES (3853, '商品823', '1296367656156401739', 100000, NULL, '1', '2020-08-20 16:45:30', NULL, 1, NULL, 2);
INSERT INTO `t_oms_item` VALUES (3854, '商品824', '1296367656156401740', 100000, NULL, '1', '2020-08-20 16:45:30', NULL, 1, NULL, 2);
INSERT INTO `t_oms_item` VALUES (3855, '商品825', '1296367656156401741', 100000, NULL, '1', '2020-08-20 16:45:30', NULL, 1, NULL, 2);
INSERT INTO `t_oms_item` VALUES (3856, '商品826', '1296367656156401742', 100000, NULL, '1', '2020-08-20 16:45:30', NULL, 1, NULL, 2);
INSERT INTO `t_oms_item` VALUES (3857, '商品827', '1296367656156401743', 100000, NULL, '1', '2020-08-20 16:45:30', NULL, 1, NULL, 2);
INSERT INTO `t_oms_item` VALUES (3858, '商品828', '1296367656156401744', 100000, NULL, '1', '2020-08-20 16:45:30', NULL, 1, NULL, 2);
INSERT INTO `t_oms_item` VALUES (3859, '商品829', '1296367656156401745', 100000, NULL, '1', '2020-08-20 16:45:30', NULL, 1, NULL, 2);
INSERT INTO `t_oms_item` VALUES (3860, '商品830', '1296367656156401746', 100000, NULL, '1', '2020-08-20 16:45:30', NULL, 1, NULL, 2);
INSERT INTO `t_oms_item` VALUES (3861, '商品831', '1296367656156401747', 100000, NULL, '1', '2020-08-20 16:45:30', NULL, 1, NULL, 2);
INSERT INTO `t_oms_item` VALUES (3862, '商品832', '1296367656156401748', 100000, NULL, '1', '2020-08-20 16:45:30', NULL, 1, NULL, 2);
INSERT INTO `t_oms_item` VALUES (3863, '商品833', '1296367656156401749', 100000, NULL, '1', '2020-08-20 16:45:30', NULL, 1, NULL, 2);
INSERT INTO `t_oms_item` VALUES (3864, '商品834', '1296367656156401750', 100000, NULL, '1', '2020-08-20 16:45:30', NULL, 1, NULL, 2);
INSERT INTO `t_oms_item` VALUES (3865, '商品835', '1296367656156401751', 100000, NULL, '1', '2020-08-20 16:45:30', NULL, 1, NULL, 2);
INSERT INTO `t_oms_item` VALUES (3866, '商品836', '1296367656156401752', 100000, NULL, '1', '2020-08-20 16:45:30', NULL, 1, NULL, 2);
INSERT INTO `t_oms_item` VALUES (3867, '商品837', '1296367656156401753', 100000, NULL, '1', '2020-08-20 16:45:30', NULL, 1, NULL, 2);
INSERT INTO `t_oms_item` VALUES (3868, '商品838', '1296367656156401754', 100000, NULL, '1', '2020-08-20 16:45:30', NULL, 1, NULL, 2);
INSERT INTO `t_oms_item` VALUES (3869, '商品839', '1296367656156401755', 100000, NULL, '1', '2020-08-20 16:45:30', NULL, 1, NULL, 2);
INSERT INTO `t_oms_item` VALUES (3870, '商品840', '1296367656156401756', 100000, NULL, '1', '2020-08-20 16:45:30', NULL, 1, NULL, 2);
INSERT INTO `t_oms_item` VALUES (3871, '商品841', '1296367656156401757', 100000, NULL, '1', '2020-08-20 16:45:30', NULL, 1, NULL, 2);
INSERT INTO `t_oms_item` VALUES (3872, '商品842', '1296367656156401758', 100000, NULL, '1', '2020-08-20 16:45:30', NULL, 1, NULL, 2);
INSERT INTO `t_oms_item` VALUES (3873, '商品843', '1296367656156401759', 100000, NULL, '1', '2020-08-20 16:45:30', NULL, 1, NULL, 2);
INSERT INTO `t_oms_item` VALUES (3874, '商品844', '1296367656156401760', 100000, NULL, '1', '2020-08-20 16:45:30', NULL, 1, NULL, 2);
INSERT INTO `t_oms_item` VALUES (3875, '商品845', '1296367656156401761', 100000, NULL, '1', '2020-08-20 16:45:30', NULL, 1, NULL, 2);
INSERT INTO `t_oms_item` VALUES (3876, '商品846', '1296367656156401762', 100000, NULL, '1', '2020-08-20 16:45:30', NULL, 1, NULL, 2);
INSERT INTO `t_oms_item` VALUES (3877, '商品847', '1296367656156401763', 100000, NULL, '1', '2020-08-20 16:45:30', NULL, 1, NULL, 2);
INSERT INTO `t_oms_item` VALUES (3878, '商品848', '1296367656156401764', 100000, NULL, '1', '2020-08-20 16:45:30', NULL, 1, NULL, 2);
INSERT INTO `t_oms_item` VALUES (3879, '商品849', '1296367656156401765', 100000, NULL, '1', '2020-08-20 16:45:30', NULL, 1, NULL, 2);
INSERT INTO `t_oms_item` VALUES (3880, '商品850', '1296367656156401766', 100000, NULL, '1', '2020-08-20 16:45:30', NULL, 1, NULL, 2);
INSERT INTO `t_oms_item` VALUES (3881, '商品851', '1296367656156401767', 100000, NULL, '1', '2020-08-20 16:45:30', NULL, 1, NULL, 2);
INSERT INTO `t_oms_item` VALUES (3882, '商品852', '1296367656156401768', 100000, NULL, '1', '2020-08-20 16:45:30', NULL, 1, NULL, 2);
INSERT INTO `t_oms_item` VALUES (3883, '商品853', '1296367656156401769', 100000, NULL, '1', '2020-08-20 16:45:30', NULL, 1, NULL, 2);
INSERT INTO `t_oms_item` VALUES (3884, '商品854', '1296367656156401770', 100000, NULL, '1', '2020-08-20 16:45:30', NULL, 1, NULL, 2);
INSERT INTO `t_oms_item` VALUES (3885, '商品855', '1296367656156401771', 100000, NULL, '1', '2020-08-20 16:45:30', NULL, 1, NULL, 2);
INSERT INTO `t_oms_item` VALUES (3886, '商品856', '1296367656156401772', 100000, NULL, '1', '2020-08-20 16:45:30', NULL, 1, NULL, 2);
INSERT INTO `t_oms_item` VALUES (3887, '商品857', '1296367656156401773', 100000, NULL, '1', '2020-08-20 16:45:30', NULL, 1, NULL, 2);
INSERT INTO `t_oms_item` VALUES (3888, '商品858', '1296367656156401774', 100000, NULL, '1', '2020-08-20 16:45:30', NULL, 1, NULL, 2);
INSERT INTO `t_oms_item` VALUES (3889, '商品859', '1296367656156401775', 100000, NULL, '1', '2020-08-20 16:45:30', NULL, 1, NULL, 2);
INSERT INTO `t_oms_item` VALUES (3890, '商品860', '1296367656156401776', 100000, NULL, '1', '2020-08-20 16:45:30', NULL, 1, NULL, 2);
INSERT INTO `t_oms_item` VALUES (3891, '商品861', '1296367656156401777', 100000, NULL, '1', '2020-08-20 16:45:30', NULL, 1, NULL, 2);
INSERT INTO `t_oms_item` VALUES (3892, '商品862', '1296367656156401778', 100000, NULL, '1', '2020-08-20 16:45:30', NULL, 1, NULL, 2);
INSERT INTO `t_oms_item` VALUES (3893, '商品863', '1296367656156401779', 100000, NULL, '1', '2020-08-20 16:45:30', NULL, 1, NULL, 2);
INSERT INTO `t_oms_item` VALUES (3894, '商品864', '1296367656156401780', 100000, NULL, '1', '2020-08-20 16:45:30', NULL, 1, NULL, 2);
INSERT INTO `t_oms_item` VALUES (3895, '商品865', '1296367656156401781', 100000, NULL, '1', '2020-08-20 16:45:30', NULL, 1, NULL, 2);
INSERT INTO `t_oms_item` VALUES (3896, '商品866', '1296367656156401782', 100000, NULL, '1', '2020-08-20 16:45:30', NULL, 1, NULL, 2);
INSERT INTO `t_oms_item` VALUES (3897, '商品867', '1296367656156401783', 100000, NULL, '1', '2020-08-20 16:45:30', NULL, 1, NULL, 2);
INSERT INTO `t_oms_item` VALUES (3898, '商品868', '1296367656156401784', 100000, NULL, '1', '2020-08-20 16:45:30', NULL, 1, NULL, 2);
INSERT INTO `t_oms_item` VALUES (3899, '商品869', '1296367656156401785', 100000, NULL, '1', '2020-08-20 16:45:30', NULL, 1, NULL, 2);
INSERT INTO `t_oms_item` VALUES (3900, '商品870', '1296367656156401786', 100000, NULL, '1', '2020-08-20 16:45:30', NULL, 1, NULL, 2);
INSERT INTO `t_oms_item` VALUES (3901, '商品871', '1296367656156401787', 100000, NULL, '1', '2020-08-20 16:45:30', NULL, 1, NULL, 2);
INSERT INTO `t_oms_item` VALUES (3902, '商品872', '1296367656156401788', 100000, NULL, '1', '2020-08-20 16:45:30', NULL, 1, NULL, 2);
INSERT INTO `t_oms_item` VALUES (3903, '商品873', '1296367656156401789', 100000, NULL, '1', '2020-08-20 16:45:30', NULL, 1, NULL, 2);
INSERT INTO `t_oms_item` VALUES (3904, '商品874', '1296367656156401790', 100000, NULL, '1', '2020-08-20 16:45:30', NULL, 1, NULL, 2);
INSERT INTO `t_oms_item` VALUES (3905, '商品875', '1296367656156401791', 100000, NULL, '1', '2020-08-20 16:45:30', NULL, 1, NULL, 2);
INSERT INTO `t_oms_item` VALUES (3906, '商品876', '1296367656156401792', 100000, NULL, '1', '2020-08-20 16:45:30', NULL, 1, NULL, 2);
INSERT INTO `t_oms_item` VALUES (3907, '商品877', '1296367656156401793', 100000, NULL, '1', '2020-08-20 16:45:30', NULL, 1, NULL, 2);
INSERT INTO `t_oms_item` VALUES (3908, '商品878', '1296367656156401794', 100000, NULL, '1', '2020-08-20 16:45:30', NULL, 1, NULL, 2);
INSERT INTO `t_oms_item` VALUES (3909, '商品879', '1296367656156401795', 100000, NULL, '1', '2020-08-20 16:45:30', NULL, 1, NULL, 2);
INSERT INTO `t_oms_item` VALUES (3910, '商品880', '1296367656156401796', 100000, NULL, '1', '2020-08-20 16:45:30', NULL, 1, NULL, 2);
INSERT INTO `t_oms_item` VALUES (3911, '商品881', '1296367656156401797', 100000, NULL, '1', '2020-08-20 16:45:30', NULL, 1, NULL, 2);
INSERT INTO `t_oms_item` VALUES (3912, '商品882', '1296367656156401798', 100000, NULL, '1', '2020-08-20 16:45:30', NULL, 1, NULL, 2);
INSERT INTO `t_oms_item` VALUES (3913, '商品883', '1296367656156401799', 100000, NULL, '1', '2020-08-20 16:45:30', NULL, 1, NULL, 2);
INSERT INTO `t_oms_item` VALUES (3914, '商品884', '1296367656156401800', 100000, NULL, '1', '2020-08-20 16:45:30', NULL, 1, NULL, 2);
INSERT INTO `t_oms_item` VALUES (3915, '商品885', '1296367656156401801', 100000, NULL, '1', '2020-08-20 16:45:30', NULL, 1, NULL, 2);
INSERT INTO `t_oms_item` VALUES (3916, '商品886', '1296367656156401802', 100000, NULL, '1', '2020-08-20 16:45:30', NULL, 1, NULL, 2);
INSERT INTO `t_oms_item` VALUES (3917, '商品887', '1296367656156401803', 100000, NULL, '1', '2020-08-20 16:45:30', NULL, 1, NULL, 2);
INSERT INTO `t_oms_item` VALUES (3918, '商品888', '1296367656156401804', 100000, NULL, '1', '2020-08-20 16:45:30', NULL, 1, NULL, 2);
INSERT INTO `t_oms_item` VALUES (3919, '商品889', '1296367656156401805', 100000, NULL, '1', '2020-08-20 16:45:30', NULL, 1, NULL, 2);
INSERT INTO `t_oms_item` VALUES (3920, '商品890', '1296367656156401806', 100000, NULL, '1', '2020-08-20 16:45:30', NULL, 1, NULL, 2);
INSERT INTO `t_oms_item` VALUES (3921, '商品891', '1296367656156401807', 100000, NULL, '1', '2020-08-20 16:45:30', NULL, 1, NULL, 2);
INSERT INTO `t_oms_item` VALUES (3922, '商品892', '1296367656156401808', 100000, NULL, '1', '2020-08-20 16:45:30', NULL, 1, NULL, 2);
INSERT INTO `t_oms_item` VALUES (3923, '商品893', '1296367656156401809', 100000, NULL, '1', '2020-08-20 16:45:30', NULL, 1, NULL, 2);
INSERT INTO `t_oms_item` VALUES (3924, '商品894', '1296367656156401810', 100000, NULL, '1', '2020-08-20 16:45:30', NULL, 1, NULL, 2);
INSERT INTO `t_oms_item` VALUES (3925, '商品895', '1296367656156401811', 100000, NULL, '1', '2020-08-20 16:45:30', NULL, 1, NULL, 2);
INSERT INTO `t_oms_item` VALUES (3926, '商品896', '1296367656156401812', 100000, NULL, '1', '2020-08-20 16:45:30', NULL, 1, NULL, 2);
INSERT INTO `t_oms_item` VALUES (3927, '商品897', '1296367656156401813', 100000, NULL, '1', '2020-08-20 16:45:30', NULL, 1, NULL, 2);
INSERT INTO `t_oms_item` VALUES (3928, '商品898', '1296367656156401814', 100000, NULL, '1', '2020-08-20 16:45:30', NULL, 1, NULL, 2);
INSERT INTO `t_oms_item` VALUES (3929, '商品899', '1296367656156401815', 100000, NULL, '1', '2020-08-20 16:45:30', NULL, 1, NULL, 2);
INSERT INTO `t_oms_item` VALUES (3930, '商品900', '1296367656156401816', 100000, NULL, '1', '2020-08-20 16:45:30', NULL, 1, NULL, 2);
INSERT INTO `t_oms_item` VALUES (3931, '商品901', '1296367656156401817', 100000, NULL, '1', '2020-08-20 16:45:30', NULL, 1, NULL, 2);
INSERT INTO `t_oms_item` VALUES (3932, '商品902', '1296367656156401818', 100000, NULL, '1', '2020-08-20 16:45:30', NULL, 1, NULL, 2);
INSERT INTO `t_oms_item` VALUES (3933, '商品903', '1296367656156401819', 100000, NULL, '1', '2020-08-20 16:45:30', NULL, 1, NULL, 2);
INSERT INTO `t_oms_item` VALUES (3934, '商品904', '1296367656156401820', 100000, NULL, '1', '2020-08-20 16:45:30', NULL, 1, NULL, 2);
INSERT INTO `t_oms_item` VALUES (3935, '商品905', '1296367656156401821', 100000, NULL, '1', '2020-08-20 16:45:30', NULL, 1, NULL, 2);
INSERT INTO `t_oms_item` VALUES (3936, '商品906', '1296367656156401822', 100000, NULL, '1', '2020-08-20 16:45:30', NULL, 1, NULL, 2);
INSERT INTO `t_oms_item` VALUES (3937, '商品907', '1296367656156401823', 100000, NULL, '1', '2020-08-20 16:45:30', NULL, 1, NULL, 2);
INSERT INTO `t_oms_item` VALUES (3938, '商品908', '1296367656156401824', 100000, NULL, '1', '2020-08-20 16:45:30', NULL, 1, NULL, 2);
INSERT INTO `t_oms_item` VALUES (3939, '商品909', '1296367656156401825', 100000, NULL, '1', '2020-08-20 16:45:30', NULL, 1, NULL, 2);
INSERT INTO `t_oms_item` VALUES (3940, '商品910', '1296367656156401826', 100000, NULL, '1', '2020-08-20 16:45:30', NULL, 1, NULL, 2);
INSERT INTO `t_oms_item` VALUES (3941, '商品911', '1296367656156401827', 100000, NULL, '1', '2020-08-20 16:45:30', NULL, 1, NULL, 2);
INSERT INTO `t_oms_item` VALUES (3942, '商品912', '1296367656156401828', 100000, NULL, '1', '2020-08-20 16:45:30', NULL, 1, NULL, 2);
INSERT INTO `t_oms_item` VALUES (3943, '商品913', '1296367656156401829', 100000, NULL, '1', '2020-08-20 16:45:30', NULL, 1, NULL, 2);
INSERT INTO `t_oms_item` VALUES (3944, '商品914', '1296367656156401830', 100000, NULL, '1', '2020-08-20 16:45:30', NULL, 1, NULL, 2);
INSERT INTO `t_oms_item` VALUES (3945, '商品915', '1296367656156401831', 100000, NULL, '1', '2020-08-20 16:45:30', NULL, 1, NULL, 2);
INSERT INTO `t_oms_item` VALUES (3946, '商品916', '1296367656156401832', 100000, NULL, '1', '2020-08-20 16:45:30', NULL, 1, NULL, 2);
INSERT INTO `t_oms_item` VALUES (3947, '商品917', '1296367656156401833', 100000, NULL, '1', '2020-08-20 16:45:30', NULL, 1, NULL, 2);
INSERT INTO `t_oms_item` VALUES (3948, '商品918', '1296367656156401834', 100000, NULL, '1', '2020-08-20 16:45:30', NULL, 1, NULL, 2);
INSERT INTO `t_oms_item` VALUES (3949, '商品919', '1296367656156401835', 100000, NULL, '1', '2020-08-20 16:45:30', NULL, 1, NULL, 2);
INSERT INTO `t_oms_item` VALUES (3950, '商品920', '1296367656156401836', 100000, NULL, '1', '2020-08-20 16:45:30', NULL, 1, NULL, 2);
INSERT INTO `t_oms_item` VALUES (3951, '商品921', '1296367656156401837', 100000, NULL, '1', '2020-08-20 16:45:30', NULL, 1, NULL, 2);
INSERT INTO `t_oms_item` VALUES (3952, '商品922', '1296367656156401838', 100000, NULL, '1', '2020-08-20 16:45:30', NULL, 1, NULL, 2);
INSERT INTO `t_oms_item` VALUES (3953, '商品923', '1296367656156401839', 100000, NULL, '1', '2020-08-20 16:45:30', NULL, 1, NULL, 2);
INSERT INTO `t_oms_item` VALUES (3954, '商品924', '1296367656156401840', 100000, NULL, '1', '2020-08-20 16:45:30', NULL, 1, NULL, 2);
INSERT INTO `t_oms_item` VALUES (3955, '商品925', '1296367656156401841', 100000, NULL, '1', '2020-08-20 16:45:30', NULL, 1, NULL, 2);
INSERT INTO `t_oms_item` VALUES (3956, '商品926', '1296367656156401842', 100000, NULL, '1', '2020-08-20 16:45:30', NULL, 1, NULL, 2);
INSERT INTO `t_oms_item` VALUES (3957, '商品927', '1296367656156401843', 100000, NULL, '1', '2020-08-20 16:45:30', NULL, 1, NULL, 2);
INSERT INTO `t_oms_item` VALUES (3958, '商品928', '1296367656156401844', 100000, NULL, '1', '2020-08-20 16:45:30', NULL, 1, NULL, 2);
INSERT INTO `t_oms_item` VALUES (3959, '商品929', '1296367656156401845', 100000, NULL, '1', '2020-08-20 16:45:30', NULL, 1, NULL, 2);
INSERT INTO `t_oms_item` VALUES (3960, '商品930', '1296367656156401846', 100000, NULL, '1', '2020-08-20 16:45:30', NULL, 1, NULL, 2);
INSERT INTO `t_oms_item` VALUES (3961, '商品931', '1296367656156401847', 100000, NULL, '1', '2020-08-20 16:45:30', NULL, 1, NULL, 2);
INSERT INTO `t_oms_item` VALUES (3962, '商品932', '1296367656156401848', 100000, NULL, '1', '2020-08-20 16:45:30', NULL, 1, NULL, 2);
INSERT INTO `t_oms_item` VALUES (3963, '商品933', '1296367656156401849', 100000, NULL, '1', '2020-08-20 16:45:30', NULL, 1, NULL, 2);
INSERT INTO `t_oms_item` VALUES (3964, '商品934', '1296367656156401850', 100000, NULL, '1', '2020-08-20 16:45:30', NULL, 1, NULL, 2);
INSERT INTO `t_oms_item` VALUES (3965, '商品935', '1296367656156401851', 100000, NULL, '1', '2020-08-20 16:45:30', NULL, 1, NULL, 2);
INSERT INTO `t_oms_item` VALUES (3966, '商品936', '1296367656156401852', 100000, NULL, '1', '2020-08-20 16:45:30', NULL, 1, NULL, 2);
INSERT INTO `t_oms_item` VALUES (3967, '商品937', '1296367656156401853', 100000, NULL, '1', '2020-08-20 16:45:30', NULL, 1, NULL, 2);
INSERT INTO `t_oms_item` VALUES (3968, '商品938', '1296367656156401854', 100000, NULL, '1', '2020-08-20 16:45:30', NULL, 1, NULL, 2);
INSERT INTO `t_oms_item` VALUES (3969, '商品939', '1296367656156401855', 100000, NULL, '1', '2020-08-20 16:45:30', NULL, 1, NULL, 2);
INSERT INTO `t_oms_item` VALUES (3970, '商品940', '1296367656156401856', 100000, NULL, '1', '2020-08-20 16:45:30', NULL, 1, NULL, 2);
INSERT INTO `t_oms_item` VALUES (3971, '商品941', '1296367656156401857', 100000, NULL, '1', '2020-08-20 16:45:30', NULL, 1, NULL, 2);
INSERT INTO `t_oms_item` VALUES (3972, '商品942', '1296367656156401858', 100000, NULL, '1', '2020-08-20 16:45:30', NULL, 1, NULL, 2);
INSERT INTO `t_oms_item` VALUES (3973, '商品943', '1296367656156401859', 100000, NULL, '1', '2020-08-20 16:45:30', NULL, 1, NULL, 2);
INSERT INTO `t_oms_item` VALUES (3974, '商品944', '1296367656156401860', 100000, NULL, '1', '2020-08-20 16:45:30', NULL, 1, NULL, 2);
INSERT INTO `t_oms_item` VALUES (3975, '商品945', '1296367656156401861', 100000, NULL, '1', '2020-08-20 16:45:30', NULL, 1, NULL, 2);
INSERT INTO `t_oms_item` VALUES (3976, '商品946', '1296367656156401862', 100000, NULL, '1', '2020-08-20 16:45:30', NULL, 1, NULL, 2);
INSERT INTO `t_oms_item` VALUES (3977, '商品947', '1296367656156401863', 100000, NULL, '1', '2020-08-20 16:45:30', NULL, 1, NULL, 2);
INSERT INTO `t_oms_item` VALUES (3978, '商品948', '1296367656156401864', 100000, NULL, '1', '2020-08-20 16:45:30', NULL, 1, NULL, 2);
INSERT INTO `t_oms_item` VALUES (3979, '商品949', '1296367656156401865', 100000, NULL, '1', '2020-08-20 16:45:30', NULL, 1, NULL, 2);
INSERT INTO `t_oms_item` VALUES (3980, '商品950', '1296367656156401866', 100000, NULL, '1', '2020-08-20 16:45:30', NULL, 1, NULL, 2);
INSERT INTO `t_oms_item` VALUES (3981, '商品951', '1296367656156401867', 100000, NULL, '1', '2020-08-20 16:45:30', NULL, 1, NULL, 2);
INSERT INTO `t_oms_item` VALUES (3982, '商品952', '1296367656156401868', 100000, NULL, '1', '2020-08-20 16:45:30', NULL, 1, NULL, 2);
INSERT INTO `t_oms_item` VALUES (3983, '商品953', '1296367656156401869', 100000, NULL, '1', '2020-08-20 16:45:30', NULL, 1, NULL, 2);
INSERT INTO `t_oms_item` VALUES (3984, '商品954', '1296367656156401870', 100000, NULL, '1', '2020-08-20 16:45:30', NULL, 1, NULL, 2);
INSERT INTO `t_oms_item` VALUES (3985, '商品955', '1296367656156401871', 100000, NULL, '1', '2020-08-20 16:45:30', NULL, 1, NULL, 2);
INSERT INTO `t_oms_item` VALUES (3986, '商品956', '1296367656160595968', 100000, NULL, '1', '2020-08-20 16:45:30', NULL, 1, NULL, 2);
INSERT INTO `t_oms_item` VALUES (3987, '商品957', '1296367656160595969', 100000, NULL, '1', '2020-08-20 16:45:30', NULL, 1, NULL, 2);
INSERT INTO `t_oms_item` VALUES (3988, '商品958', '1296367656160595970', 100000, NULL, '1', '2020-08-20 16:45:30', NULL, 1, NULL, 2);
INSERT INTO `t_oms_item` VALUES (3989, '商品959', '1296367656160595971', 100000, NULL, '1', '2020-08-20 16:45:30', NULL, 1, NULL, 2);
INSERT INTO `t_oms_item` VALUES (3990, '商品960', '1296367656160595972', 100000, NULL, '1', '2020-08-20 16:45:30', NULL, 1, NULL, 2);
INSERT INTO `t_oms_item` VALUES (3991, '商品961', '1296367656160595973', 100000, NULL, '1', '2020-08-20 16:45:30', NULL, 1, NULL, 2);
INSERT INTO `t_oms_item` VALUES (3992, '商品962', '1296367656160595974', 100000, NULL, '1', '2020-08-20 16:45:30', NULL, 1, NULL, 2);
INSERT INTO `t_oms_item` VALUES (3993, '商品963', '1296367656160595975', 100000, NULL, '1', '2020-08-20 16:45:30', NULL, 1, NULL, 2);
INSERT INTO `t_oms_item` VALUES (3994, '商品964', '1296367656160595976', 100000, NULL, '1', '2020-08-20 16:45:30', NULL, 1, NULL, 2);
INSERT INTO `t_oms_item` VALUES (3995, '商品965', '1296367656160595977', 100000, NULL, '1', '2020-08-20 16:45:30', NULL, 1, NULL, 2);
INSERT INTO `t_oms_item` VALUES (3996, '商品966', '1296367656160595978', 100000, NULL, '1', '2020-08-20 16:45:30', NULL, 1, NULL, 2);
INSERT INTO `t_oms_item` VALUES (3997, '商品967', '1296367656160595979', 100000, NULL, '1', '2020-08-20 16:45:30', NULL, 1, NULL, 2);
INSERT INTO `t_oms_item` VALUES (3998, '商品968', '1296367656160595980', 100000, NULL, '1', '2020-08-20 16:45:30', NULL, 1, NULL, 2);
INSERT INTO `t_oms_item` VALUES (3999, '商品969', '1296367656160595981', 100000, NULL, '1', '2020-08-20 16:45:30', NULL, 1, NULL, 2);
INSERT INTO `t_oms_item` VALUES (4000, '商品970', '1296367656160595982', 100000, NULL, '1', '2020-08-20 16:45:30', NULL, 1, NULL, 2);
INSERT INTO `t_oms_item` VALUES (4001, '商品971', '1296367656160595983', 100000, NULL, '1', '2020-08-20 16:45:30', NULL, 1, NULL, 2);
INSERT INTO `t_oms_item` VALUES (4002, '商品972', '1296367656160595984', 100000, NULL, '1', '2020-08-20 16:45:30', NULL, 1, NULL, 2);
INSERT INTO `t_oms_item` VALUES (4003, '商品973', '1296367656160595985', 100000, NULL, '1', '2020-08-20 16:45:30', NULL, 1, NULL, 2);
INSERT INTO `t_oms_item` VALUES (4004, '商品974', '1296367656160595986', 100000, NULL, '1', '2020-08-20 16:45:30', NULL, 1, NULL, 2);
INSERT INTO `t_oms_item` VALUES (4005, '商品975', '1296367656160595987', 100000, NULL, '1', '2020-08-20 16:45:30', NULL, 1, NULL, 2);
INSERT INTO `t_oms_item` VALUES (4006, '商品976', '1296367656160595988', 100000, NULL, '1', '2020-08-20 16:45:30', NULL, 1, NULL, 2);
INSERT INTO `t_oms_item` VALUES (4007, '商品977', '1296367656160595989', 100000, NULL, '1', '2020-08-20 16:45:30', NULL, 1, NULL, 2);
INSERT INTO `t_oms_item` VALUES (4008, '商品978', '1296367656160595990', 100000, NULL, '1', '2020-08-20 16:45:30', NULL, 1, NULL, 2);
INSERT INTO `t_oms_item` VALUES (4009, '商品979', '1296367656160595991', 100000, NULL, '1', '2020-08-20 16:45:30', NULL, 1, NULL, 2);
INSERT INTO `t_oms_item` VALUES (4010, '商品980', '1296367656160595992', 100000, NULL, '1', '2020-08-20 16:45:30', NULL, 1, NULL, 2);
INSERT INTO `t_oms_item` VALUES (4011, '商品981', '1296367656160595993', 100000, NULL, '1', '2020-08-20 16:45:30', NULL, 1, NULL, 2);
INSERT INTO `t_oms_item` VALUES (4012, '商品982', '1296367656160595994', 100000, NULL, '1', '2020-08-20 16:45:30', NULL, 1, NULL, 2);
INSERT INTO `t_oms_item` VALUES (4013, '商品983', '1296367656160595995', 100000, NULL, '1', '2020-08-20 16:45:30', NULL, 1, NULL, 2);
INSERT INTO `t_oms_item` VALUES (4014, '商品984', '1296367656160595996', 100000, NULL, '1', '2020-08-20 16:45:30', NULL, 1, NULL, 2);
INSERT INTO `t_oms_item` VALUES (4015, '商品985', '1296367656160595997', 100000, NULL, '1', '2020-08-20 16:45:30', NULL, 1, NULL, 2);
INSERT INTO `t_oms_item` VALUES (4016, '商品986', '1296367656160595998', 100000, NULL, '1', '2020-08-20 16:45:30', NULL, 1, NULL, 2);
INSERT INTO `t_oms_item` VALUES (4017, '商品987', '1296367656160595999', 100000, NULL, '1', '2020-08-20 16:45:30', NULL, 1, NULL, 2);
INSERT INTO `t_oms_item` VALUES (4018, '商品988', '1296367656160596000', 100000, NULL, '1', '2020-08-20 16:45:30', NULL, 1, NULL, 2);
INSERT INTO `t_oms_item` VALUES (4019, '商品989', '1296367656160596001', 100000, NULL, '1', '2020-08-20 16:45:30', NULL, 1, NULL, 2);
INSERT INTO `t_oms_item` VALUES (4020, '商品990', '1296367656160596002', 100000, NULL, '1', '2020-08-20 16:45:30', NULL, 1, NULL, 2);
INSERT INTO `t_oms_item` VALUES (4021, '商品991', '1296367656160596003', 100000, NULL, '1', '2020-08-20 16:45:30', NULL, 1, NULL, 2);
INSERT INTO `t_oms_item` VALUES (4022, '商品992', '1296367656160596004', 100000, NULL, '1', '2020-08-20 16:45:30', NULL, 1, NULL, 2);
INSERT INTO `t_oms_item` VALUES (4023, '商品993', '1296367656160596005', 100000, NULL, '1', '2020-08-20 16:45:30', NULL, 1, NULL, 2);
INSERT INTO `t_oms_item` VALUES (4024, '商品994', '1296367656160596006', 100000, NULL, '1', '2020-08-20 16:45:30', NULL, 1, NULL, 2);
INSERT INTO `t_oms_item` VALUES (4025, '商品995', '1296367656160596007', 100000, NULL, '1', '2020-08-20 16:45:30', NULL, 1, NULL, 2);
INSERT INTO `t_oms_item` VALUES (4026, '商品996', '1296367656160596008', 100000, NULL, '1', '2020-08-20 16:45:30', NULL, 1, NULL, 2);
INSERT INTO `t_oms_item` VALUES (4027, '商品997', '1296367656160596009', 100000, NULL, '1', '2020-08-20 16:45:30', NULL, 1, NULL, 2);
INSERT INTO `t_oms_item` VALUES (4028, '商品998', '1296367656160596010', 100000, NULL, '1', '2020-08-20 16:45:30', NULL, 1, NULL, 2);
INSERT INTO `t_oms_item` VALUES (4029, '商品999', '1296367656160596011', 100000, NULL, '1', '2020-08-20 16:45:30', NULL, 1, NULL, 2);

-- ----------------------------
-- Table structure for t_schedule_job
-- ----------------------------
DROP TABLE IF EXISTS `t_schedule_job`;
CREATE TABLE `t_schedule_job`  (
  `JOB_ID` bigint(20) NOT NULL AUTO_INCREMENT COMMENT '任务id',
  `JOB_TYPE` char(2) CHARACTER SET utf8 COLLATE utf8_general_ci NOT NULL COMMENT '任务类型 0：本地方法 1：远程服务',
  `BEAN_NAME` varchar(50) CHARACTER SET utf8 COLLATE utf8_general_ci NULL DEFAULT NULL COMMENT 'spring bean名称',
  `METHOD_NAME` varchar(50) CHARACTER SET utf8 COLLATE utf8_general_ci NULL DEFAULT NULL COMMENT '方法名',
  `SERVICE_ID` varchar(255) CHARACTER SET utf8 COLLATE utf8_general_ci NULL DEFAULT NULL COMMENT '服务名',
  `PATH` varchar(255) CHARACTER SET utf8 COLLATE utf8_general_ci NULL DEFAULT NULL COMMENT '请求路径',
  `REQUEST_METHOD` varchar(255) CHARACTER SET utf8 COLLATE utf8_general_ci NULL DEFAULT NULL COMMENT '请求类型',
  `CONTENT_TYPE` varchar(255) CHARACTER SET utf8 COLLATE utf8_general_ci NULL DEFAULT NULL COMMENT '响应类型',
  `PARAMS` varchar(50) CHARACTER SET utf8 COLLATE utf8_general_ci NULL DEFAULT NULL COMMENT '参数',
  `ALARM_MAIL` varchar(255) CHARACTER SET utf8 COLLATE utf8_general_ci NULL DEFAULT NULL COMMENT '告警邮箱',
  `CRON_EXPRESSION` varchar(20) CHARACTER SET utf8 COLLATE utf8_general_ci NOT NULL COMMENT 'cron表达式',
  `STATUS` char(2) CHARACTER SET utf8 COLLATE utf8_general_ci NOT NULL COMMENT '任务状态  0：正常  1：暂停',
  `REMARK` varchar(50) CHARACTER SET utf8 COLLATE utf8_general_ci NULL DEFAULT NULL COMMENT '备注',
  `CREATE_TIME` datetime(0) NULL DEFAULT NULL COMMENT '创建时间',
  PRIMARY KEY (`JOB_ID`) USING BTREE,
  INDEX `t_job_create_time`(`CREATE_TIME`) USING BTREE
) ENGINE = InnoDB AUTO_INCREMENT = 5 CHARACTER SET = utf8 COLLATE = utf8_general_ci COMMENT = '定时任务表' ROW_FORMAT = DYNAMIC;

-- ----------------------------
-- Records of t_schedule_job
-- ----------------------------
INSERT INTO `t_schedule_job` VALUES (1, '0', 'taskList', 'test', '', '', '', '', '测试', 'tuminglong@126.com', '0/5 * * * * ?', '1', '测试', '2020-08-19 18:19:56');
INSERT INTO `t_schedule_job` VALUES (2, '0', 'taskList', 'test1', '', '', '', '', '', 'tuminglong@126.com', '0/15 * * * * ?', '1', '测试1', '2020-08-19 18:20:45');
INSERT INTO `t_schedule_job` VALUES (3, '0', 'taskList', 'test2', '', '', '', '', '{\"name\":\"mrbird\",\"age\":18}', 'tuminglong@126.com', '0/20 * * * * ?', '1', '测试2', '2020-08-19 18:22:08');
INSERT INTO `t_schedule_job` VALUES (4, '1', '', '', 'bright-server-system', '/task/test/{msg}', 'GET', 'application/json', '1', 'tuminglong@126.com', '*/5 * * * * ?', '0', '测试远程任务', '2020-10-18 17:40:16');

-- ----------------------------
-- Table structure for t_schedule_job_log
-- ----------------------------
DROP TABLE IF EXISTS `t_schedule_job_log`;
CREATE TABLE `t_schedule_job_log`  (
  `LOG_ID` bigint(20) NOT NULL AUTO_INCREMENT COMMENT '任务日志id',
  `JOB_ID` bigint(20) NOT NULL COMMENT '任务id',
  `CONTENT_TYPE` varchar(255) CHARACTER SET utf8 COLLATE utf8_general_ci NOT NULL COMMENT '响应类型',
  `BEAN_NAME` varchar(100) CHARACTER SET utf8 COLLATE utf8_general_ci NULL DEFAULT NULL COMMENT 'spring bean名称',
  `METHOD_NAME` varchar(100) CHARACTER SET utf8 COLLATE utf8_general_ci NULL DEFAULT NULL COMMENT '方法名',
  `SERVICE_ID` varchar(255) CHARACTER SET utf8 COLLATE utf8_general_ci NULL DEFAULT NULL COMMENT '服务名',
  `PATH` varchar(255) CHARACTER SET utf8 COLLATE utf8_general_ci NULL DEFAULT NULL COMMENT '请求路径',
  `REQUEST_METHOD` varchar(255) CHARACTER SET utf8 COLLATE utf8_general_ci NULL DEFAULT NULL COMMENT '请求类型',
  `JOB_TYPE` char(2) CHARACTER SET utf8 COLLATE utf8_general_ci NULL DEFAULT NULL COMMENT '任务类型 0：本地方法 1：远程服务',
  `PARAMS` varchar(200) CHARACTER SET utf8 COLLATE utf8_general_ci NULL DEFAULT NULL COMMENT '参数',
  `ALARM_MAIL` varchar(255) CHARACTER SET utf8 COLLATE utf8_general_ci NULL DEFAULT NULL COMMENT '告警邮箱',
  `STATUS` char(2) CHARACTER SET utf8 COLLATE utf8_general_ci NOT NULL COMMENT '任务状态    0：成功    1：失败',
  `ERROR` text CHARACTER SET utf8 COLLATE utf8_general_ci NULL COMMENT '失败信息',
  `TIMES` decimal(11, 0) NULL DEFAULT NULL COMMENT '耗时(单位：毫秒)',
  `CREATE_TIME` datetime(0) NULL DEFAULT NULL COMMENT '创建时间',
  PRIMARY KEY (`LOG_ID`) USING BTREE,
  INDEX `t_job_log_create_time`(`CREATE_TIME`) USING BTREE
) ENGINE = InnoDB AUTO_INCREMENT = 3793 CHARACTER SET = utf8 COLLATE = utf8_general_ci COMMENT = '调度日志表' ROW_FORMAT = DYNAMIC;

-- ----------------------------
-- Records of t_schedule_job_log
-- ----------------------------

-- ----------------------------
-- Table structure for t_sys_api
-- ----------------------------
DROP TABLE IF EXISTS `t_sys_api`;
CREATE TABLE `t_sys_api`  (
  `api_id` bigint(19) NOT NULL AUTO_INCREMENT COMMENT '接口ID',
  `api_code` varchar(255) CHARACTER SET utf8 COLLATE utf8_bin NOT NULL COMMENT '接口编码',
  `api_name` varchar(100) CHARACTER SET utf8 COLLATE utf8_bin NOT NULL COMMENT '接口名称',
  `api_category` varchar(20) CHARACTER SET utf8 COLLATE utf8_bin NULL DEFAULT 'default' COMMENT '接口分类:default-默认分类',
  `api_desc` varchar(100) CHARACTER SET utf8 COLLATE utf8_bin NULL DEFAULT NULL COMMENT '资源描述',
  `request_method` varchar(255) CHARACTER SET utf8 COLLATE utf8_bin NULL DEFAULT NULL COMMENT '请求方式',
  `content_type` varchar(255) CHARACTER SET utf8 COLLATE utf8_bin NULL DEFAULT NULL COMMENT '响应类型',
  `service_id` varchar(100) CHARACTER SET utf8 COLLATE utf8_bin NOT NULL COMMENT '服务ID',
  `path` varchar(200) CHARACTER SET utf8 COLLATE utf8_bin NULL DEFAULT NULL COMMENT '请求路径',
  `priority` bigint(20) NOT NULL DEFAULT 0 COMMENT '优先级',
  `status` tinyint(3) NOT NULL DEFAULT 1 COMMENT '状态:0-无效 1-有效',
  `create_time` datetime(0) NOT NULL,
  `update_time` datetime(0) NULL DEFAULT NULL,
  `is_persist` tinyint(3) NOT NULL DEFAULT 0 COMMENT '保留数据0-否 1-是 不允许删除',
  `is_auth` tinyint(3) NOT NULL DEFAULT 1 COMMENT '是否需要认证: 0-无认证 1-身份认证 默认:1',
  `is_open` tinyint(3) NOT NULL DEFAULT 0 COMMENT '是否公开: 0-内部的 1-公开的',
  `class_name` varchar(255) CHARACTER SET utf8 COLLATE utf8_bin NULL DEFAULT NULL COMMENT '类名',
  `method_name` varchar(255) CHARACTER SET utf8 COLLATE utf8_bin NULL DEFAULT NULL COMMENT '方法名',
  PRIMARY KEY (`api_id`) USING BTREE,
  UNIQUE INDEX `api_code`(`api_code`) USING BTREE,
  UNIQUE INDEX `api_id`(`api_id`) USING BTREE,
  INDEX `service_id`(`service_id`) USING BTREE
) ENGINE = InnoDB AUTO_INCREMENT = 345 CHARACTER SET = utf8 COLLATE = utf8_bin COMMENT = '系统API接口' ROW_FORMAT = COMPACT;

-- ----------------------------
-- Records of t_sys_api
-- ----------------------------

-- ----------------------------
-- Table structure for t_sys_dept
-- ----------------------------
DROP TABLE IF EXISTS `t_sys_dept`;
CREATE TABLE `t_sys_dept`  (
  `DEPT_ID` bigint(20) NOT NULL AUTO_INCREMENT COMMENT '部门ID',
  `PARENT_ID` bigint(20) NOT NULL COMMENT '上级部门ID',
  `DEPT_NAME` varchar(100) CHARACTER SET utf8 COLLATE utf8_general_ci NOT NULL COMMENT '部门名称',
  `ORDER_NUM` double(20, 0) NULL DEFAULT NULL COMMENT '排序',
  `CREATE_TIME` datetime(0) NULL DEFAULT NULL COMMENT '创建时间',
  `MODIFY_TIME` datetime(0) NULL DEFAULT NULL COMMENT '修改时间',
  PRIMARY KEY (`DEPT_ID`) USING BTREE,
  INDEX `t_dept_parent_id`(`PARENT_ID`) USING BTREE,
  INDEX `t_dept_dept_name`(`DEPT_NAME`) USING BTREE
) ENGINE = InnoDB AUTO_INCREMENT = 7 CHARACTER SET = utf8 COLLATE = utf8_general_ci COMMENT = '部门表' ROW_FORMAT = DYNAMIC;

-- ----------------------------
-- Records of t_sys_dept
-- ----------------------------
INSERT INTO `t_sys_dept` VALUES (1, 0, '开发部', 1, '2018-01-04 15:42:26', '2019-01-05 21:08:27');
INSERT INTO `t_sys_dept` VALUES (2, 1, '开发一部', 1, '2018-01-04 15:42:34', '2019-01-18 00:59:37');
INSERT INTO `t_sys_dept` VALUES (3, 1, '开发二部', 2, '2018-01-04 15:42:29', '2019-01-05 14:09:39');
INSERT INTO `t_sys_dept` VALUES (4, 0, '市场部', 2, '2018-01-04 15:42:36', '2019-01-23 06:27:56');
INSERT INTO `t_sys_dept` VALUES (5, 0, '人事部', 3, '2018-01-04 15:42:32', '2019-01-23 06:27:59');
INSERT INTO `t_sys_dept` VALUES (6, 0, '测试部', 4, '2018-01-04 15:42:38', '2019-01-17 08:15:47');

-- ----------------------------
-- Table structure for t_sys_log
-- ----------------------------
DROP TABLE IF EXISTS `t_sys_log`;
CREATE TABLE `t_sys_log`  (
  `ID` bigint(20) NOT NULL AUTO_INCREMENT COMMENT '日志ID',
  `USERNAME` varchar(50) CHARACTER SET utf8 COLLATE utf8_general_ci NULL DEFAULT NULL COMMENT '操作用户',
  `OPERATION` text CHARACTER SET utf8 COLLATE utf8_general_ci NULL COMMENT '操作内容',
  `TIME` decimal(11, 0) NULL DEFAULT NULL COMMENT '耗时',
  `METHOD` text CHARACTER SET utf8 COLLATE utf8_general_ci NULL COMMENT '操作方法',
  `PARAMS` text CHARACTER SET utf8 COLLATE utf8_general_ci NULL COMMENT '方法参数',
  `IP` varchar(64) CHARACTER SET utf8 COLLATE utf8_general_ci NULL DEFAULT NULL COMMENT '操作者IP',
  `CREATE_TIME` datetime(0) NULL DEFAULT NULL COMMENT '创建时间',
  `location` varchar(50) CHARACTER SET utf8 COLLATE utf8_general_ci NULL DEFAULT NULL COMMENT '操作地点',
  PRIMARY KEY (`ID`) USING BTREE,
  INDEX `t_log_create_time`(`CREATE_TIME`) USING BTREE
) ENGINE = InnoDB AUTO_INCREMENT = 19 CHARACTER SET = utf8 COLLATE = utf8_general_ci COMMENT = '用户操作日志表' ROW_FORMAT = DYNAMIC;

-- ----------------------------
-- Records of t_sys_log
-- ----------------------------
INSERT INTO `t_sys_log` VALUES (1, 'admin', '新增菜单/按钮', 106, 'com.tml.server.system.controller.SysMenuController.addMenu()', ' menu: \"SysMenu(menuId=220, parentId=1, menuName=系统通告, path=/notice, component=bright/system/notice/Index, perms=notice:list, icon=el-icon-bell, type=0, orderNum=6, createTime=Tue Oct 13 13:17:59 CST 2020, modifyTime=null, createTimeFrom=null, createTimeTo=null)\"', '127.0.0.1,127.0.0.1', '2020-10-13 13:18:00', '0|0|0|内网IP|内网IP');
INSERT INTO `t_sys_log` VALUES (2, 'admin', '新增菜单/按钮', 29, 'com.tml.server.system.controller.SysMenuController.addMenu()', ' menu: \"SysMenu(menuId=221, parentId=220, menuName=新增, path=null, component=null, perms=notice:add, icon=null, type=1, orderNum=null, createTime=Tue Oct 13 13:18:46 CST 2020, modifyTime=null, createTimeFrom=null, createTimeTo=null)\"', '127.0.0.1,127.0.0.1', '2020-10-13 13:18:46', '0|0|0|内网IP|内网IP');
INSERT INTO `t_sys_log` VALUES (3, 'admin', '新增菜单/按钮', 45, 'com.tml.server.system.controller.SysMenuController.addMenu()', ' menu: \"SysMenu(menuId=222, parentId=220, menuName=修改, path=null, component=null, perms=notice:update, icon=null, type=1, orderNum=null, createTime=Tue Oct 13 13:19:16 CST 2020, modifyTime=null, createTimeFrom=null, createTimeTo=null)\"', '127.0.0.1,127.0.0.1', '2020-10-13 13:19:16', '0|0|0|内网IP|内网IP');
INSERT INTO `t_sys_log` VALUES (4, 'admin', '新增菜单/按钮', 63, 'com.tml.server.system.controller.SysMenuController.addMenu()', ' menu: \"SysMenu(menuId=223, parentId=220, menuName=删除, path=null, component=null, perms=notice:delete, icon=null, type=1, orderNum=null, createTime=Tue Oct 13 13:19:57 CST 2020, modifyTime=null, createTimeFrom=null, createTimeTo=null)\"', '127.0.0.1,127.0.0.1', '2020-10-13 13:19:57', '0|0|0|内网IP|内网IP');
INSERT INTO `t_sys_log` VALUES (5, 'admin', '修改角色', 126, 'com.tml.server.system.controller.SysRoleController.updateRole()', ' role: \"SysRole(roleId=1, roleName=null, remark=管理员, createTime=null, modifyTime=Tue Oct 13 13:20:24 CST 2020, menuIds=1,3,11,12,13,130,135,4,14,15,16,131,5,17,18,19,132,6,20,21,22,133,163,164,165,166,167,220,221,222,223,2,180,10,24,136,150,151,152,195,196,202,203,204,197,205,198,206,207,208,199,209,200,210,211,212,201,213,156,157,159,158,160,183,184,186,187,188,189,190,191,192,185,193,194,154,182,214,215,216,217,218,219,168,171,172)\"', '127.0.0.1,127.0.0.1', '2020-10-13 13:20:24', '0|0|0|内网IP|内网IP');
INSERT INTO `t_sys_log` VALUES (6, 'admin', '修改菜单/按钮', 46, 'com.tml.server.system.controller.SysMenuController.updateMenu()', ' menu: \"SysMenu(menuId=220, parentId=1, menuName=系统通告, path=/notice, component=bright/system/notice/Index, perms=notice:list, icon=el-icon-bell, type=0, orderNum=6, createTime=null, modifyTime=Tue Oct 13 13:22:28 CST 2020, createTimeFrom=null, createTimeTo=null)\"', '127.0.0.1,127.0.0.1', '2020-10-13 13:22:29', '0|0|0|内网IP|内网IP');
INSERT INTO `t_sys_log` VALUES (7, 'admin', '修改菜单/按钮', 49, 'com.tml.server.system.controller.SysMenuController.updateMenu()', ' menu: \"SysMenu(menuId=220, parentId=1, menuName=系统通告, path=/notice, component=bright/system/notice/Index, perms=notice:list, icon=, type=0, orderNum=6, createTime=null, modifyTime=Tue Oct 13 13:22:44 CST 2020, createTimeFrom=null, createTimeTo=null)\"', '127.0.0.1,127.0.0.1', '2020-10-13 13:22:45', '0|0|0|内网IP|内网IP');
INSERT INTO `t_sys_log` VALUES (8, 'admin', '新增菜单/按钮', 66, 'com.tml.server.system.controller.SysMenuController.addMenu()', ' menu: \"SysMenu(menuId=224, parentId=220, menuName=发布, path=null, component=null, perms=notice:release, icon=null, type=1, orderNum=null, createTime=Wed Oct 14 11:08:27 CST 2020, modifyTime=null, createTimeFrom=null, createTimeTo=null)\"', '127.0.0.1,127.0.0.1', '2020-10-14 11:08:27', '0|0|0|内网IP|内网IP');
INSERT INTO `t_sys_log` VALUES (9, 'admin', '新增菜单/按钮', 35, 'com.tml.server.system.controller.SysMenuController.addMenu()', ' menu: \"SysMenu(menuId=225, parentId=220, menuName=撤销, path=null, component=null, perms=notice:revoke, icon=null, type=1, orderNum=null, createTime=Wed Oct 14 11:09:01 CST 2020, modifyTime=null, createTimeFrom=null, createTimeTo=null)\"', '127.0.0.1,127.0.0.1', '2020-10-14 11:09:01', '0|0|0|内网IP|内网IP');
INSERT INTO `t_sys_log` VALUES (10, 'admin', '修改菜单/按钮', 42, 'com.tml.server.system.controller.SysMenuController.updateMenu()', ' menu: \"SysMenu(menuId=163, parentId=1, menuName=客户端管理, path=/system/client, component=bright/system/client/Index, perms=client:list, icon=, type=0, orderNum=5, createTime=null, modifyTime=Wed Oct 14 11:09:24 CST 2020, createTimeFrom=null, createTimeTo=null)\"', '127.0.0.1,127.0.0.1', '2020-10-14 11:09:25', '0|0|0|内网IP|内网IP');
INSERT INTO `t_sys_log` VALUES (11, 'admin', '修改菜单/按钮', 34, 'com.tml.server.system.controller.SysMenuController.updateMenu()', ' menu: \"SysMenu(menuId=220, parentId=1, menuName=系统通告, path=/system/notice, component=bright/system/notice/Index, perms=notice:list, icon=, type=0, orderNum=6, createTime=null, modifyTime=Wed Oct 14 11:09:35 CST 2020, createTimeFrom=null, createTimeTo=null)\"', '127.0.0.1,127.0.0.1', '2020-10-14 11:09:36', '0|0|0|内网IP|内网IP');
INSERT INTO `t_sys_log` VALUES (12, 'admin', '修改角色', 114, 'com.tml.server.system.controller.SysRoleController.updateRole()', ' role: \"SysRole(roleId=1, roleName=null, remark=管理员, createTime=null, modifyTime=Wed Oct 14 11:09:50 CST 2020, menuIds=1,3,11,12,13,130,135,4,14,15,16,131,5,17,18,19,132,6,20,21,22,133,163,164,165,166,167,220,221,222,223,224,225,2,180,10,24,136,150,151,152,195,196,202,203,204,197,205,198,206,207,208,199,209,200,210,211,212,201,213,156,157,159,158,160,183,184,186,187,188,189,190,191,192,185,193,194,154,182,214,215,216,217,218,219,168,171,172)\"', '127.0.0.1,127.0.0.1', '2020-10-14 11:09:51', '0|0|0|内网IP|内网IP');
INSERT INTO `t_sys_log` VALUES (13, 'admin', '新增菜单/按钮', 19, 'com.tml.server.system.controller.SysMenuController.addMenu()', ' menu: \"SysMenu(menuId=226, parentId=195, menuName=API列表, path=/gateway/api, component=/bright/gateway/api/Index, perms=api:list, icon=, type=0, orderNum=7, createTime=Sat Oct 17 12:13:26 CST 2020, modifyTime=null, createTimeFrom=null, createTimeTo=null)\"', '192.168.3.14,127.0.0.1', '2020-10-17 12:13:26', '0|0|0|内网IP|内网IP');
INSERT INTO `t_sys_log` VALUES (14, 'admin', '新增菜单/按钮', 9, 'com.tml.server.system.controller.SysMenuController.addMenu()', ' menu: \"SysMenu(menuId=227, parentId=226, menuName=新增, path=null, component=null, perms=api:add, icon=null, type=1, orderNum=null, createTime=Sat Oct 17 12:13:54 CST 2020, modifyTime=null, createTimeFrom=null, createTimeTo=null)\"', '192.168.3.14,127.0.0.1', '2020-10-17 12:13:54', '0|0|0|内网IP|内网IP');
INSERT INTO `t_sys_log` VALUES (15, 'admin', '新增菜单/按钮', 7, 'com.tml.server.system.controller.SysMenuController.addMenu()', ' menu: \"SysMenu(menuId=228, parentId=226, menuName=修改, path=null, component=null, perms=api:update, icon=null, type=1, orderNum=null, createTime=Sat Oct 17 12:14:32 CST 2020, modifyTime=null, createTimeFrom=null, createTimeTo=null)\"', '192.168.3.14,127.0.0.1', '2020-10-17 12:14:32', '0|0|0|内网IP|内网IP');
INSERT INTO `t_sys_log` VALUES (16, 'admin', '新增菜单/按钮', 7, 'com.tml.server.system.controller.SysMenuController.addMenu()', ' menu: \"SysMenu(menuId=229, parentId=226, menuName=删除, path=null, component=null, perms=api:delete, icon=null, type=1, orderNum=null, createTime=Sat Oct 17 12:14:57 CST 2020, modifyTime=null, createTimeFrom=null, createTimeTo=null)\"', '192.168.3.14,127.0.0.1', '2020-10-17 12:14:57', '0|0|0|内网IP|内网IP');
INSERT INTO `t_sys_log` VALUES (17, 'admin', '修改角色', 48, 'com.tml.server.system.controller.SysRoleController.updateRole()', ' role: \"SysRole(roleId=1, roleName=null, remark=管理员, createTime=null, modifyTime=Sat Oct 17 12:15:16 CST 2020, menuIds=1,3,11,12,13,130,135,4,14,15,16,131,5,17,18,19,132,6,20,21,22,133,163,164,165,166,167,220,221,222,223,224,225,2,180,10,24,136,150,151,152,195,196,202,203,204,197,205,198,206,207,208,199,209,200,210,211,212,201,213,226,227,228,229,156,157,159,158,160,183,184,186,187,188,189,190,191,192,185,193,194,154,182,214,215,216,217,218,219,168,171,172)\"', '192.168.3.14,127.0.0.1', '2020-10-17 12:15:17', '0|0|0|内网IP|内网IP');
INSERT INTO `t_sys_log` VALUES (18, 'admin', '修改菜单/按钮', 9, 'com.tml.server.system.controller.SysMenuController.updateMenu()', ' menu: \"SysMenu(menuId=226, parentId=195, menuName=API列表, path=/gateway/api, component=bright/gateway/api/Index, perms=api:list, icon=, type=0, orderNum=7, createTime=null, modifyTime=Sat Oct 17 12:17:53 CST 2020, createTimeFrom=null, createTimeTo=null)\"', '192.168.3.14,127.0.0.1', '2020-10-17 12:17:54', '0|0|0|内网IP|内网IP');

-- ----------------------------
-- Table structure for t_sys_login_log
-- ----------------------------
DROP TABLE IF EXISTS `t_sys_login_log`;
CREATE TABLE `t_sys_login_log`  (
  `ID` bigint(11) NOT NULL AUTO_INCREMENT COMMENT 'id',
  `USERNAME` varchar(50) CHARACTER SET utf8 COLLATE utf8_general_ci NOT NULL COMMENT '用户名',
  `LOGIN_TIME` datetime(0) NOT NULL COMMENT '登录时间',
  `LOCATION` varchar(50) CHARACTER SET utf8 COLLATE utf8_general_ci NULL DEFAULT NULL COMMENT '登录地点',
  `IP` varchar(50) CHARACTER SET utf8 COLLATE utf8_general_ci NULL DEFAULT NULL COMMENT 'IP地址',
  `SYSTEM` varchar(50) CHARACTER SET utf8 COLLATE utf8_general_ci NULL DEFAULT NULL COMMENT '操作系统',
  `BROWSER` varchar(50) CHARACTER SET utf8 COLLATE utf8_general_ci NULL DEFAULT NULL COMMENT '浏览器',
  PRIMARY KEY (`ID`) USING BTREE,
  INDEX `t_login_log_login_time`(`LOGIN_TIME`) USING BTREE
) ENGINE = InnoDB AUTO_INCREMENT = 19 CHARACTER SET = utf8 COLLATE = utf8_general_ci COMMENT = '登录日志表' ROW_FORMAT = DYNAMIC;

-- ----------------------------
-- Records of t_sys_login_log
-- ----------------------------
INSERT INTO `t_sys_login_log` VALUES (1, 'admin', '2020-10-12 15:02:03', '0|0|0|内网IP|内网IP', '127.0.0.1,127.0.0.1', 'Windows 10', 'Chrome 85');
INSERT INTO `t_sys_login_log` VALUES (2, 'admin', '2020-10-13 13:08:57', '0|0|0|内网IP|内网IP', '127.0.0.1,127.0.0.1', 'Windows 10', 'Chrome 85');
INSERT INTO `t_sys_login_log` VALUES (3, 'admin', '2020-10-13 13:20:36', '0|0|0|内网IP|内网IP', '127.0.0.1,127.0.0.1', 'Windows 10', 'Chrome 85');
INSERT INTO `t_sys_login_log` VALUES (4, 'admin', '2020-10-13 13:56:31', '0|0|0|内网IP|内网IP', '127.0.0.1,127.0.0.1', 'Windows 10', 'Chrome 85');
INSERT INTO `t_sys_login_log` VALUES (5, 'admin', '2020-10-13 18:37:41', '0|0|0|内网IP|内网IP', '127.0.0.1,127.0.0.1', 'Windows 10', 'Chrome 85');
INSERT INTO `t_sys_login_log` VALUES (6, 'admin', '2020-10-14 11:10:02', '0|0|0|内网IP|内网IP', '127.0.0.1,127.0.0.1', 'Windows 10', 'Chrome 86');
INSERT INTO `t_sys_login_log` VALUES (7, 'admin', '2020-10-15 09:51:14', '0|0|0|内网IP|内网IP', '127.0.0.1,127.0.0.1', 'Windows 10', 'Chrome 86');
INSERT INTO `t_sys_login_log` VALUES (8, 'admin', '2020-10-16 14:11:00', '0|0|0|内网IP|内网IP', '127.0.0.1,127.0.0.1', 'Windows 10', 'Chrome 86');
INSERT INTO `t_sys_login_log` VALUES (9, 'admin', '2020-10-16 14:13:52', '0|0|0|内网IP|内网IP', '127.0.0.1,127.0.0.1', 'Windows 10', 'Chrome 86');
INSERT INTO `t_sys_login_log` VALUES (10, 'admin', '2020-10-17 09:43:25', '0|0|0|内网IP|内网IP', '192.168.3.14,127.0.0.1', 'Windows 10', 'Chrome 86');
INSERT INTO `t_sys_login_log` VALUES (11, 'admin', '2020-10-17 12:15:44', '0|0|0|内网IP|内网IP', '192.168.3.14,127.0.0.1', 'Windows 10', 'Chrome 86');
INSERT INTO `t_sys_login_log` VALUES (12, 'admin', '2020-10-17 12:18:08', '0|0|0|内网IP|内网IP', '192.168.3.14,127.0.0.1', 'Windows 10', 'Chrome 86');
INSERT INTO `t_sys_login_log` VALUES (13, 'admin', '2020-10-18 14:23:50', '0|0|0|内网IP|内网IP', '127.0.0.1,127.0.0.1', 'Windows 10', 'Chrome 86');
INSERT INTO `t_sys_login_log` VALUES (14, 'admin', '2020-10-18 20:33:31', '0|0|0|内网IP|内网IP', '127.0.0.1,127.0.0.1', 'Windows 10', 'Chrome 86');
INSERT INTO `t_sys_login_log` VALUES (15, 'admin', '2020-10-19 09:56:32', '0|0|0|内网IP|内网IP', '127.0.0.1,127.0.0.1', 'Windows 10', 'Chrome 86');
INSERT INTO `t_sys_login_log` VALUES (16, 'admin', '2020-10-19 10:03:22', '0|0|0|内网IP|内网IP', '127.0.0.1,127.0.0.1', 'Windows 10', 'Chrome 86');
INSERT INTO `t_sys_login_log` VALUES (17, 'admin', '2020-10-19 11:35:27', '0|0|0|内网IP|内网IP', '127.0.0.1,127.0.0.1', 'Windows 10', 'Chrome 86');
INSERT INTO `t_sys_login_log` VALUES (18, 'admin', '2020-10-19 17:15:09', '0|0|0|内网IP|内网IP', '127.0.0.1,127.0.0.1', 'Windows 10', 'Chrome 86');

-- ----------------------------
-- Table structure for t_sys_menu
-- ----------------------------
DROP TABLE IF EXISTS `t_sys_menu`;
CREATE TABLE `t_sys_menu`  (
  `MENU_ID` bigint(20) NOT NULL AUTO_INCREMENT COMMENT '菜单/按钮ID',
  `PARENT_ID` bigint(20) NOT NULL COMMENT '上级菜单ID',
  `MENU_NAME` varchar(50) CHARACTER SET utf8 COLLATE utf8_general_ci NOT NULL COMMENT '菜单/按钮名称',
  `PATH` varchar(255) CHARACTER SET utf8 COLLATE utf8_general_ci NULL DEFAULT NULL COMMENT '对应路由path',
  `COMPONENT` varchar(255) CHARACTER SET utf8 COLLATE utf8_general_ci NULL DEFAULT NULL COMMENT '对应路由组件component',
  `PERMS` varchar(50) CHARACTER SET utf8 COLLATE utf8_general_ci NULL DEFAULT NULL COMMENT '权限标识',
  `ICON` varchar(50) CHARACTER SET utf8 COLLATE utf8_general_ci NULL DEFAULT NULL COMMENT '图标',
  `TYPE` char(2) CHARACTER SET utf8 COLLATE utf8_general_ci NOT NULL COMMENT '类型 0菜单 1按钮',
  `ORDER_NUM` double(20, 0) NULL DEFAULT NULL COMMENT '排序',
  `CREATE_TIME` datetime(0) NOT NULL COMMENT '创建时间',
  `MODIFY_TIME` datetime(0) NULL DEFAULT NULL COMMENT '修改时间',
  PRIMARY KEY (`MENU_ID`) USING BTREE,
  INDEX `t_menu_parent_id`(`PARENT_ID`) USING BTREE,
  INDEX `t_menu_menu_id`(`MENU_ID`) USING BTREE
) ENGINE = InnoDB AUTO_INCREMENT = 230 CHARACTER SET = utf8 COLLATE = utf8_general_ci COMMENT = '菜单表' ROW_FORMAT = DYNAMIC;

-- ----------------------------
-- Records of t_sys_menu
-- ----------------------------
INSERT INTO `t_sys_menu` VALUES (1, 0, '系统管理', '/system', 'Layout', NULL, 'el-icon-set-up', '0', 1, '2017-12-27 16:39:07', '2019-07-20 16:19:04');
INSERT INTO `t_sys_menu` VALUES (2, 0, '系统监控', '/monitor', 'Layout', NULL, 'el-icon-data-line', '0', 2, '2017-12-27 16:45:51', '2019-01-23 06:27:12');
INSERT INTO `t_sys_menu` VALUES (3, 1, '用户管理', '/system/user', 'bright/system/user/Index', 'user:list', '', '0', 1, '2017-12-27 16:47:13', '2020-08-19 20:35:36');
INSERT INTO `t_sys_menu` VALUES (4, 1, '角色管理', '/system/role', 'bright/system/role/Index', 'role:view', '', '0', 2, '2017-12-27 16:48:09', '2018-04-25 09:01:12');
INSERT INTO `t_sys_menu` VALUES (5, 1, '菜单管理', '/system/menu', 'bright/system/menu/Index', 'menu:view', '', '0', 3, '2017-12-27 16:48:57', '2018-04-25 09:01:30');
INSERT INTO `t_sys_menu` VALUES (6, 1, '部门管理', '/system/dept', 'bright/system/dept/Index', 'dept:view', '', '0', 4, '2017-12-27 16:57:33', '2018-04-25 09:01:40');
INSERT INTO `t_sys_menu` VALUES (10, 2, '系统日志', '/monitor/systemlog', 'bright/monitor/systemlog/Index', 'log:view', '', '0', 2, '2017-12-27 17:00:50', '2020-04-13 11:38:04');
INSERT INTO `t_sys_menu` VALUES (11, 3, '新增用户', '', '', 'user:add', NULL, '1', NULL, '2017-12-27 17:02:58', NULL);
INSERT INTO `t_sys_menu` VALUES (12, 3, '修改用户', '', '', 'user:update', NULL, '1', NULL, '2017-12-27 17:04:07', NULL);
INSERT INTO `t_sys_menu` VALUES (13, 3, '删除用户', '', '', 'user:delete', NULL, '1', NULL, '2017-12-27 17:04:58', NULL);
INSERT INTO `t_sys_menu` VALUES (14, 4, '新增角色', '', '', 'role:add', NULL, '1', NULL, '2017-12-27 17:06:38', NULL);
INSERT INTO `t_sys_menu` VALUES (15, 4, '修改角色', '', '', 'role:update', NULL, '1', NULL, '2017-12-27 17:06:38', NULL);
INSERT INTO `t_sys_menu` VALUES (16, 4, '删除角色', '', '', 'role:delete', NULL, '1', NULL, '2017-12-27 17:06:38', NULL);
INSERT INTO `t_sys_menu` VALUES (17, 5, '新增菜单', '', '', 'menu:add', NULL, '1', NULL, '2017-12-27 17:08:02', NULL);
INSERT INTO `t_sys_menu` VALUES (18, 5, '修改菜单', '', '', 'menu:update', NULL, '1', NULL, '2017-12-27 17:08:02', NULL);
INSERT INTO `t_sys_menu` VALUES (19, 5, '删除菜单', '', '', 'menu:delete', NULL, '1', NULL, '2017-12-27 17:08:02', NULL);
INSERT INTO `t_sys_menu` VALUES (20, 6, '新增部门', '', '', 'dept:add', NULL, '1', NULL, '2017-12-27 17:09:24', NULL);
INSERT INTO `t_sys_menu` VALUES (21, 6, '修改部门', '', '', 'dept:update', NULL, '1', NULL, '2017-12-27 17:09:24', NULL);
INSERT INTO `t_sys_menu` VALUES (22, 6, '删除部门', '', '', 'dept:delete', NULL, '1', NULL, '2017-12-27 17:09:24', NULL);
INSERT INTO `t_sys_menu` VALUES (24, 10, '删除日志', '', '', 'log:delete', NULL, '1', NULL, '2017-12-27 17:11:45', NULL);
INSERT INTO `t_sys_menu` VALUES (130, 3, '导出Excel', NULL, NULL, 'user:export', NULL, '1', NULL, '2019-01-23 06:35:16', NULL);
INSERT INTO `t_sys_menu` VALUES (131, 4, '导出Excel', NULL, NULL, 'role:export', NULL, '1', NULL, '2019-01-23 06:35:36', NULL);
INSERT INTO `t_sys_menu` VALUES (132, 5, '导出Excel', NULL, NULL, 'menu:export', NULL, '1', NULL, '2019-01-23 06:36:05', NULL);
INSERT INTO `t_sys_menu` VALUES (133, 6, '导出Excel', NULL, NULL, 'dept:export', NULL, '1', NULL, '2019-01-23 06:36:25', NULL);
INSERT INTO `t_sys_menu` VALUES (135, 3, '密码重置', NULL, NULL, 'user:reset', NULL, '1', NULL, '2019-01-23 06:37:00', NULL);
INSERT INTO `t_sys_menu` VALUES (136, 10, '导出Excel', NULL, NULL, 'log:export', NULL, '1', NULL, '2019-01-23 06:37:27', NULL);
INSERT INTO `t_sys_menu` VALUES (150, 2, '登录日志', '/monitor/loginlog', 'bright/monitor/loginlog/Index', 'monitor:loginlog', '', '0', 3, '2019-07-22 13:41:17', '2020-04-13 11:38:08');
INSERT INTO `t_sys_menu` VALUES (151, 150, '删除日志', NULL, NULL, 'loginlog:delete', NULL, '1', NULL, '2019-07-22 13:43:04', NULL);
INSERT INTO `t_sys_menu` VALUES (152, 150, '导出Excel', NULL, NULL, 'loginlog:export', NULL, '1', NULL, '2019-07-22 13:43:30', NULL);
INSERT INTO `t_sys_menu` VALUES (154, 0, '其他模块', '/others', 'Layout', '', 'el-icon-shopping-bag-1', '0', 6, '2019-07-25 10:16:16', '2020-04-14 18:38:20');
INSERT INTO `t_sys_menu` VALUES (156, 0, '代码生成', '/gen', 'Layout', '', 'el-icon-printer', '0', 4, '2019-07-25 10:24:03', '2020-01-16 13:59:49');
INSERT INTO `t_sys_menu` VALUES (157, 156, '基础配置', '/gen/config', 'bright/gen/config/Index', 'gen:config', '', '0', 1, '2019-07-25 10:24:55', '2020-04-09 14:21:54');
INSERT INTO `t_sys_menu` VALUES (158, 156, '生成代码', '/gen/generate', 'bright/gen/generate/Index', 'gen:generate', '', '0', 2, '2019-07-25 10:25:26', '2019-07-25 11:13:20');
INSERT INTO `t_sys_menu` VALUES (159, 157, '修改配置', NULL, NULL, 'gen:config:update', NULL, '1', NULL, '2019-07-26 16:22:56', NULL);
INSERT INTO `t_sys_menu` VALUES (160, 158, '打包生成', NULL, NULL, 'gen:generate:gen', NULL, '1', NULL, '2019-07-26 16:23:38', '2019-07-26 16:23:53');
INSERT INTO `t_sys_menu` VALUES (163, 1, '客户端管理', '/system/client', 'bright/system/client/Index', 'client:list', '', '0', 5, '2019-09-26 22:58:09', '2020-10-14 11:09:25');
INSERT INTO `t_sys_menu` VALUES (164, 163, '新增', NULL, NULL, 'client:add', NULL, '1', NULL, '2019-09-26 22:58:21', NULL);
INSERT INTO `t_sys_menu` VALUES (165, 163, '修改', NULL, NULL, 'client:update', NULL, '1', NULL, '2019-09-26 22:58:43', NULL);
INSERT INTO `t_sys_menu` VALUES (166, 163, '删除', NULL, NULL, 'client:delete', NULL, '1', NULL, '2019-09-26 22:58:55', NULL);
INSERT INTO `t_sys_menu` VALUES (167, 163, '解密', NULL, NULL, 'client:decrypt', NULL, '1', NULL, '2019-09-26 22:59:08', NULL);
INSERT INTO `t_sys_menu` VALUES (168, 0, '静态组件', '/components', 'Layout', '', 'el-icon-present', '0', 7, '2019-12-02 16:41:28', '2020-04-14 18:38:23');
INSERT INTO `t_sys_menu` VALUES (171, 168, 'MarkDown', '/components/markdown', 'demos/markdown', '', '', '0', 2, '2019-12-02 16:42:34', NULL);
INSERT INTO `t_sys_menu` VALUES (172, 168, '富文本编辑器', '/components/tinymce', 'demos/tinymce', '', '', '0', 3, '2019-12-02 16:42:50', NULL);
INSERT INTO `t_sys_menu` VALUES (180, 2, '监控面板', '/monitor/dashboard', 'bright/monitor/dashboard/Index', 'monitor:dashboard', '', '0', 1, '2020-04-13 09:44:09', '2020-04-13 11:38:00');
INSERT INTO `t_sys_menu` VALUES (182, 154, '数据权限', '/test/omsItem', 'bright/test/omsItem/Index', 'omsItem:list', '', '0', 1, '2020-04-14 14:51:35', '2020-08-20 14:25:57');
INSERT INTO `t_sys_menu` VALUES (183, 0, '任务调度', '/job', 'Layout', '', 'el-icon-alarm-clock', '0', 5, '2020-04-14 18:39:35', '2020-04-14 18:39:53');
INSERT INTO `t_sys_menu` VALUES (184, 183, '任务列表', '/job/list', 'bright/job/job/Index', 'job:list', '', '0', 1, '2020-04-14 18:40:37', '2020-08-19 18:12:09');
INSERT INTO `t_sys_menu` VALUES (185, 183, '调度日志', '/job/log', 'bright/job/log/Index', 'job:log:list', '', '0', 2, '2020-04-14 18:42:25', '2020-08-19 18:12:44');
INSERT INTO `t_sys_menu` VALUES (186, 184, '新增任务', NULL, NULL, 'job:add', NULL, '1', NULL, '2020-04-14 18:59:55', '2020-04-15 08:56:03');
INSERT INTO `t_sys_menu` VALUES (187, 184, '修改任务', NULL, NULL, 'job:update', NULL, '1', NULL, '2020-04-14 19:00:13', NULL);
INSERT INTO `t_sys_menu` VALUES (188, 184, '删除任务', NULL, NULL, 'job:delete', NULL, '1', NULL, '2020-04-14 19:00:26', NULL);
INSERT INTO `t_sys_menu` VALUES (189, 184, '暂停任务', NULL, NULL, 'job:pause', NULL, '1', NULL, '2020-04-14 19:00:42', NULL);
INSERT INTO `t_sys_menu` VALUES (190, 184, '恢复任务', NULL, NULL, 'job:resume', NULL, '1', NULL, '2020-04-14 19:00:56', NULL);
INSERT INTO `t_sys_menu` VALUES (191, 184, '立即执行一次', NULL, NULL, 'job:run', NULL, '1', NULL, '2020-04-14 19:01:42', NULL);
INSERT INTO `t_sys_menu` VALUES (192, 184, '导出Excel', NULL, NULL, 'job:export', NULL, '1', NULL, '2020-04-14 19:01:59', NULL);
INSERT INTO `t_sys_menu` VALUES (193, 185, '删除', NULL, NULL, 'job:log:delete', NULL, '1', NULL, '2020-04-15 14:01:33', NULL);
INSERT INTO `t_sys_menu` VALUES (194, 185, '导出', NULL, NULL, 'job:log:export', NULL, '1', NULL, '2020-04-15 14:01:45', NULL);
INSERT INTO `t_sys_menu` VALUES (195, 0, '网关管理', '/gateway', 'Layout', '', 'el-icon-odometer', '0', 3, '2020-08-17 10:38:13', '2020-08-19 21:51:21');
INSERT INTO `t_sys_menu` VALUES (196, 195, '动态路由', '/gateway/dynamicroute', 'bright/gateway/dynamicroute/Index', 'gatewayDynamicRoute:list', '', '0', 1, '2020-08-17 10:44:18', '2020-08-17 15:35:30');
INSERT INTO `t_sys_menu` VALUES (197, 195, '网关日志', '/gateway/routelog', 'bright/gateway/routelog/Index', 'gatewayRouteLog:list', '', '0', 2, '2020-08-17 11:00:19', '2020-08-18 10:15:37');
INSERT INTO `t_sys_menu` VALUES (198, 195, '限流规则', '/gateway/routelimitrule', 'bright/gateway/routelimitrule/Index', 'gatewayRouteLimitRule:list', '', '0', 3, '2020-08-17 11:01:20', '2020-08-18 11:37:33');
INSERT INTO `t_sys_menu` VALUES (199, 195, '限流日志', '/gateway/routelimitlog', 'bright/gateway/routelimitlog/Index', 'gatewayRouteLimitRuleLog:list', '', '0', 4, '2020-08-17 11:02:02', '2020-08-18 11:13:25');
INSERT INTO `t_sys_menu` VALUES (200, 195, '黑名单管理', '/gateway/blocklist', 'bright/gateway/blocklist/Index', 'gatewayBlockList:list', '', '0', 5, '2020-08-17 11:03:32', '2020-08-18 10:20:04');
INSERT INTO `t_sys_menu` VALUES (201, 195, '黑名单日志', '/gateway/blocklistlog', 'bright/gateway/blocklistlog/Index', 'gatewayBlockListLog:list', '', '0', 6, '2020-08-17 11:04:03', '2020-08-18 10:21:39');
INSERT INTO `t_sys_menu` VALUES (202, 196, '新增', NULL, NULL, 'gatewayDynamicRoute:add', NULL, '1', NULL, '2020-08-17 15:36:18', NULL);
INSERT INTO `t_sys_menu` VALUES (203, 196, '修改', NULL, NULL, 'gatewayDynamicRoute:update', NULL, '1', NULL, '2020-08-17 15:36:49', NULL);
INSERT INTO `t_sys_menu` VALUES (204, 196, '删除', NULL, NULL, 'gatewayDynamicRoute:delete', NULL, '1', NULL, '2020-08-17 15:37:06', NULL);
INSERT INTO `t_sys_menu` VALUES (205, 197, '删除', NULL, NULL, 'gatewayRouteLog:delete', NULL, '1', NULL, '2020-08-18 10:16:13', NULL);
INSERT INTO `t_sys_menu` VALUES (206, 198, '添加', NULL, NULL, 'gatewayRouteLimitRule:add', NULL, '1', NULL, '2020-08-18 10:17:58', '2020-08-18 11:37:46');
INSERT INTO `t_sys_menu` VALUES (207, 198, '修改', NULL, NULL, 'gatewayRouteLimitRule:update', NULL, '1', NULL, '2020-08-18 10:18:20', '2020-08-18 11:37:56');
INSERT INTO `t_sys_menu` VALUES (208, 198, '删除', NULL, NULL, 'gatewayRouteLimitRule:delete', NULL, '1', NULL, '2020-08-18 10:18:38', '2020-08-18 11:38:08');
INSERT INTO `t_sys_menu` VALUES (209, 199, '删除', NULL, NULL, 'gatewayRouteLimitRuleLog:delete', NULL, '1', NULL, '2020-08-18 10:19:23', '2020-08-18 11:22:17');
INSERT INTO `t_sys_menu` VALUES (210, 200, '添加', NULL, NULL, 'gatewayBlockList:add', NULL, '1', NULL, '2020-08-18 10:20:24', NULL);
INSERT INTO `t_sys_menu` VALUES (211, 200, '修改', NULL, NULL, 'gatewayBlockList:update', NULL, '1', NULL, '2020-08-18 10:20:43', NULL);
INSERT INTO `t_sys_menu` VALUES (212, 200, '删除', NULL, NULL, 'gatewayBlockList:delete', NULL, '1', NULL, '2020-08-18 10:21:03', NULL);
INSERT INTO `t_sys_menu` VALUES (213, 201, '删除', NULL, NULL, 'gatewayBlockListLog:delete', NULL, '1', NULL, '2020-08-18 10:21:57', NULL);
INSERT INTO `t_sys_menu` VALUES (214, 182, '添加', NULL, NULL, 'omsItem:add', NULL, '1', NULL, '2020-08-20 14:15:03', NULL);
INSERT INTO `t_sys_menu` VALUES (215, 182, '修改', NULL, NULL, 'omsItem:update', NULL, '1', NULL, '2020-08-20 14:15:25', NULL);
INSERT INTO `t_sys_menu` VALUES (216, 182, '删除', NULL, NULL, 'omsItem:delete', NULL, '1', NULL, '2020-08-20 14:15:42', NULL);
INSERT INTO `t_sys_menu` VALUES (217, 182, '导出Excel', NULL, NULL, 'omsItem:export', NULL, '1', NULL, '2020-08-20 14:16:38', '2020-08-20 14:47:45');
INSERT INTO `t_sys_menu` VALUES (218, 182, '下载模板', NULL, NULL, 'omsItem:template', NULL, '1', NULL, '2020-08-20 14:17:05', NULL);
INSERT INTO `t_sys_menu` VALUES (219, 182, '导入Excel', NULL, NULL, 'omsItem:import', NULL, '1', NULL, '2020-08-20 14:17:41', NULL);
INSERT INTO `t_sys_menu` VALUES (220, 1, '系统通告', '/system/notice', 'bright/system/notice/Index', 'notice:list', '', '0', 6, '2020-10-13 13:17:59', '2020-10-14 11:09:36');
INSERT INTO `t_sys_menu` VALUES (221, 220, '新增', NULL, NULL, 'notice:add', NULL, '1', NULL, '2020-10-13 13:18:46', NULL);
INSERT INTO `t_sys_menu` VALUES (222, 220, '修改', NULL, NULL, 'notice:update', NULL, '1', NULL, '2020-10-13 13:19:16', NULL);
INSERT INTO `t_sys_menu` VALUES (223, 220, '删除', NULL, NULL, 'notice:delete', NULL, '1', NULL, '2020-10-13 13:19:57', NULL);
INSERT INTO `t_sys_menu` VALUES (224, 220, '发布', NULL, NULL, 'notice:release', NULL, '1', NULL, '2020-10-14 11:08:27', NULL);
INSERT INTO `t_sys_menu` VALUES (225, 220, '撤销', NULL, NULL, 'notice:revoke', NULL, '1', NULL, '2020-10-14 11:09:01', NULL);
INSERT INTO `t_sys_menu` VALUES (226, 195, 'API列表', '/gateway/api', 'bright/gateway/api/Index', 'api:list', '', '0', 7, '2020-10-17 12:13:26', '2020-10-17 12:17:54');
INSERT INTO `t_sys_menu` VALUES (227, 226, '新增', NULL, NULL, 'api:add', NULL, '1', NULL, '2020-10-17 12:13:54', NULL);
INSERT INTO `t_sys_menu` VALUES (228, 226, '修改', NULL, NULL, 'api:update', NULL, '1', NULL, '2020-10-17 12:14:32', NULL);
INSERT INTO `t_sys_menu` VALUES (229, 226, '删除', NULL, NULL, 'api:delete', NULL, '1', NULL, '2020-10-17 12:14:57', NULL);

-- ----------------------------
-- Table structure for t_sys_notice
-- ----------------------------
DROP TABLE IF EXISTS `t_sys_notice`;
CREATE TABLE `t_sys_notice`  (
  `ID` bigint(20) NOT NULL AUTO_INCREMENT,
  `TITLE` varchar(100) CHARACTER SET utf8 COLLATE utf8_general_ci NULL DEFAULT NULL COMMENT '标题',
  `MSG_ABSTRACT` text CHARACTER SET utf8 COLLATE utf8_general_ci NULL COMMENT '摘要',
  `MSG_CONTENT` text CHARACTER SET utf8 COLLATE utf8_general_ci NULL COMMENT '内容',
  `START_TIME` datetime(0) NULL DEFAULT NULL COMMENT '开始时间',
  `END_TIME` datetime(0) NULL DEFAULT NULL COMMENT '结束时间',
  `PRIORITY` varchar(255) CHARACTER SET utf8 COLLATE utf8_general_ci NULL DEFAULT NULL COMMENT '优先级（L低，M中，H高）',
  `MSG_CATEGORY` varchar(10) CHARACTER SET utf8 COLLATE utf8_general_ci NOT NULL DEFAULT '2' COMMENT '消息类型1:通知公告2:系统消息',
  `MSG_TYPE` varchar(10) CHARACTER SET utf8 COLLATE utf8_general_ci NULL DEFAULT NULL COMMENT '通告对象类型（USER:指定用户，ALL:全体用户）',
  `SEND_STATUS` varchar(10) CHARACTER SET utf8 COLLATE utf8_general_ci NULL DEFAULT NULL COMMENT '发布状态（0未发布，1已发布，2已撤销）',
  `SEND_TIME` datetime(0) NULL DEFAULT NULL COMMENT '发布时间',
  `CANCEL_TIME` datetime(0) NULL DEFAULT NULL COMMENT '撤销时间',
  `USER_IDS` text CHARACTER SET utf8 COLLATE utf8_general_ci NULL COMMENT '指定用户',
  `BUS_TYPE` varchar(20) CHARACTER SET utf8 COLLATE utf8_general_ci NULL DEFAULT NULL COMMENT '业务类型(email:邮件 bpm:流程)',
  `BUS_ID` varchar(50) CHARACTER SET utf8 COLLATE utf8_general_ci NULL DEFAULT NULL COMMENT '业务id',
  `OPEN_TYPE` varchar(20) CHARACTER SET utf8 COLLATE utf8_general_ci NULL DEFAULT NULL COMMENT '打开方式(组件：component 路由：url)',
  `OPEN_PAGE` varchar(255) CHARACTER SET utf8 COLLATE utf8_general_ci NULL DEFAULT NULL COMMENT '组件/路由 地址',
  `CREATE_USER` varchar(32) CHARACTER SET utf8 COLLATE utf8_general_ci NULL DEFAULT NULL COMMENT '创建人',
  `CREATE_TIME` datetime(0) NULL DEFAULT NULL COMMENT '创建时间',
  `UPDATE_USER` varchar(32) CHARACTER SET utf8 COLLATE utf8_general_ci NULL DEFAULT NULL COMMENT '更新人',
  `UPDATE_TIME` datetime(0) NULL DEFAULT NULL COMMENT '更新时间',
  `DEL_FLAG` varchar(1) CHARACTER SET utf8 COLLATE utf8_general_ci NULL DEFAULT NULL COMMENT '删除状态（0，正常，1已删除）',
  PRIMARY KEY (`ID`) USING BTREE
) ENGINE = InnoDB AUTO_INCREMENT = 20 CHARACTER SET = utf8 COLLATE = utf8_general_ci COMMENT = '系统通告表' ROW_FORMAT = DYNAMIC;

-- ----------------------------
-- Records of t_sys_notice
-- ----------------------------
INSERT INTO `t_sys_notice` VALUES (4, '测试1', '测试1', '<p>测试</p>', '2020-10-14 15:20:00', '2020-10-31 15:21:00', 'H', '2', 'ALL', '1', '2020-10-19 16:20:37', NULL, NULL, NULL, NULL, NULL, NULL, 'admin', '2020-09-21 15:19:22', 'admin', '2020-10-19 16:20:37', '0');
INSERT INTO `t_sys_notice` VALUES (5, '测试2', '测试2', '<p>测试2</p>', '2020-10-14 11:20:00', '2020-10-31 11:20:00', 'H', '1', 'ALL', '1', '2020-10-19 18:20:19', NULL, '1', NULL, NULL, NULL, NULL, 'admin', '2020-09-21 16:58:50', 'admin', '2020-10-19 18:20:19', '0');
INSERT INTO `t_sys_notice` VALUES (6, '测试3', '测试3', '<p>测试33333333333333</p>', '2020-10-14 11:20:00', '2020-10-31 11:20:00', 'L', '2', 'USER', '1', '2020-10-19 18:20:22', NULL, '1,15,16', NULL, NULL, NULL, NULL, 'admin', '2020-09-21 17:22:47', 'admin', '2020-10-19 18:20:22', '0');
INSERT INTO `t_sys_notice` VALUES (7, '测试4', '测试4', '<p>测试4</p>', '2020-10-14 11:30:00', '2020-10-31 00:00:00', 'H', '1', 'USER', '1', '2020-10-19 18:20:24', NULL, '15,16', NULL, NULL, NULL, NULL, 'admin', '2020-10-14 11:28:14', 'admin', '2020-10-19 18:20:24', '0');
INSERT INTO `t_sys_notice` VALUES (8, '测试11', '测试1', '<p>测试</p>', '2020-10-14 15:20:00', '2020-10-31 15:21:00', 'H', '2', 'ALL', '1', '2020-10-19 16:20:37', NULL, NULL, NULL, NULL, NULL, NULL, 'admin', '2020-09-21 15:19:22', 'admin', '2020-10-19 16:20:37', '0');
INSERT INTO `t_sys_notice` VALUES (9, '测试12', '测试1', '<p>测试</p>', '2020-10-14 15:20:00', '2020-10-31 15:21:00', 'H', '2', 'ALL', '1', '2020-10-19 16:20:37', NULL, NULL, NULL, NULL, NULL, NULL, 'admin', '2020-09-21 15:19:22', 'admin', '2020-10-19 16:20:37', '0');
INSERT INTO `t_sys_notice` VALUES (10, '测试13', '测试1', '<p>测试</p>', '2020-10-14 15:20:00', '2020-10-31 15:21:00', 'H', '2', 'ALL', '1', '2020-10-19 16:20:37', NULL, NULL, NULL, NULL, NULL, NULL, 'admin', '2020-09-21 15:19:22', 'admin', '2020-10-19 16:20:37', '0');
INSERT INTO `t_sys_notice` VALUES (11, '测试14', '测试1', '<p>测试</p>', '2020-10-14 15:20:00', '2020-10-31 15:21:00', 'H', '2', 'ALL', '1', '2020-10-19 16:20:37', NULL, NULL, NULL, NULL, NULL, NULL, 'admin', '2020-09-21 15:19:22', 'admin', '2020-10-19 16:20:37', '0');
INSERT INTO `t_sys_notice` VALUES (12, '测试15', '测试1', '<p>测试</p>', '2020-10-14 15:20:00', '2020-10-31 15:21:00', 'H', '2', 'ALL', '1', '2020-10-19 16:20:37', NULL, NULL, NULL, NULL, NULL, NULL, 'admin', '2020-09-21 15:19:22', 'admin', '2020-10-19 16:20:37', '0');
INSERT INTO `t_sys_notice` VALUES (13, '测试21', '测试2', '<p>测试2</p>', '2020-10-14 11:20:00', '2020-10-31 11:20:00', 'H', '1', 'ALL', '2', '2020-10-19 18:20:19', '2020-10-19 20:23:01', '1', NULL, NULL, NULL, NULL, 'admin', '2020-09-21 16:58:50', 'admin', '2020-10-19 20:23:01', '0');
INSERT INTO `t_sys_notice` VALUES (14, '测试22', '测试2', '<p>测试2</p>', '2020-10-14 11:20:00', '2020-10-31 11:20:00', 'H', '1', 'ALL', '1', '2020-10-19 18:20:19', NULL, '1', NULL, NULL, NULL, NULL, 'admin', '2020-09-21 16:58:50', 'admin', '2020-10-19 18:20:19', '0');
INSERT INTO `t_sys_notice` VALUES (15, '测试23', '测试2', '<p>测试2</p>', '2020-10-14 11:20:00', '2020-10-31 11:20:00', 'H', '1', 'ALL', '1', '2020-10-19 18:20:19', NULL, '1', NULL, NULL, NULL, NULL, 'admin', '2020-09-21 16:58:50', 'admin', '2020-10-19 18:20:19', '0');
INSERT INTO `t_sys_notice` VALUES (16, '测试24', '测试2', '<p>测试2</p>', '2020-10-14 11:20:00', '2020-10-31 11:20:00', 'H', '1', 'ALL', '1', '2020-10-19 18:20:19', NULL, '1', NULL, NULL, NULL, NULL, 'admin', '2020-09-21 16:58:50', 'admin', '2020-10-19 18:20:19', '0');
INSERT INTO `t_sys_notice` VALUES (17, '测试25', '测试2', '<p>测试2</p>', '2020-10-14 11:20:00', '2020-10-31 11:20:00', 'H', '1', 'ALL', '1', '2020-10-19 18:20:19', NULL, '1', NULL, NULL, NULL, NULL, 'admin', '2020-09-21 16:58:50', 'admin', '2020-10-19 18:20:19', '0');
INSERT INTO `t_sys_notice` VALUES (18, '测试88', '测试88', '<p>测试88</p>', '2020-10-19 20:12:00', '2020-10-31 20:12:00', 'H', '1', 'ALL', '1', '2020-10-19 20:10:26', NULL, '', NULL, NULL, NULL, NULL, 'admin', '2020-10-19 20:10:17', 'admin', '2020-10-19 20:10:26', '0');
INSERT INTO `t_sys_notice` VALUES (19, '测试99', '测试99', '<p>测试99</p>', '2020-10-19 20:20:00', '2020-10-31 20:20:00', 'H', '1', 'ALL', '2', '2020-10-19 20:19:31', '2020-10-19 20:22:52', '', NULL, NULL, NULL, NULL, 'admin', '2020-10-19 20:19:17', 'admin', '2020-10-19 20:22:52', '0');

-- ----------------------------
-- Table structure for t_sys_notice_send
-- ----------------------------
DROP TABLE IF EXISTS `t_sys_notice_send`;
CREATE TABLE `t_sys_notice_send`  (
  `ID` bigint(20) NOT NULL AUTO_INCREMENT,
  `NOTICE_ID` bigint(20) NULL DEFAULT NULL COMMENT '通告ID',
  `USER_ID` bigint(20) NULL DEFAULT NULL COMMENT '用户id',
  `READ_FLAG` varchar(10) CHARACTER SET utf8 COLLATE utf8_general_ci NULL DEFAULT NULL COMMENT '阅读状态（0未读，1已读）',
  `READ_TIME` datetime(0) NULL DEFAULT NULL COMMENT '阅读时间',
  `CREATE_USER` varchar(32) CHARACTER SET utf8 COLLATE utf8_general_ci NULL DEFAULT NULL COMMENT '创建人',
  `CREATE_TIME` datetime(0) NULL DEFAULT NULL COMMENT '创建时间',
  `UPDATE_USER` varchar(32) CHARACTER SET utf8 COLLATE utf8_general_ci NULL DEFAULT NULL COMMENT '更新人',
  `UPDATE_TIME` datetime(0) NULL DEFAULT NULL COMMENT '更新时间',
  PRIMARY KEY (`ID`) USING BTREE
) ENGINE = InnoDB AUTO_INCREMENT = 17 CHARACTER SET = utf8 COLLATE = utf8_general_ci COMMENT = '用户通告阅读标记表' ROW_FORMAT = DYNAMIC;

-- ----------------------------
-- Records of t_sys_notice_send
-- ----------------------------
INSERT INTO `t_sys_notice_send` VALUES (3, 4, 1, '1', '2020-10-19 19:44:01', 'admin', '2020-10-19 19:44:01', 'admin', '2020-10-19 19:44:01');
INSERT INTO `t_sys_notice_send` VALUES (4, 5, 1, '0', NULL, NULL, NULL, NULL, NULL);
INSERT INTO `t_sys_notice_send` VALUES (5, 8, 1, '1', '2020-10-19 19:47:41', 'admin', '2020-10-19 19:47:41', 'admin', '2020-10-19 19:47:41');
INSERT INTO `t_sys_notice_send` VALUES (6, 9, 1, '1', '2020-10-19 19:45:02', 'admin', '2020-10-19 19:45:02', 'admin', '2020-10-19 19:45:02');
INSERT INTO `t_sys_notice_send` VALUES (7, 10, 1, '0', NULL, NULL, NULL, NULL, NULL);
INSERT INTO `t_sys_notice_send` VALUES (8, 11, 1, '0', NULL, NULL, NULL, NULL, NULL);
INSERT INTO `t_sys_notice_send` VALUES (9, 12, 1, '0', NULL, NULL, NULL, NULL, NULL);
INSERT INTO `t_sys_notice_send` VALUES (10, 13, 1, '0', NULL, NULL, NULL, NULL, NULL);
INSERT INTO `t_sys_notice_send` VALUES (11, 14, 1, '0', NULL, NULL, NULL, NULL, NULL);
INSERT INTO `t_sys_notice_send` VALUES (12, 15, 1, '1', '2020-10-19 19:47:11', 'admin', '2020-10-19 19:47:11', 'admin', '2020-10-19 19:47:11');
INSERT INTO `t_sys_notice_send` VALUES (13, 16, 1, '1', '2020-10-19 19:46:53', 'admin', '2020-10-19 19:46:53', 'admin', '2020-10-19 19:46:53');
INSERT INTO `t_sys_notice_send` VALUES (14, 17, 1, '1', '2020-10-19 19:47:03', 'admin', '2020-10-19 19:47:03', 'admin', '2020-10-19 19:47:03');
INSERT INTO `t_sys_notice_send` VALUES (15, 18, 1, '0', NULL, NULL, NULL, NULL, NULL);
INSERT INTO `t_sys_notice_send` VALUES (16, 19, 1, '1', '2020-10-19 20:19:51', 'admin', '2020-10-19 20:19:51', 'admin', '2020-10-19 20:19:51');

-- ----------------------------
-- Table structure for t_sys_role
-- ----------------------------
DROP TABLE IF EXISTS `t_sys_role`;
CREATE TABLE `t_sys_role`  (
  `ROLE_ID` bigint(20) NOT NULL AUTO_INCREMENT COMMENT '角色ID',
  `ROLE_NAME` varchar(10) CHARACTER SET utf8 COLLATE utf8_general_ci NOT NULL COMMENT '角色名称',
  `REMARK` varchar(100) CHARACTER SET utf8 COLLATE utf8_general_ci NULL DEFAULT NULL COMMENT '角色描述',
  `CREATE_TIME` datetime(0) NOT NULL COMMENT '创建时间',
  `MODIFY_TIME` datetime(0) NULL DEFAULT NULL COMMENT '修改时间',
  PRIMARY KEY (`ROLE_ID`) USING BTREE
) ENGINE = InnoDB AUTO_INCREMENT = 5 CHARACTER SET = utf8 COLLATE = utf8_general_ci COMMENT = '角色表' ROW_FORMAT = DYNAMIC;

-- ----------------------------
-- Records of t_sys_role
-- ----------------------------
INSERT INTO `t_sys_role` VALUES (1, '管理员', '管理员', '2017-12-27 16:23:11', '2020-10-17 12:15:17');
INSERT INTO `t_sys_role` VALUES (2, '注册用户', '可查看，新增，导出', '2019-01-04 14:11:28', '2020-08-20 20:36:27');
INSERT INTO `t_sys_role` VALUES (3, '系统监控员', '负责系统监控模块', '2019-09-01 10:30:25', '2020-08-20 16:46:30');
INSERT INTO `t_sys_role` VALUES (4, '测试角色', '测试角色', '2020-03-08 19:16:01', '2020-08-20 16:46:32');

-- ----------------------------
-- Table structure for t_sys_role_menu
-- ----------------------------
DROP TABLE IF EXISTS `t_sys_role_menu`;
CREATE TABLE `t_sys_role_menu`  (
  `ROLE_ID` bigint(20) NOT NULL,
  `MENU_ID` bigint(20) NOT NULL,
  PRIMARY KEY (`ROLE_ID`, `MENU_ID`) USING BTREE,
  INDEX `t_role_menu_menu_id`(`MENU_ID`) USING BTREE,
  INDEX `t_role_menu_role_id`(`ROLE_ID`) USING BTREE
) ENGINE = InnoDB CHARACTER SET = utf8 COLLATE = utf8_general_ci COMMENT = '角色菜单关联表' ROW_FORMAT = DYNAMIC;

-- ----------------------------
-- Records of t_sys_role_menu
-- ----------------------------
INSERT INTO `t_sys_role_menu` VALUES (1, 1);
INSERT INTO `t_sys_role_menu` VALUES (2, 1);
INSERT INTO `t_sys_role_menu` VALUES (4, 1);
INSERT INTO `t_sys_role_menu` VALUES (1, 2);
INSERT INTO `t_sys_role_menu` VALUES (2, 2);
INSERT INTO `t_sys_role_menu` VALUES (3, 2);
INSERT INTO `t_sys_role_menu` VALUES (1, 3);
INSERT INTO `t_sys_role_menu` VALUES (2, 3);
INSERT INTO `t_sys_role_menu` VALUES (4, 3);
INSERT INTO `t_sys_role_menu` VALUES (1, 4);
INSERT INTO `t_sys_role_menu` VALUES (2, 4);
INSERT INTO `t_sys_role_menu` VALUES (4, 4);
INSERT INTO `t_sys_role_menu` VALUES (1, 5);
INSERT INTO `t_sys_role_menu` VALUES (2, 5);
INSERT INTO `t_sys_role_menu` VALUES (4, 5);
INSERT INTO `t_sys_role_menu` VALUES (1, 6);
INSERT INTO `t_sys_role_menu` VALUES (2, 6);
INSERT INTO `t_sys_role_menu` VALUES (4, 6);
INSERT INTO `t_sys_role_menu` VALUES (1, 10);
INSERT INTO `t_sys_role_menu` VALUES (2, 10);
INSERT INTO `t_sys_role_menu` VALUES (3, 10);
INSERT INTO `t_sys_role_menu` VALUES (4, 10);
INSERT INTO `t_sys_role_menu` VALUES (1, 11);
INSERT INTO `t_sys_role_menu` VALUES (4, 11);
INSERT INTO `t_sys_role_menu` VALUES (1, 12);
INSERT INTO `t_sys_role_menu` VALUES (4, 12);
INSERT INTO `t_sys_role_menu` VALUES (1, 13);
INSERT INTO `t_sys_role_menu` VALUES (4, 13);
INSERT INTO `t_sys_role_menu` VALUES (1, 14);
INSERT INTO `t_sys_role_menu` VALUES (2, 14);
INSERT INTO `t_sys_role_menu` VALUES (1, 15);
INSERT INTO `t_sys_role_menu` VALUES (1, 16);
INSERT INTO `t_sys_role_menu` VALUES (1, 17);
INSERT INTO `t_sys_role_menu` VALUES (2, 17);
INSERT INTO `t_sys_role_menu` VALUES (1, 18);
INSERT INTO `t_sys_role_menu` VALUES (1, 19);
INSERT INTO `t_sys_role_menu` VALUES (1, 20);
INSERT INTO `t_sys_role_menu` VALUES (2, 20);
INSERT INTO `t_sys_role_menu` VALUES (1, 21);
INSERT INTO `t_sys_role_menu` VALUES (1, 22);
INSERT INTO `t_sys_role_menu` VALUES (1, 24);
INSERT INTO `t_sys_role_menu` VALUES (3, 24);
INSERT INTO `t_sys_role_menu` VALUES (4, 24);
INSERT INTO `t_sys_role_menu` VALUES (1, 130);
INSERT INTO `t_sys_role_menu` VALUES (2, 130);
INSERT INTO `t_sys_role_menu` VALUES (4, 130);
INSERT INTO `t_sys_role_menu` VALUES (1, 131);
INSERT INTO `t_sys_role_menu` VALUES (2, 131);
INSERT INTO `t_sys_role_menu` VALUES (4, 131);
INSERT INTO `t_sys_role_menu` VALUES (1, 132);
INSERT INTO `t_sys_role_menu` VALUES (2, 132);
INSERT INTO `t_sys_role_menu` VALUES (4, 132);
INSERT INTO `t_sys_role_menu` VALUES (1, 133);
INSERT INTO `t_sys_role_menu` VALUES (2, 133);
INSERT INTO `t_sys_role_menu` VALUES (4, 133);
INSERT INTO `t_sys_role_menu` VALUES (1, 135);
INSERT INTO `t_sys_role_menu` VALUES (4, 135);
INSERT INTO `t_sys_role_menu` VALUES (1, 136);
INSERT INTO `t_sys_role_menu` VALUES (2, 136);
INSERT INTO `t_sys_role_menu` VALUES (3, 136);
INSERT INTO `t_sys_role_menu` VALUES (4, 136);
INSERT INTO `t_sys_role_menu` VALUES (1, 150);
INSERT INTO `t_sys_role_menu` VALUES (2, 150);
INSERT INTO `t_sys_role_menu` VALUES (3, 150);
INSERT INTO `t_sys_role_menu` VALUES (4, 150);
INSERT INTO `t_sys_role_menu` VALUES (1, 151);
INSERT INTO `t_sys_role_menu` VALUES (3, 151);
INSERT INTO `t_sys_role_menu` VALUES (4, 151);
INSERT INTO `t_sys_role_menu` VALUES (1, 152);
INSERT INTO `t_sys_role_menu` VALUES (2, 152);
INSERT INTO `t_sys_role_menu` VALUES (3, 152);
INSERT INTO `t_sys_role_menu` VALUES (4, 152);
INSERT INTO `t_sys_role_menu` VALUES (1, 154);
INSERT INTO `t_sys_role_menu` VALUES (2, 154);
INSERT INTO `t_sys_role_menu` VALUES (4, 154);
INSERT INTO `t_sys_role_menu` VALUES (1, 156);
INSERT INTO `t_sys_role_menu` VALUES (2, 156);
INSERT INTO `t_sys_role_menu` VALUES (4, 156);
INSERT INTO `t_sys_role_menu` VALUES (1, 157);
INSERT INTO `t_sys_role_menu` VALUES (2, 157);
INSERT INTO `t_sys_role_menu` VALUES (4, 157);
INSERT INTO `t_sys_role_menu` VALUES (1, 158);
INSERT INTO `t_sys_role_menu` VALUES (2, 158);
INSERT INTO `t_sys_role_menu` VALUES (4, 158);
INSERT INTO `t_sys_role_menu` VALUES (1, 159);
INSERT INTO `t_sys_role_menu` VALUES (4, 159);
INSERT INTO `t_sys_role_menu` VALUES (1, 160);
INSERT INTO `t_sys_role_menu` VALUES (2, 160);
INSERT INTO `t_sys_role_menu` VALUES (4, 160);
INSERT INTO `t_sys_role_menu` VALUES (1, 163);
INSERT INTO `t_sys_role_menu` VALUES (2, 163);
INSERT INTO `t_sys_role_menu` VALUES (4, 163);
INSERT INTO `t_sys_role_menu` VALUES (1, 164);
INSERT INTO `t_sys_role_menu` VALUES (2, 164);
INSERT INTO `t_sys_role_menu` VALUES (1, 165);
INSERT INTO `t_sys_role_menu` VALUES (1, 166);
INSERT INTO `t_sys_role_menu` VALUES (1, 167);
INSERT INTO `t_sys_role_menu` VALUES (2, 167);
INSERT INTO `t_sys_role_menu` VALUES (4, 167);
INSERT INTO `t_sys_role_menu` VALUES (1, 168);
INSERT INTO `t_sys_role_menu` VALUES (2, 168);
INSERT INTO `t_sys_role_menu` VALUES (4, 168);
INSERT INTO `t_sys_role_menu` VALUES (1, 171);
INSERT INTO `t_sys_role_menu` VALUES (2, 171);
INSERT INTO `t_sys_role_menu` VALUES (4, 171);
INSERT INTO `t_sys_role_menu` VALUES (1, 172);
INSERT INTO `t_sys_role_menu` VALUES (2, 172);
INSERT INTO `t_sys_role_menu` VALUES (4, 172);
INSERT INTO `t_sys_role_menu` VALUES (1, 180);
INSERT INTO `t_sys_role_menu` VALUES (2, 180);
INSERT INTO `t_sys_role_menu` VALUES (4, 180);
INSERT INTO `t_sys_role_menu` VALUES (1, 182);
INSERT INTO `t_sys_role_menu` VALUES (2, 182);
INSERT INTO `t_sys_role_menu` VALUES (4, 182);
INSERT INTO `t_sys_role_menu` VALUES (1, 183);
INSERT INTO `t_sys_role_menu` VALUES (2, 183);
INSERT INTO `t_sys_role_menu` VALUES (4, 183);
INSERT INTO `t_sys_role_menu` VALUES (1, 184);
INSERT INTO `t_sys_role_menu` VALUES (2, 184);
INSERT INTO `t_sys_role_menu` VALUES (4, 184);
INSERT INTO `t_sys_role_menu` VALUES (1, 185);
INSERT INTO `t_sys_role_menu` VALUES (2, 185);
INSERT INTO `t_sys_role_menu` VALUES (4, 185);
INSERT INTO `t_sys_role_menu` VALUES (1, 186);
INSERT INTO `t_sys_role_menu` VALUES (4, 186);
INSERT INTO `t_sys_role_menu` VALUES (1, 187);
INSERT INTO `t_sys_role_menu` VALUES (4, 187);
INSERT INTO `t_sys_role_menu` VALUES (1, 188);
INSERT INTO `t_sys_role_menu` VALUES (4, 188);
INSERT INTO `t_sys_role_menu` VALUES (1, 189);
INSERT INTO `t_sys_role_menu` VALUES (4, 189);
INSERT INTO `t_sys_role_menu` VALUES (1, 190);
INSERT INTO `t_sys_role_menu` VALUES (4, 190);
INSERT INTO `t_sys_role_menu` VALUES (1, 191);
INSERT INTO `t_sys_role_menu` VALUES (4, 191);
INSERT INTO `t_sys_role_menu` VALUES (1, 192);
INSERT INTO `t_sys_role_menu` VALUES (2, 192);
INSERT INTO `t_sys_role_menu` VALUES (4, 192);
INSERT INTO `t_sys_role_menu` VALUES (1, 193);
INSERT INTO `t_sys_role_menu` VALUES (4, 193);
INSERT INTO `t_sys_role_menu` VALUES (1, 194);
INSERT INTO `t_sys_role_menu` VALUES (2, 194);
INSERT INTO `t_sys_role_menu` VALUES (4, 194);
INSERT INTO `t_sys_role_menu` VALUES (1, 195);
INSERT INTO `t_sys_role_menu` VALUES (1, 196);
INSERT INTO `t_sys_role_menu` VALUES (1, 197);
INSERT INTO `t_sys_role_menu` VALUES (1, 198);
INSERT INTO `t_sys_role_menu` VALUES (1, 199);
INSERT INTO `t_sys_role_menu` VALUES (1, 200);
INSERT INTO `t_sys_role_menu` VALUES (1, 201);
INSERT INTO `t_sys_role_menu` VALUES (1, 202);
INSERT INTO `t_sys_role_menu` VALUES (1, 203);
INSERT INTO `t_sys_role_menu` VALUES (1, 204);
INSERT INTO `t_sys_role_menu` VALUES (1, 205);
INSERT INTO `t_sys_role_menu` VALUES (1, 206);
INSERT INTO `t_sys_role_menu` VALUES (1, 207);
INSERT INTO `t_sys_role_menu` VALUES (1, 208);
INSERT INTO `t_sys_role_menu` VALUES (1, 209);
INSERT INTO `t_sys_role_menu` VALUES (1, 210);
INSERT INTO `t_sys_role_menu` VALUES (1, 211);
INSERT INTO `t_sys_role_menu` VALUES (1, 212);
INSERT INTO `t_sys_role_menu` VALUES (1, 213);
INSERT INTO `t_sys_role_menu` VALUES (1, 214);
INSERT INTO `t_sys_role_menu` VALUES (2, 214);
INSERT INTO `t_sys_role_menu` VALUES (4, 214);
INSERT INTO `t_sys_role_menu` VALUES (1, 215);
INSERT INTO `t_sys_role_menu` VALUES (2, 215);
INSERT INTO `t_sys_role_menu` VALUES (4, 215);
INSERT INTO `t_sys_role_menu` VALUES (1, 216);
INSERT INTO `t_sys_role_menu` VALUES (2, 216);
INSERT INTO `t_sys_role_menu` VALUES (4, 216);
INSERT INTO `t_sys_role_menu` VALUES (1, 217);
INSERT INTO `t_sys_role_menu` VALUES (2, 217);
INSERT INTO `t_sys_role_menu` VALUES (4, 217);
INSERT INTO `t_sys_role_menu` VALUES (1, 218);
INSERT INTO `t_sys_role_menu` VALUES (2, 218);
INSERT INTO `t_sys_role_menu` VALUES (4, 218);
INSERT INTO `t_sys_role_menu` VALUES (1, 219);
INSERT INTO `t_sys_role_menu` VALUES (2, 219);
INSERT INTO `t_sys_role_menu` VALUES (4, 219);
INSERT INTO `t_sys_role_menu` VALUES (1, 220);
INSERT INTO `t_sys_role_menu` VALUES (1, 221);
INSERT INTO `t_sys_role_menu` VALUES (1, 222);
INSERT INTO `t_sys_role_menu` VALUES (1, 223);
INSERT INTO `t_sys_role_menu` VALUES (1, 224);
INSERT INTO `t_sys_role_menu` VALUES (1, 225);
INSERT INTO `t_sys_role_menu` VALUES (1, 226);
INSERT INTO `t_sys_role_menu` VALUES (1, 227);
INSERT INTO `t_sys_role_menu` VALUES (1, 228);
INSERT INTO `t_sys_role_menu` VALUES (1, 229);

-- ----------------------------
-- Table structure for t_sys_tenant
-- ----------------------------
DROP TABLE IF EXISTS `t_sys_tenant`;
CREATE TABLE `t_sys_tenant`  (
  `ID` bigint(19) NOT NULL AUTO_INCREMENT COMMENT '租户id',
  `NAME` varchar(255) CHARACTER SET utf8mb4 COLLATE utf8mb4_general_ci NULL DEFAULT NULL COMMENT '租户名称',
  `CODE` varchar(64) CHARACTER SET utf8mb4 COLLATE utf8mb4_general_ci NULL DEFAULT NULL COMMENT '租户编号',
  `START_TIME` timestamp(0) NULL DEFAULT NULL COMMENT '授权开始时间',
  `END_TIME` timestamp(0) NULL DEFAULT NULL COMMENT '授权结束时间',
  `STATUS` int(11) NOT NULL DEFAULT 0 COMMENT '0正常 9-冻结',
  `DEL_FLAG` char(1) CHARACTER SET utf8mb4 COLLATE utf8mb4_general_ci NULL DEFAULT '0' COMMENT '删除标记',
  `CREATE_TIME` datetime(0) NOT NULL DEFAULT CURRENT_TIMESTAMP(0) COMMENT '创建时间',
  `UPDATE_TIME` datetime(0) NOT NULL DEFAULT CURRENT_TIMESTAMP(0) COMMENT '更新时间',
  PRIMARY KEY (`ID`) USING BTREE
) ENGINE = InnoDB AUTO_INCREMENT = 3 CHARACTER SET = utf8 COLLATE = utf8_general_ci COMMENT = '租户表' ROW_FORMAT = DYNAMIC;

-- ----------------------------
-- Records of t_sys_tenant
-- ----------------------------
INSERT INTO `t_sys_tenant` VALUES (1, '上海某某公司', '1', '2019-08-10 00:00:00', '2020-08-10 00:00:00', 0, '0', '2019-08-10 10:13:12', '2019-08-10 12:44:52');
INSERT INTO `t_sys_tenant` VALUES (2, '北京分公司', '2', '2019-12-17 21:30:23', '2021-12-02 00:00:00', 0, '0', '2019-12-17 21:30:31', '2019-12-17 21:30:31');

-- ----------------------------
-- Table structure for t_sys_user
-- ----------------------------
DROP TABLE IF EXISTS `t_sys_user`;
CREATE TABLE `t_sys_user`  (
  `USER_ID` bigint(20) NOT NULL AUTO_INCREMENT COMMENT '用户ID',
  `USERNAME` varchar(50) CHARACTER SET utf8 COLLATE utf8_general_ci NOT NULL COMMENT '用户名',
  `PASSWORD` varchar(128) CHARACTER SET utf8 COLLATE utf8_general_ci NOT NULL COMMENT '密码',
  `DEPT_ID` bigint(20) NULL DEFAULT NULL COMMENT '部门ID',
  `EMAIL` varchar(128) CHARACTER SET utf8 COLLATE utf8_general_ci NULL DEFAULT NULL COMMENT '邮箱',
  `MOBILE` varchar(20) CHARACTER SET utf8 COLLATE utf8_general_ci NULL DEFAULT NULL COMMENT '联系电话',
  `STATUS` char(1) CHARACTER SET utf8 COLLATE utf8_general_ci NOT NULL COMMENT '状态 0锁定 1有效',
  `CREATE_TIME` datetime(0) NOT NULL COMMENT '创建时间',
  `MODIFY_TIME` datetime(0) NULL DEFAULT NULL COMMENT '修改时间',
  `LAST_LOGIN_TIME` datetime(0) NULL DEFAULT NULL COMMENT '最近访问时间',
  `SEX` char(1) CHARACTER SET utf8 COLLATE utf8_general_ci NULL DEFAULT NULL COMMENT '性别 0男 1女 2保密',
  `IS_TAB` char(1) CHARACTER SET utf8 COLLATE utf8_general_ci NULL DEFAULT NULL COMMENT '是否开启tab，0关闭 1开启',
  `THEME` varchar(10) CHARACTER SET utf8 COLLATE utf8_general_ci NULL DEFAULT NULL COMMENT '主题',
  `AVATAR` varchar(100) CHARACTER SET utf8 COLLATE utf8_general_ci NULL DEFAULT NULL COMMENT '头像',
  `DESCRIPTION` varchar(100) CHARACTER SET utf8 COLLATE utf8_general_ci NULL DEFAULT NULL COMMENT '描述',
  PRIMARY KEY (`USER_ID`) USING BTREE,
  INDEX `t_user_username`(`USERNAME`) USING BTREE,
  INDEX `t_user_mobile`(`MOBILE`) USING BTREE
) ENGINE = InnoDB AUTO_INCREMENT = 17 CHARACTER SET = utf8 COLLATE = utf8_general_ci COMMENT = '用户表' ROW_FORMAT = DYNAMIC;

-- ----------------------------
-- Records of t_sys_user
-- ----------------------------
INSERT INTO `t_sys_user` VALUES (1, 'admin', '$2a$10$wSYcSF3FeQtPXVeIjke63uNY37UJyr9dziIejberw1kLaPlo3Gqv2', 2, 'tuminglong@126.com', '13888888888', '1', '2019-06-14 20:39:22', '2020-04-15 16:00:32', '2020-10-19 17:15:09', '0', '1', 'white', 'cnrhVkzwxjPwAaCfPbdc.png', '当你的能力还驾驭不了你的目标时，就应该沉下心来历练。');
INSERT INTO `t_sys_user` VALUES (15, 'jackson', '$2a$10$wSYcSF3FeQtPXVeIjke63uNY37UJyr9dziIejberw1kLaPlo3Gqv2', 5, 'jackson@126.com', '13888888888', '1', '2019-07-20 19:00:32', '2020-04-15 16:00:42', '2020-04-14 16:49:27', '2', NULL, NULL, 'BiazfanxmamNRoxxVxka.png', NULL);
INSERT INTO `t_sys_user` VALUES (16, 'bright', '$2a$10$wSYcSF3FeQtPXVeIjke63uNY37UJyr9dziIejberw1kLaPlo3Gqv2', 4, 'bright@126.com', '13888888888', '1', '2019-09-01 10:31:21', '2020-04-15 16:00:48', '2019-09-01 10:32:27', '1', NULL, NULL, '2dd7a2d09fa94bf8b5c52e5318868b4d9.jpg', NULL);

-- ----------------------------
-- Table structure for t_sys_user_connection
-- ----------------------------
DROP TABLE IF EXISTS `t_sys_user_connection`;
CREATE TABLE `t_sys_user_connection`  (
  `USER_NAME` varchar(50) CHARACTER SET utf8 COLLATE utf8_general_ci NOT NULL COMMENT 'FEBS系统用户名',
  `PROVIDER_NAME` varchar(20) CHARACTER SET utf8 COLLATE utf8_general_ci NOT NULL COMMENT '第三方平台名称',
  `PROVIDER_USER_ID` varchar(50) CHARACTER SET utf8 COLLATE utf8_general_ci NOT NULL COMMENT '第三方平台账户ID',
  `PROVIDER_USER_NAME` varchar(50) CHARACTER SET utf8 COLLATE utf8_general_ci NULL DEFAULT NULL COMMENT '第三方平台用户名',
  `NICK_NAME` varchar(50) CHARACTER SET utf8 COLLATE utf8_general_ci NULL DEFAULT NULL COMMENT '第三方平台昵称',
  `IMAGE_URL` varchar(512) CHARACTER SET utf8 COLLATE utf8_general_ci NULL DEFAULT NULL COMMENT '第三方平台头像',
  `LOCATION` varchar(255) CHARACTER SET utf8 COLLATE utf8_general_ci NULL DEFAULT NULL COMMENT '地址',
  `REMARK` varchar(255) CHARACTER SET utf8 COLLATE utf8_general_ci NULL DEFAULT NULL COMMENT '备注',
  PRIMARY KEY (`USER_NAME`, `PROVIDER_NAME`, `PROVIDER_USER_ID`) USING BTREE,
  UNIQUE INDEX `UserConnectionRank`(`USER_NAME`, `PROVIDER_NAME`, `PROVIDER_USER_ID`) USING BTREE
) ENGINE = InnoDB CHARACTER SET = utf8 COLLATE = utf8_general_ci COMMENT = '系统用户社交账户关联表' ROW_FORMAT = DYNAMIC;

-- ----------------------------
-- Records of t_sys_user_connection
-- ----------------------------

-- ----------------------------
-- Table structure for t_sys_user_data_permission
-- ----------------------------
DROP TABLE IF EXISTS `t_sys_user_data_permission`;
CREATE TABLE `t_sys_user_data_permission`  (
  `USER_ID` bigint(20) NOT NULL,
  `DEPT_ID` bigint(20) NOT NULL,
  PRIMARY KEY (`USER_ID`, `DEPT_ID`) USING BTREE
) ENGINE = InnoDB CHARACTER SET = utf8 COLLATE = utf8_general_ci COMMENT = '用户数据权限关联表' ROW_FORMAT = DYNAMIC;

-- ----------------------------
-- Records of t_sys_user_data_permission
-- ----------------------------
INSERT INTO `t_sys_user_data_permission` VALUES (1, 1);
INSERT INTO `t_sys_user_data_permission` VALUES (1, 2);
INSERT INTO `t_sys_user_data_permission` VALUES (1, 3);
INSERT INTO `t_sys_user_data_permission` VALUES (1, 4);
INSERT INTO `t_sys_user_data_permission` VALUES (1, 5);
INSERT INTO `t_sys_user_data_permission` VALUES (1, 6);
INSERT INTO `t_sys_user_data_permission` VALUES (15, 1);
INSERT INTO `t_sys_user_data_permission` VALUES (15, 2);
INSERT INTO `t_sys_user_data_permission` VALUES (16, 4);
INSERT INTO `t_sys_user_data_permission` VALUES (16, 5);

-- ----------------------------
-- Table structure for t_sys_user_role
-- ----------------------------
DROP TABLE IF EXISTS `t_sys_user_role`;
CREATE TABLE `t_sys_user_role`  (
  `USER_ID` bigint(20) NOT NULL COMMENT '用户ID',
  `ROLE_ID` bigint(20) NOT NULL COMMENT '角色ID',
  PRIMARY KEY (`USER_ID`, `ROLE_ID`) USING BTREE
) ENGINE = InnoDB CHARACTER SET = utf8 COLLATE = utf8_general_ci COMMENT = '用户角色关联表' ROW_FORMAT = DYNAMIC;

-- ----------------------------
-- Records of t_sys_user_role
-- ----------------------------
INSERT INTO `t_sys_user_role` VALUES (1, 1);
INSERT INTO `t_sys_user_role` VALUES (15, 2);
INSERT INTO `t_sys_user_role` VALUES (16, 3);

SET FOREIGN_KEY_CHECKS = 1;
