/*
 Navicat Premium Data Transfer

 Source Server         : localhost
 Source Server Type    : MySQL
 Source Server Version : 50730
 Source Host           : localhost:3306
 Source Schema         : bright_cloud

 Target Server Type    : MySQL
 Target Server Version : 50730
 File Encoding         : 65001

 Date: 18/08/2020 20:22:05
*/

SET NAMES utf8mb4;
SET FOREIGN_KEY_CHECKS = 0;

-- ----------------------------
-- Table structure for clientdetails
-- ----------------------------
DROP TABLE IF EXISTS `clientdetails`;
CREATE TABLE `clientdetails`  (
  `appId` varchar(255) CHARACTER SET utf8 COLLATE utf8_general_ci NOT NULL,
  `resourceIds` varchar(255) CHARACTER SET utf8 COLLATE utf8_general_ci NULL DEFAULT NULL,
  `appSecret` varchar(255) CHARACTER SET utf8 COLLATE utf8_general_ci NULL DEFAULT NULL,
  `scope` varchar(255) CHARACTER SET utf8 COLLATE utf8_general_ci NULL DEFAULT NULL,
  `grantTypes` varchar(255) CHARACTER SET utf8 COLLATE utf8_general_ci NULL DEFAULT NULL,
  `redirectUrl` varchar(255) CHARACTER SET utf8 COLLATE utf8_general_ci NULL DEFAULT NULL,
  `authorities` varchar(255) CHARACTER SET utf8 COLLATE utf8_general_ci NULL DEFAULT NULL,
  `access_token_validity` int(11) NULL DEFAULT NULL,
  `refresh_token_validity` int(11) NULL DEFAULT NULL,
  `additionalInformation` varchar(4096) CHARACTER SET utf8 COLLATE utf8_general_ci NULL DEFAULT NULL,
  `autoApproveScopes` varchar(255) CHARACTER SET utf8 COLLATE utf8_general_ci NULL DEFAULT NULL,
  `create_time` timestamp(0) NOT NULL DEFAULT CURRENT_TIMESTAMP(0) ON UPDATE CURRENT_TIMESTAMP(0),
  PRIMARY KEY (`appId`) USING BTREE
) ENGINE = InnoDB CHARACTER SET = utf8 COLLATE = utf8_general_ci ROW_FORMAT = DYNAMIC;

-- ----------------------------
-- Records of clientdetails
-- ----------------------------

-- ----------------------------
-- Table structure for oauth_access_token
-- ----------------------------
DROP TABLE IF EXISTS `oauth_access_token`;
CREATE TABLE `oauth_access_token`  (
  `token_id` varchar(255) CHARACTER SET utf8 COLLATE utf8_general_ci NULL DEFAULT NULL,
  `token` blob NULL,
  `authentication_id` varchar(255) CHARACTER SET utf8 COLLATE utf8_general_ci NOT NULL,
  `user_name` varchar(255) CHARACTER SET utf8 COLLATE utf8_general_ci NULL DEFAULT NULL,
  `client_id` varchar(255) CHARACTER SET utf8 COLLATE utf8_general_ci NULL DEFAULT NULL,
  `authentication` blob NULL,
  `refresh_token` varchar(255) CHARACTER SET utf8 COLLATE utf8_general_ci NULL DEFAULT NULL,
  `create_time` timestamp(0) NOT NULL DEFAULT CURRENT_TIMESTAMP(0) ON UPDATE CURRENT_TIMESTAMP(0),
  PRIMARY KEY (`authentication_id`) USING BTREE
) ENGINE = InnoDB CHARACTER SET = utf8 COLLATE = utf8_general_ci ROW_FORMAT = DYNAMIC;

-- ----------------------------
-- Records of oauth_access_token
-- ----------------------------

-- ----------------------------
-- Table structure for oauth_approvals
-- ----------------------------
DROP TABLE IF EXISTS `oauth_approvals`;
CREATE TABLE `oauth_approvals`  (
  `userId` varchar(255) CHARACTER SET utf8 COLLATE utf8_general_ci NULL DEFAULT NULL,
  `clientId` varchar(255) CHARACTER SET utf8 COLLATE utf8_general_ci NULL DEFAULT NULL,
  `scope` varchar(255) CHARACTER SET utf8 COLLATE utf8_general_ci NULL DEFAULT NULL,
  `status` varchar(10) CHARACTER SET utf8 COLLATE utf8_general_ci NULL DEFAULT NULL,
  `expiresAt` timestamp(0) NOT NULL DEFAULT CURRENT_TIMESTAMP(0) ON UPDATE CURRENT_TIMESTAMP(0),
  `lastModifiedAt` timestamp(0) NOT NULL DEFAULT '0000-00-00 00:00:00',
  `create_time` timestamp(0) NOT NULL DEFAULT '0000-00-00 00:00:00'
) ENGINE = InnoDB CHARACTER SET = utf8 COLLATE = utf8_general_ci ROW_FORMAT = DYNAMIC;

-- ----------------------------
-- Records of oauth_approvals
-- ----------------------------

-- ----------------------------
-- Table structure for oauth_client_details
-- ----------------------------
DROP TABLE IF EXISTS `oauth_client_details`;
CREATE TABLE `oauth_client_details`  (
  `client_id` varchar(255) CHARACTER SET utf8mb4 COLLATE utf8mb4_general_ci NOT NULL,
  `resource_ids` varchar(255) CHARACTER SET utf8mb4 COLLATE utf8mb4_general_ci NULL DEFAULT NULL,
  `client_secret` varchar(255) CHARACTER SET utf8mb4 COLLATE utf8mb4_general_ci NOT NULL,
  `scope` varchar(255) CHARACTER SET utf8mb4 COLLATE utf8mb4_general_ci NOT NULL,
  `authorized_grant_types` varchar(255) CHARACTER SET utf8mb4 COLLATE utf8mb4_general_ci NOT NULL,
  `web_server_redirect_uri` varchar(255) CHARACTER SET utf8mb4 COLLATE utf8mb4_general_ci NULL DEFAULT NULL,
  `authorities` varchar(255) CHARACTER SET utf8mb4 COLLATE utf8mb4_general_ci NULL DEFAULT NULL,
  `access_token_validity` int(11) NOT NULL,
  `refresh_token_validity` int(11) NULL DEFAULT NULL,
  `additional_information` varchar(4096) CHARACTER SET utf8mb4 COLLATE utf8mb4_general_ci NULL DEFAULT NULL,
  `autoapprove` tinyint(4) NULL DEFAULT NULL,
  `origin_secret` varchar(255) CHARACTER SET utf8mb4 COLLATE utf8mb4_general_ci NULL DEFAULT NULL,
  PRIMARY KEY (`client_id`) USING BTREE
) ENGINE = InnoDB CHARACTER SET = utf8mb4 COLLATE = utf8mb4_general_ci COMMENT = '客户端配置表' ROW_FORMAT = Dynamic;

-- ----------------------------
-- Records of oauth_client_details
-- ----------------------------
INSERT INTO `oauth_client_details` VALUES ('app', '', '$2a$10$8Qk/efslEpO1Af1kyw/rp.DdJGsdnET8UCp1vGDzpQEa.1qBklvua', 'all', 'refresh_token,password', '', NULL, 86400, 864000, NULL, NULL, '123456');
INSERT INTO `oauth_client_details` VALUES ('febs', ' ', '$2a$10$aSZTvMOtUAYUQ.75z2n3ceJd6dCIk9Vy3J/SKZUE4hBLd6sz7.6ge', 'all', 'password,refresh_token', NULL, NULL, 86400, 8640000, NULL, 0, '123456');

-- ----------------------------
-- Table structure for oauth_client_token
-- ----------------------------
DROP TABLE IF EXISTS `oauth_client_token`;
CREATE TABLE `oauth_client_token`  (
  `token_id` varchar(255) CHARACTER SET utf8 COLLATE utf8_general_ci NULL DEFAULT NULL,
  `token` blob NULL,
  `authentication_id` varchar(255) CHARACTER SET utf8 COLLATE utf8_general_ci NOT NULL,
  `user_name` varchar(255) CHARACTER SET utf8 COLLATE utf8_general_ci NULL DEFAULT NULL,
  `client_id` varchar(255) CHARACTER SET utf8 COLLATE utf8_general_ci NULL DEFAULT NULL,
  `create_time` timestamp(0) NOT NULL DEFAULT CURRENT_TIMESTAMP(0) ON UPDATE CURRENT_TIMESTAMP(0),
  PRIMARY KEY (`authentication_id`) USING BTREE
) ENGINE = InnoDB CHARACTER SET = utf8 COLLATE = utf8_general_ci ROW_FORMAT = DYNAMIC;

-- ----------------------------
-- Records of oauth_client_token
-- ----------------------------

-- ----------------------------
-- Table structure for oauth_code
-- ----------------------------
DROP TABLE IF EXISTS `oauth_code`;
CREATE TABLE `oauth_code`  (
  `code` varchar(255) CHARACTER SET utf8 COLLATE utf8_general_ci NULL DEFAULT NULL,
  `authentication` blob NULL,
  `create_time` timestamp(0) NOT NULL DEFAULT CURRENT_TIMESTAMP(0) ON UPDATE CURRENT_TIMESTAMP(0)
) ENGINE = InnoDB CHARACTER SET = utf8 COLLATE = utf8_general_ci ROW_FORMAT = DYNAMIC;

-- ----------------------------
-- Records of oauth_code
-- ----------------------------

-- ----------------------------
-- Table structure for oauth_refresh_token
-- ----------------------------
DROP TABLE IF EXISTS `oauth_refresh_token`;
CREATE TABLE `oauth_refresh_token`  (
  `token_id` varchar(255) CHARACTER SET utf8 COLLATE utf8_general_ci NULL DEFAULT NULL,
  `token` blob NULL,
  `authentication` blob NULL,
  `create_time` timestamp(0) NOT NULL DEFAULT CURRENT_TIMESTAMP(0) ON UPDATE CURRENT_TIMESTAMP(0)
) ENGINE = InnoDB CHARACTER SET = utf8 COLLATE = utf8_general_ci ROW_FORMAT = DYNAMIC;

-- ----------------------------
-- Records of oauth_refresh_token
-- ----------------------------

-- ----------------------------
-- Table structure for qrtz_blob_triggers
-- ----------------------------
DROP TABLE IF EXISTS `qrtz_blob_triggers`;
CREATE TABLE `qrtz_blob_triggers`  (
  `SCHED_NAME` varchar(120) CHARACTER SET utf8 COLLATE utf8_general_ci NOT NULL,
  `TRIGGER_NAME` varchar(200) CHARACTER SET utf8 COLLATE utf8_general_ci NOT NULL,
  `TRIGGER_GROUP` varchar(200) CHARACTER SET utf8 COLLATE utf8_general_ci NOT NULL,
  `BLOB_DATA` blob NULL,
  PRIMARY KEY (`SCHED_NAME`, `TRIGGER_NAME`, `TRIGGER_GROUP`) USING BTREE,
  CONSTRAINT `qrtz_blob_triggers_ibfk_1` FOREIGN KEY (`SCHED_NAME`, `TRIGGER_NAME`, `TRIGGER_GROUP`) REFERENCES `qrtz_triggers` (`SCHED_NAME`, `TRIGGER_NAME`, `TRIGGER_GROUP`) ON DELETE RESTRICT ON UPDATE RESTRICT
) ENGINE = InnoDB CHARACTER SET = utf8 COLLATE = utf8_general_ci ROW_FORMAT = Dynamic;

-- ----------------------------
-- Records of qrtz_blob_triggers
-- ----------------------------

-- ----------------------------
-- Table structure for qrtz_calendars
-- ----------------------------
DROP TABLE IF EXISTS `qrtz_calendars`;
CREATE TABLE `qrtz_calendars`  (
  `SCHED_NAME` varchar(120) CHARACTER SET utf8 COLLATE utf8_general_ci NOT NULL,
  `CALENDAR_NAME` varchar(200) CHARACTER SET utf8 COLLATE utf8_general_ci NOT NULL,
  `CALENDAR` blob NOT NULL,
  PRIMARY KEY (`SCHED_NAME`, `CALENDAR_NAME`) USING BTREE
) ENGINE = InnoDB CHARACTER SET = utf8 COLLATE = utf8_general_ci ROW_FORMAT = Dynamic;

-- ----------------------------
-- Records of qrtz_calendars
-- ----------------------------

-- ----------------------------
-- Table structure for qrtz_cron_triggers
-- ----------------------------
DROP TABLE IF EXISTS `qrtz_cron_triggers`;
CREATE TABLE `qrtz_cron_triggers`  (
  `SCHED_NAME` varchar(120) CHARACTER SET utf8 COLLATE utf8_general_ci NOT NULL,
  `TRIGGER_NAME` varchar(200) CHARACTER SET utf8 COLLATE utf8_general_ci NOT NULL,
  `TRIGGER_GROUP` varchar(200) CHARACTER SET utf8 COLLATE utf8_general_ci NOT NULL,
  `CRON_EXPRESSION` varchar(200) CHARACTER SET utf8 COLLATE utf8_general_ci NOT NULL,
  `TIME_ZONE_ID` varchar(80) CHARACTER SET utf8 COLLATE utf8_general_ci NULL DEFAULT NULL,
  PRIMARY KEY (`SCHED_NAME`, `TRIGGER_NAME`, `TRIGGER_GROUP`) USING BTREE,
  CONSTRAINT `qrtz_cron_triggers_ibfk_1` FOREIGN KEY (`SCHED_NAME`, `TRIGGER_NAME`, `TRIGGER_GROUP`) REFERENCES `qrtz_triggers` (`SCHED_NAME`, `TRIGGER_NAME`, `TRIGGER_GROUP`) ON DELETE RESTRICT ON UPDATE RESTRICT
) ENGINE = InnoDB CHARACTER SET = utf8 COLLATE = utf8_general_ci ROW_FORMAT = Dynamic;

-- ----------------------------
-- Records of qrtz_cron_triggers
-- ----------------------------
INSERT INTO `qrtz_cron_triggers` VALUES ('FEBS_Cloud_Scheduler', 'TASK_1', 'DEFAULT', '0/1 * * * * ?', 'Asia/Shanghai');
INSERT INTO `qrtz_cron_triggers` VALUES ('FEBS_Cloud_Scheduler', 'TASK_2', 'DEFAULT', '0/10 * * * * ?', 'Asia/Shanghai');
INSERT INTO `qrtz_cron_triggers` VALUES ('FEBS_Cloud_Scheduler', 'TASK_3', 'DEFAULT', '0/1 * * * * ?', 'Asia/Shanghai');
INSERT INTO `qrtz_cron_triggers` VALUES ('FEBS_Cloud_Scheduler', 'TASK_4', 'DEFAULT', '0/5 * * * * ?', 'Asia/Shanghai');

-- ----------------------------
-- Table structure for qrtz_fired_triggers
-- ----------------------------
DROP TABLE IF EXISTS `qrtz_fired_triggers`;
CREATE TABLE `qrtz_fired_triggers`  (
  `SCHED_NAME` varchar(120) CHARACTER SET utf8 COLLATE utf8_general_ci NOT NULL,
  `ENTRY_ID` varchar(95) CHARACTER SET utf8 COLLATE utf8_general_ci NOT NULL,
  `TRIGGER_NAME` varchar(200) CHARACTER SET utf8 COLLATE utf8_general_ci NOT NULL,
  `TRIGGER_GROUP` varchar(200) CHARACTER SET utf8 COLLATE utf8_general_ci NOT NULL,
  `INSTANCE_NAME` varchar(200) CHARACTER SET utf8 COLLATE utf8_general_ci NOT NULL,
  `FIRED_TIME` bigint(13) NOT NULL,
  `SCHED_TIME` bigint(13) NOT NULL,
  `PRIORITY` int(11) NOT NULL,
  `STATE` varchar(16) CHARACTER SET utf8 COLLATE utf8_general_ci NOT NULL,
  `JOB_NAME` varchar(200) CHARACTER SET utf8 COLLATE utf8_general_ci NULL DEFAULT NULL,
  `JOB_GROUP` varchar(200) CHARACTER SET utf8 COLLATE utf8_general_ci NULL DEFAULT NULL,
  `IS_NONCONCURRENT` varchar(1) CHARACTER SET utf8 COLLATE utf8_general_ci NULL DEFAULT NULL,
  `REQUESTS_RECOVERY` varchar(1) CHARACTER SET utf8 COLLATE utf8_general_ci NULL DEFAULT NULL,
  PRIMARY KEY (`SCHED_NAME`, `ENTRY_ID`) USING BTREE
) ENGINE = InnoDB CHARACTER SET = utf8 COLLATE = utf8_general_ci ROW_FORMAT = Dynamic;

-- ----------------------------
-- Records of qrtz_fired_triggers
-- ----------------------------

-- ----------------------------
-- Table structure for qrtz_job_details
-- ----------------------------
DROP TABLE IF EXISTS `qrtz_job_details`;
CREATE TABLE `qrtz_job_details`  (
  `SCHED_NAME` varchar(120) CHARACTER SET utf8 COLLATE utf8_general_ci NOT NULL,
  `JOB_NAME` varchar(200) CHARACTER SET utf8 COLLATE utf8_general_ci NOT NULL,
  `JOB_GROUP` varchar(200) CHARACTER SET utf8 COLLATE utf8_general_ci NOT NULL,
  `DESCRIPTION` varchar(250) CHARACTER SET utf8 COLLATE utf8_general_ci NULL DEFAULT NULL,
  `JOB_CLASS_NAME` varchar(250) CHARACTER SET utf8 COLLATE utf8_general_ci NOT NULL,
  `IS_DURABLE` varchar(1) CHARACTER SET utf8 COLLATE utf8_general_ci NOT NULL,
  `IS_NONCONCURRENT` varchar(1) CHARACTER SET utf8 COLLATE utf8_general_ci NOT NULL,
  `IS_UPDATE_DATA` varchar(1) CHARACTER SET utf8 COLLATE utf8_general_ci NOT NULL,
  `REQUESTS_RECOVERY` varchar(1) CHARACTER SET utf8 COLLATE utf8_general_ci NOT NULL,
  `JOB_DATA` blob NULL,
  PRIMARY KEY (`SCHED_NAME`, `JOB_NAME`, `JOB_GROUP`) USING BTREE
) ENGINE = InnoDB CHARACTER SET = utf8 COLLATE = utf8_general_ci ROW_FORMAT = Dynamic;

-- ----------------------------
-- Records of qrtz_job_details
-- ----------------------------
INSERT INTO `qrtz_job_details` VALUES ('FEBS_Cloud_Scheduler', 'TASK_1', 'DEFAULT', NULL, 'cc.mrbird.febs.server.job.helper.ScheduleJob', '0', '0', '0', '0', 0xACED0005737200156F72672E71756172747A2E4A6F62446174614D61709FB083E8BFA9B0CB020000787200266F72672E71756172747A2E7574696C732E537472696E674B65794469727479466C61674D61708208E8C3FBC55D280200015A0013616C6C6F77735472616E7369656E74446174617872001D6F72672E71756172747A2E7574696C732E4469727479466C61674D617013E62EAD28760ACE0200025A000564697274794C00036D617074000F4C6A6176612F7574696C2F4D61703B787001737200116A6176612E7574696C2E486173684D61700507DAC1C31660D103000246000A6C6F6164466163746F724900097468726573686F6C6478703F4000000000000C7708000000100000000174000D4A4F425F504152414D5F4B45597372002463632E6D72626972642E666562732E7365727665722E6A6F622E656E746974792E4A6F62058D52AC1093A3040200084C00086265616E4E616D657400124C6A6176612F6C616E672F537472696E673B4C000A63726561746554696D657400104C6A6176612F7574696C2F446174653B4C000E63726F6E45787072657373696F6E71007E00094C00056A6F6249647400104C6A6176612F6C616E672F4C6F6E673B4C000A6D6574686F644E616D6571007E00094C0006706172616D7371007E00094C000672656D61726B71007E00094C000673746174757371007E000978707400087461736B4C6973747372000E6A6176612E7574696C2E44617465686A81014B5974190300007870770800000161C6EB70707874000D302F31202A202A202A202A203F7372000E6A6176612E6C616E672E4C6F6E673B8BE490CC8F23DF0200014A000576616C7565787200106A6176612E6C616E672E4E756D62657286AC951D0B94E08B020000787000000000000000017400047465737474000568656C6C6F740018E69C89E58F82E4BBBBE58AA1E8B083E5BAA6E6B58BE8AF95740001317800);
INSERT INTO `qrtz_job_details` VALUES ('FEBS_Cloud_Scheduler', 'TASK_2', 'DEFAULT', NULL, 'cc.mrbird.febs.server.job.helper.ScheduleJob', '0', '0', '0', '0', 0xACED0005737200156F72672E71756172747A2E4A6F62446174614D61709FB083E8BFA9B0CB020000787200266F72672E71756172747A2E7574696C732E537472696E674B65794469727479466C61674D61708208E8C3FBC55D280200015A0013616C6C6F77735472616E7369656E74446174617872001D6F72672E71756172747A2E7574696C732E4469727479466C61674D617013E62EAD28760ACE0200025A000564697274794C00036D617074000F4C6A6176612F7574696C2F4D61703B787001737200116A6176612E7574696C2E486173684D61700507DAC1C31660D103000246000A6C6F6164466163746F724900097468726573686F6C6478703F4000000000000C7708000000100000000174000D4A4F425F504152414D5F4B45597372002463632E6D72626972642E666562732E7365727665722E6A6F622E656E746974792E4A6F62058D52AC1093A3040200084C00086265616E4E616D657400124C6A6176612F6C616E672F537472696E673B4C000A63726561746554696D657400104C6A6176612F7574696C2F446174653B4C000E63726F6E45787072657373696F6E71007E00094C00056A6F6249647400104C6A6176612F6C616E672F4C6F6E673B4C000A6D6574686F644E616D6571007E00094C0006706172616D7371007E00094C000672656D61726B71007E00094C000673746174757371007E000978707400087461736B4C6973747372000E6A6176612E7574696C2E44617465686A81014B5974190300007870770800000161C71032987874000E302F3130202A202A202A202A203F7372000E6A6176612E6C616E672E4C6F6E673B8BE490CC8F23DF0200014A000576616C7565787200106A6176612E6C616E672E4E756D62657286AC951D0B94E08B02000078700000000000000002740005746573743170740018E697A0E58F82E4BBBBE58AA1E8B083E5BAA6E6B58BE8AF95740001317800);
INSERT INTO `qrtz_job_details` VALUES ('FEBS_Cloud_Scheduler', 'TASK_3', 'DEFAULT', NULL, 'cc.mrbird.febs.server.job.helper.ScheduleJob', '0', '0', '0', '0', 0xACED0005737200156F72672E71756172747A2E4A6F62446174614D61709FB083E8BFA9B0CB020000787200266F72672E71756172747A2E7574696C732E537472696E674B65794469727479466C61674D61708208E8C3FBC55D280200015A0013616C6C6F77735472616E7369656E74446174617872001D6F72672E71756172747A2E7574696C732E4469727479466C61674D617013E62EAD28760ACE0200025A000564697274794C00036D617074000F4C6A6176612F7574696C2F4D61703B787001737200116A6176612E7574696C2E486173684D61700507DAC1C31660D103000246000A6C6F6164466163746F724900097468726573686F6C6478703F4000000000000C7708000000100000000174000D4A4F425F504152414D5F4B45597372002463632E6D72626972642E666562732E7365727665722E6A6F622E656E746974792E4A6F62058D52AC1093A3040200084C00086265616E4E616D657400124C6A6176612F6C616E672F537472696E673B4C000A63726561746554696D657400104C6A6176612F7574696C2F446174653B4C000E63726F6E45787072657373696F6E71007E00094C00056A6F6249647400104C6A6176612F6C616E672F4C6F6E673B4C000A6D6574686F644E616D6571007E00094C0006706172616D7371007E00094C000672656D61726B71007E00094C000673746174757371007E000978707400087461736B4C6973747372000E6A6176612E7574696C2E44617465686A81014B5974190300007870770800000161CFB9A6907874000D302F31202A202A202A202A203F7372000E6A6176612E6C616E672E4C6F6E673B8BE490CC8F23DF0200014A000576616C7565787200106A6176612E6C616E672E4E756D62657286AC951D0B94E08B02000078700000000000000003740005746573743274001A7B226E616D65223A226D7262697264222C22616765223A31387D74001C4A534F4EE7B1BBE59E8BE58F82E695B0E4BBBBE58AA1E6B58BE8AF95740001317800);
INSERT INTO `qrtz_job_details` VALUES ('FEBS_Cloud_Scheduler', 'TASK_4', 'DEFAULT', NULL, 'cc.mrbird.febs.server.job.helper.ScheduleJob', '0', '0', '0', '0', 0xACED0005737200156F72672E71756172747A2E4A6F62446174614D61709FB083E8BFA9B0CB020000787200266F72672E71756172747A2E7574696C732E537472696E674B65794469727479466C61674D61708208E8C3FBC55D280200015A0013616C6C6F77735472616E7369656E74446174617872001D6F72672E71756172747A2E7574696C732E4469727479466C61674D617013E62EAD28760ACE0200025A000564697274794C00036D617074000F4C6A6176612F7574696C2F4D61703B787001737200116A6176612E7574696C2E486173684D61700507DAC1C31660D103000246000A6C6F6164466163746F724900097468726573686F6C6478703F4000000000000C7708000000100000000174000D4A4F425F504152414D5F4B45597372002463632E6D72626972642E666562732E7365727665722E6A6F622E656E746974792E4A6F62058D52AC1093A3040200084C00086265616E4E616D657400124C6A6176612F6C616E672F537472696E673B4C000A63726561746554696D657400104C6A6176612F7574696C2F446174653B4C000E63726F6E45787072657373696F6E71007E00094C00056A6F6249647400104C6A6176612F6C616E672F4C6F6E673B4C000A6D6574686F644E616D6571007E00094C0006706172616D7371007E00094C000672656D61726B71007E00094C000673746174757371007E000978707400087461736B4C6973747372000E6A6176612E7574696C2E44617465686A81014B5974190300007870770800000161D01BAC507874000D302F35202A202A202A202A203F7372000E6A6176612E6C616E672E4C6F6E673B8BE490CC8F23DF0200014A000576616C7565787200106A6176612E6C616E672E4E756D62657286AC951D0B94E08B020000787000000000000000047400057465737433740000740026E6B58BE8AF95E5BC82E5B8B8EFBC8CE6B2A1E69C89E7BC96E586997465737433E4BBBBE58AA1740001317800);

-- ----------------------------
-- Table structure for qrtz_locks
-- ----------------------------
DROP TABLE IF EXISTS `qrtz_locks`;
CREATE TABLE `qrtz_locks`  (
  `SCHED_NAME` varchar(120) CHARACTER SET utf8 COLLATE utf8_general_ci NOT NULL,
  `LOCK_NAME` varchar(40) CHARACTER SET utf8 COLLATE utf8_general_ci NOT NULL,
  PRIMARY KEY (`SCHED_NAME`, `LOCK_NAME`) USING BTREE
) ENGINE = InnoDB CHARACTER SET = utf8 COLLATE = utf8_general_ci ROW_FORMAT = Dynamic;

-- ----------------------------
-- Records of qrtz_locks
-- ----------------------------
INSERT INTO `qrtz_locks` VALUES ('BRIGHT_Cloud_Scheduler', 'STATE_ACCESS');
INSERT INTO `qrtz_locks` VALUES ('BRIGHT_Cloud_Scheduler', 'TRIGGER_ACCESS');
INSERT INTO `qrtz_locks` VALUES ('FEBS_Cloud_Scheduler', 'STATE_ACCESS');
INSERT INTO `qrtz_locks` VALUES ('FEBS_Cloud_Scheduler', 'TRIGGER_ACCESS');

-- ----------------------------
-- Table structure for qrtz_paused_trigger_grps
-- ----------------------------
DROP TABLE IF EXISTS `qrtz_paused_trigger_grps`;
CREATE TABLE `qrtz_paused_trigger_grps`  (
  `SCHED_NAME` varchar(120) CHARACTER SET utf8 COLLATE utf8_general_ci NOT NULL,
  `TRIGGER_GROUP` varchar(200) CHARACTER SET utf8 COLLATE utf8_general_ci NOT NULL,
  PRIMARY KEY (`SCHED_NAME`, `TRIGGER_GROUP`) USING BTREE
) ENGINE = InnoDB CHARACTER SET = utf8 COLLATE = utf8_general_ci ROW_FORMAT = Dynamic;

-- ----------------------------
-- Records of qrtz_paused_trigger_grps
-- ----------------------------

-- ----------------------------
-- Table structure for qrtz_scheduler_state
-- ----------------------------
DROP TABLE IF EXISTS `qrtz_scheduler_state`;
CREATE TABLE `qrtz_scheduler_state`  (
  `SCHED_NAME` varchar(120) CHARACTER SET utf8 COLLATE utf8_general_ci NOT NULL,
  `INSTANCE_NAME` varchar(200) CHARACTER SET utf8 COLLATE utf8_general_ci NOT NULL,
  `LAST_CHECKIN_TIME` bigint(13) NOT NULL,
  `CHECKIN_INTERVAL` bigint(13) NOT NULL,
  PRIMARY KEY (`SCHED_NAME`, `INSTANCE_NAME`) USING BTREE
) ENGINE = InnoDB CHARACTER SET = utf8 COLLATE = utf8_general_ci ROW_FORMAT = Dynamic;

-- ----------------------------
-- Records of qrtz_scheduler_state
-- ----------------------------
INSERT INTO `qrtz_scheduler_state` VALUES ('BRIGHT_Cloud_Scheduler', 'LENOVO-LEGION1597212848723', 1597214057069, 15000);
INSERT INTO `qrtz_scheduler_state` VALUES ('FEBS_Cloud_Scheduler', 'LENOVO-LEGION1596962644757', 1596964770798, 15000);

-- ----------------------------
-- Table structure for qrtz_simple_triggers
-- ----------------------------
DROP TABLE IF EXISTS `qrtz_simple_triggers`;
CREATE TABLE `qrtz_simple_triggers`  (
  `SCHED_NAME` varchar(120) CHARACTER SET utf8 COLLATE utf8_general_ci NOT NULL,
  `TRIGGER_NAME` varchar(200) CHARACTER SET utf8 COLLATE utf8_general_ci NOT NULL,
  `TRIGGER_GROUP` varchar(200) CHARACTER SET utf8 COLLATE utf8_general_ci NOT NULL,
  `REPEAT_COUNT` bigint(7) NOT NULL,
  `REPEAT_INTERVAL` bigint(12) NOT NULL,
  `TIMES_TRIGGERED` bigint(10) NOT NULL,
  PRIMARY KEY (`SCHED_NAME`, `TRIGGER_NAME`, `TRIGGER_GROUP`) USING BTREE,
  CONSTRAINT `qrtz_simple_triggers_ibfk_1` FOREIGN KEY (`SCHED_NAME`, `TRIGGER_NAME`, `TRIGGER_GROUP`) REFERENCES `qrtz_triggers` (`SCHED_NAME`, `TRIGGER_NAME`, `TRIGGER_GROUP`) ON DELETE RESTRICT ON UPDATE RESTRICT
) ENGINE = InnoDB CHARACTER SET = utf8 COLLATE = utf8_general_ci ROW_FORMAT = Dynamic;

-- ----------------------------
-- Records of qrtz_simple_triggers
-- ----------------------------

-- ----------------------------
-- Table structure for qrtz_simprop_triggers
-- ----------------------------
DROP TABLE IF EXISTS `qrtz_simprop_triggers`;
CREATE TABLE `qrtz_simprop_triggers`  (
  `SCHED_NAME` varchar(120) CHARACTER SET utf8 COLLATE utf8_general_ci NOT NULL,
  `TRIGGER_NAME` varchar(200) CHARACTER SET utf8 COLLATE utf8_general_ci NOT NULL,
  `TRIGGER_GROUP` varchar(200) CHARACTER SET utf8 COLLATE utf8_general_ci NOT NULL,
  `STR_PROP_1` varchar(512) CHARACTER SET utf8 COLLATE utf8_general_ci NULL DEFAULT NULL,
  `STR_PROP_2` varchar(512) CHARACTER SET utf8 COLLATE utf8_general_ci NULL DEFAULT NULL,
  `STR_PROP_3` varchar(512) CHARACTER SET utf8 COLLATE utf8_general_ci NULL DEFAULT NULL,
  `INT_PROP_1` int(11) NULL DEFAULT NULL,
  `INT_PROP_2` int(11) NULL DEFAULT NULL,
  `LONG_PROP_1` bigint(20) NULL DEFAULT NULL,
  `LONG_PROP_2` bigint(20) NULL DEFAULT NULL,
  `DEC_PROP_1` decimal(13, 4) NULL DEFAULT NULL,
  `DEC_PROP_2` decimal(13, 4) NULL DEFAULT NULL,
  `BOOL_PROP_1` varchar(1) CHARACTER SET utf8 COLLATE utf8_general_ci NULL DEFAULT NULL,
  `BOOL_PROP_2` varchar(1) CHARACTER SET utf8 COLLATE utf8_general_ci NULL DEFAULT NULL,
  PRIMARY KEY (`SCHED_NAME`, `TRIGGER_NAME`, `TRIGGER_GROUP`) USING BTREE,
  CONSTRAINT `qrtz_simprop_triggers_ibfk_1` FOREIGN KEY (`SCHED_NAME`, `TRIGGER_NAME`, `TRIGGER_GROUP`) REFERENCES `qrtz_triggers` (`SCHED_NAME`, `TRIGGER_NAME`, `TRIGGER_GROUP`) ON DELETE RESTRICT ON UPDATE RESTRICT
) ENGINE = InnoDB CHARACTER SET = utf8 COLLATE = utf8_general_ci ROW_FORMAT = Dynamic;

-- ----------------------------
-- Records of qrtz_simprop_triggers
-- ----------------------------

-- ----------------------------
-- Table structure for qrtz_triggers
-- ----------------------------
DROP TABLE IF EXISTS `qrtz_triggers`;
CREATE TABLE `qrtz_triggers`  (
  `SCHED_NAME` varchar(120) CHARACTER SET utf8 COLLATE utf8_general_ci NOT NULL,
  `TRIGGER_NAME` varchar(200) CHARACTER SET utf8 COLLATE utf8_general_ci NOT NULL,
  `TRIGGER_GROUP` varchar(200) CHARACTER SET utf8 COLLATE utf8_general_ci NOT NULL,
  `JOB_NAME` varchar(200) CHARACTER SET utf8 COLLATE utf8_general_ci NOT NULL,
  `JOB_GROUP` varchar(200) CHARACTER SET utf8 COLLATE utf8_general_ci NOT NULL,
  `DESCRIPTION` varchar(250) CHARACTER SET utf8 COLLATE utf8_general_ci NULL DEFAULT NULL,
  `NEXT_FIRE_TIME` bigint(13) NULL DEFAULT NULL,
  `PREV_FIRE_TIME` bigint(13) NULL DEFAULT NULL,
  `PRIORITY` int(11) NULL DEFAULT NULL,
  `TRIGGER_STATE` varchar(16) CHARACTER SET utf8 COLLATE utf8_general_ci NOT NULL,
  `TRIGGER_TYPE` varchar(8) CHARACTER SET utf8 COLLATE utf8_general_ci NOT NULL,
  `START_TIME` bigint(13) NOT NULL,
  `END_TIME` bigint(13) NULL DEFAULT NULL,
  `CALENDAR_NAME` varchar(200) CHARACTER SET utf8 COLLATE utf8_general_ci NULL DEFAULT NULL,
  `MISFIRE_INSTR` smallint(2) NULL DEFAULT NULL,
  `JOB_DATA` blob NULL,
  PRIMARY KEY (`SCHED_NAME`, `TRIGGER_NAME`, `TRIGGER_GROUP`) USING BTREE,
  INDEX `SCHED_NAME`(`SCHED_NAME`, `JOB_NAME`, `JOB_GROUP`) USING BTREE,
  CONSTRAINT `qrtz_triggers_ibfk_1` FOREIGN KEY (`SCHED_NAME`, `JOB_NAME`, `JOB_GROUP`) REFERENCES `qrtz_job_details` (`SCHED_NAME`, `JOB_NAME`, `JOB_GROUP`) ON DELETE RESTRICT ON UPDATE RESTRICT
) ENGINE = InnoDB CHARACTER SET = utf8 COLLATE = utf8_general_ci ROW_FORMAT = Dynamic;

-- ----------------------------
-- Records of qrtz_triggers
-- ----------------------------
INSERT INTO `qrtz_triggers` VALUES ('FEBS_Cloud_Scheduler', 'TASK_1', 'DEFAULT', 'TASK_1', 'DEFAULT', NULL, 1591104002000, -1, 5, 'PAUSED', 'CRON', 1591104002000, 0, NULL, 2, 0xACED0005737200156F72672E71756172747A2E4A6F62446174614D61709FB083E8BFA9B0CB020000787200266F72672E71756172747A2E7574696C732E537472696E674B65794469727479466C61674D61708208E8C3FBC55D280200015A0013616C6C6F77735472616E7369656E74446174617872001D6F72672E71756172747A2E7574696C732E4469727479466C61674D617013E62EAD28760ACE0200025A000564697274794C00036D617074000F4C6A6176612F7574696C2F4D61703B787001737200116A6176612E7574696C2E486173684D61700507DAC1C31660D103000246000A6C6F6164466163746F724900097468726573686F6C6478703F4000000000000C7708000000100000000174000D4A4F425F504152414D5F4B45597372002463632E6D72626972642E666562732E7365727665722E6A6F622E656E746974792E4A6F62058D52AC1093A3040200084C00086265616E4E616D657400124C6A6176612F6C616E672F537472696E673B4C000A63726561746554696D657400104C6A6176612F7574696C2F446174653B4C000E63726F6E45787072657373696F6E71007E00094C00056A6F6249647400104C6A6176612F6C616E672F4C6F6E673B4C000A6D6574686F644E616D6571007E00094C0006706172616D7371007E00094C000672656D61726B71007E00094C000673746174757371007E000978707400087461736B4C6973747372000E6A6176612E7574696C2E44617465686A81014B5974190300007870770800000161C6EB70707874000D302F31202A202A202A202A203F7372000E6A6176612E6C616E672E4C6F6E673B8BE490CC8F23DF0200014A000576616C7565787200106A6176612E6C616E672E4E756D62657286AC951D0B94E08B020000787000000000000000017400047465737474000568656C6C6F740018E69C89E58F82E4BBBBE58AA1E8B083E5BAA6E6B58BE8AF95740001317800);
INSERT INTO `qrtz_triggers` VALUES ('FEBS_Cloud_Scheduler', 'TASK_2', 'DEFAULT', 'TASK_2', 'DEFAULT', NULL, 1591104010000, -1, 5, 'PAUSED', 'CRON', 1591104002000, 0, NULL, 2, 0xACED0005737200156F72672E71756172747A2E4A6F62446174614D61709FB083E8BFA9B0CB020000787200266F72672E71756172747A2E7574696C732E537472696E674B65794469727479466C61674D61708208E8C3FBC55D280200015A0013616C6C6F77735472616E7369656E74446174617872001D6F72672E71756172747A2E7574696C732E4469727479466C61674D617013E62EAD28760ACE0200025A000564697274794C00036D617074000F4C6A6176612F7574696C2F4D61703B787001737200116A6176612E7574696C2E486173684D61700507DAC1C31660D103000246000A6C6F6164466163746F724900097468726573686F6C6478703F4000000000000C7708000000100000000174000D4A4F425F504152414D5F4B45597372002463632E6D72626972642E666562732E7365727665722E6A6F622E656E746974792E4A6F62058D52AC1093A3040200084C00086265616E4E616D657400124C6A6176612F6C616E672F537472696E673B4C000A63726561746554696D657400104C6A6176612F7574696C2F446174653B4C000E63726F6E45787072657373696F6E71007E00094C00056A6F6249647400104C6A6176612F6C616E672F4C6F6E673B4C000A6D6574686F644E616D6571007E00094C0006706172616D7371007E00094C000672656D61726B71007E00094C000673746174757371007E000978707400087461736B4C6973747372000E6A6176612E7574696C2E44617465686A81014B5974190300007870770800000161C71032987874000E302F3130202A202A202A202A203F7372000E6A6176612E6C616E672E4C6F6E673B8BE490CC8F23DF0200014A000576616C7565787200106A6176612E6C616E672E4E756D62657286AC951D0B94E08B02000078700000000000000002740005746573743170740018E697A0E58F82E4BBBBE58AA1E8B083E5BAA6E6B58BE8AF95740001317800);
INSERT INTO `qrtz_triggers` VALUES ('FEBS_Cloud_Scheduler', 'TASK_3', 'DEFAULT', 'TASK_3', 'DEFAULT', NULL, 1591104002000, -1, 5, 'PAUSED', 'CRON', 1591104002000, 0, NULL, 2, 0xACED0005737200156F72672E71756172747A2E4A6F62446174614D61709FB083E8BFA9B0CB020000787200266F72672E71756172747A2E7574696C732E537472696E674B65794469727479466C61674D61708208E8C3FBC55D280200015A0013616C6C6F77735472616E7369656E74446174617872001D6F72672E71756172747A2E7574696C732E4469727479466C61674D617013E62EAD28760ACE0200025A000564697274794C00036D617074000F4C6A6176612F7574696C2F4D61703B787001737200116A6176612E7574696C2E486173684D61700507DAC1C31660D103000246000A6C6F6164466163746F724900097468726573686F6C6478703F4000000000000C7708000000100000000174000D4A4F425F504152414D5F4B45597372002463632E6D72626972642E666562732E7365727665722E6A6F622E656E746974792E4A6F62058D52AC1093A3040200084C00086265616E4E616D657400124C6A6176612F6C616E672F537472696E673B4C000A63726561746554696D657400104C6A6176612F7574696C2F446174653B4C000E63726F6E45787072657373696F6E71007E00094C00056A6F6249647400104C6A6176612F6C616E672F4C6F6E673B4C000A6D6574686F644E616D6571007E00094C0006706172616D7371007E00094C000672656D61726B71007E00094C000673746174757371007E000978707400087461736B4C6973747372000E6A6176612E7574696C2E44617465686A81014B5974190300007870770800000161CFB9A6907874000D302F31202A202A202A202A203F7372000E6A6176612E6C616E672E4C6F6E673B8BE490CC8F23DF0200014A000576616C7565787200106A6176612E6C616E672E4E756D62657286AC951D0B94E08B02000078700000000000000003740005746573743274001A7B226E616D65223A226D7262697264222C22616765223A31387D74001C4A534F4EE7B1BBE59E8BE58F82E695B0E4BBBBE58AA1E6B58BE8AF95740001317800);
INSERT INTO `qrtz_triggers` VALUES ('FEBS_Cloud_Scheduler', 'TASK_4', 'DEFAULT', 'TASK_4', 'DEFAULT', NULL, 1591104005000, -1, 5, 'PAUSED', 'CRON', 1591104002000, 0, NULL, 2, 0xACED0005737200156F72672E71756172747A2E4A6F62446174614D61709FB083E8BFA9B0CB020000787200266F72672E71756172747A2E7574696C732E537472696E674B65794469727479466C61674D61708208E8C3FBC55D280200015A0013616C6C6F77735472616E7369656E74446174617872001D6F72672E71756172747A2E7574696C732E4469727479466C61674D617013E62EAD28760ACE0200025A000564697274794C00036D617074000F4C6A6176612F7574696C2F4D61703B787001737200116A6176612E7574696C2E486173684D61700507DAC1C31660D103000246000A6C6F6164466163746F724900097468726573686F6C6478703F4000000000000C7708000000100000000174000D4A4F425F504152414D5F4B45597372002463632E6D72626972642E666562732E7365727665722E6A6F622E656E746974792E4A6F62058D52AC1093A3040200084C00086265616E4E616D657400124C6A6176612F6C616E672F537472696E673B4C000A63726561746554696D657400104C6A6176612F7574696C2F446174653B4C000E63726F6E45787072657373696F6E71007E00094C00056A6F6249647400104C6A6176612F6C616E672F4C6F6E673B4C000A6D6574686F644E616D6571007E00094C0006706172616D7371007E00094C000672656D61726B71007E00094C000673746174757371007E000978707400087461736B4C6973747372000E6A6176612E7574696C2E44617465686A81014B5974190300007870770800000161D01BAC507874000D302F35202A202A202A202A203F7372000E6A6176612E6C616E672E4C6F6E673B8BE490CC8F23DF0200014A000576616C7565787200106A6176612E6C616E672E4E756D62657286AC951D0B94E08B020000787000000000000000047400057465737433740000740026E6B58BE8AF95E5BC82E5B8B8EFBC8CE6B2A1E69C89E7BC96E586997465737433E4BBBBE58AA1740001317800);

-- ----------------------------
-- Table structure for t_data_permission_test
-- ----------------------------
DROP TABLE IF EXISTS `t_data_permission_test`;
CREATE TABLE `t_data_permission_test`  (
  `FIELD1` varchar(20) CHARACTER SET utf8 COLLATE utf8_general_ci NOT NULL,
  `FIELD2` varchar(20) CHARACTER SET utf8 COLLATE utf8_general_ci NOT NULL,
  `FIELD3` varchar(20) CHARACTER SET utf8 COLLATE utf8_general_ci NOT NULL,
  `FIELD4` varchar(20) CHARACTER SET utf8 COLLATE utf8_general_ci NOT NULL,
  `DEPT_ID` int(11) NOT NULL,
  `CREATE_TIME` datetime(0) NOT NULL,
  `ID` int(11) NOT NULL,
  PRIMARY KEY (`ID`) USING BTREE
) ENGINE = InnoDB CHARACTER SET = utf8 COLLATE = utf8_general_ci COMMENT = '用户权限测试' ROW_FORMAT = Dynamic;

-- ----------------------------
-- Records of t_data_permission_test
-- ----------------------------
INSERT INTO `t_data_permission_test` VALUES ('小米', '小米10Pro', '4999', '珍珠白', 1, '2020-04-14 15:00:38', 1);
INSERT INTO `t_data_permission_test` VALUES ('腾讯', '黑鲨游戏手机3', '3799', '铠甲灰', 2, '2020-04-14 15:01:36', 2);
INSERT INTO `t_data_permission_test` VALUES ('华为', '华为P30', '3299', '天空之境', 1, '2020-04-14 15:03:11', 3);
INSERT INTO `t_data_permission_test` VALUES ('华为', '华为P40Pro', '6488', '亮黑色', 3, '2020-04-14 15:04:31', 4);
INSERT INTO `t_data_permission_test` VALUES ('vivo', 'Vivo iQOO 3', '3998', '拉力橙', 4, '2020-04-14 15:05:55', 5);
INSERT INTO `t_data_permission_test` VALUES ('一加', '一加7T', '3199', '冰际蓝', 5, '2020-04-14 15:06:53', 6);
INSERT INTO `t_data_permission_test` VALUES ('三星', '三星Galaxy S10', '4098', '浩玉白', 6, '2020-04-14 15:08:25', 7);
INSERT INTO `t_data_permission_test` VALUES ('苹果', 'iPhone 11 pro max', '9198', '暗夜绿', 4, '2020-04-14 15:09:20', 8);

-- ----------------------------
-- Table structure for t_eximport
-- ----------------------------
DROP TABLE IF EXISTS `t_eximport`;
CREATE TABLE `t_eximport`  (
  `FIELD1` varchar(20) CHARACTER SET utf8 COLLATE utf8_general_ci NOT NULL,
  `FIELD2` int(11) NOT NULL,
  `FIELD3` varchar(100) CHARACTER SET utf8 COLLATE utf8_general_ci NOT NULL,
  `CREATE_TIME` datetime(0) NOT NULL
) ENGINE = InnoDB CHARACTER SET = utf8 COLLATE = utf8_general_ci COMMENT = 'Excel导入导出测试' ROW_FORMAT = Dynamic;

-- ----------------------------
-- Records of t_eximport
-- ----------------------------
INSERT INTO `t_eximport` VALUES ('字段1', 1, 'mrbird0@gmail.com', '2019-07-25 19:08:01');
INSERT INTO `t_eximport` VALUES ('字段1', 2, 'mrbird1@gmail.com', '2019-07-25 19:08:01');
INSERT INTO `t_eximport` VALUES ('字段1', 3, 'mrbird2@gmail.com', '2019-07-25 19:08:01');
INSERT INTO `t_eximport` VALUES ('字段1', 4, 'mrbird3@gmail.com', '2019-07-25 19:08:01');
INSERT INTO `t_eximport` VALUES ('字段1', 5, 'mrbird4@gmail.com', '2019-07-25 19:08:01');
INSERT INTO `t_eximport` VALUES ('字段1', 6, 'mrbird5@gmail.com', '2019-07-25 19:08:01');
INSERT INTO `t_eximport` VALUES ('字段1', 7, 'mrbird6@gmail.com', '2019-07-25 19:08:01');
INSERT INTO `t_eximport` VALUES ('字段1', 8, 'mrbird7@gmail.com', '2019-07-25 19:08:01');

-- ----------------------------
-- Table structure for t_gateway_block_list
-- ----------------------------
DROP TABLE IF EXISTS `t_gateway_block_list`;
CREATE TABLE `t_gateway_block_list`  (
  `id` bigint(19) NOT NULL AUTO_INCREMENT COMMENT '主键ID',
  `ip` varchar(255) CHARACTER SET utf8 COLLATE utf8_general_ci NULL DEFAULT NULL COMMENT '黑名单IP',
  `request_uri` varchar(255) CHARACTER SET utf8 COLLATE utf8_general_ci NULL DEFAULT NULL COMMENT '请求URI',
  `request_method` varchar(255) CHARACTER SET utf8 COLLATE utf8_general_ci NULL DEFAULT NULL COMMENT '请求方法',
  `limit_from` datetime(0) NULL DEFAULT NULL COMMENT '限制时间起',
  `limit_to` datetime(0) NULL DEFAULT NULL COMMENT '限制时间止',
  `location` varchar(255) CHARACTER SET utf8 COLLATE utf8_general_ci NULL DEFAULT NULL COMMENT 'IP对应地址',
  `status` tinyint(1) NULL DEFAULT NULL COMMENT '状态(0-关闭，1-开启)',
  `create_time` datetime(0) NULL DEFAULT NULL COMMENT '创建时间',
  `update_time` datetime(0) NULL DEFAULT NULL COMMENT '更新时间',
  `create_user_id` bigint(20) NULL DEFAULT NULL COMMENT '创建用户',
  `update_user_id` bigint(20) NULL DEFAULT NULL COMMENT '更新用户',
  PRIMARY KEY (`id`) USING BTREE
) ENGINE = InnoDB AUTO_INCREMENT = 11 CHARACTER SET = utf8 COLLATE = utf8_general_ci COMMENT = '黑名单' ROW_FORMAT = DYNAMIC;

-- ----------------------------
-- Records of t_gateway_block_list
-- ----------------------------
INSERT INTO `t_gateway_block_list` VALUES (9, '127.0.0.1', '/**/actuator/**', 'All', '2020-08-01 00:00:00', '2020-08-01 23:59:59', NULL, 1, '2020-07-28 21:52:46', '2020-08-18 15:40:29', 1, 1);
INSERT INTO `t_gateway_block_list` VALUES (10, '192.168.0.106', '/**/actuator/**', 'All', '2020-07-30 00:30:00', '2020-07-30 23:59:59', NULL, 1, '2020-07-28 21:52:46', '2020-07-28 21:52:46', 1, 1);

-- ----------------------------
-- Table structure for t_gateway_block_list_log
-- ----------------------------
DROP TABLE IF EXISTS `t_gateway_block_list_log`;
CREATE TABLE `t_gateway_block_list_log`  (
  `id` bigint(19) NOT NULL AUTO_INCREMENT COMMENT '主键ID',
  `ip` varchar(255) CHARACTER SET utf8 COLLATE utf8_general_ci NULL DEFAULT NULL COMMENT '黑名单IP',
  `request_uri` varchar(255) CHARACTER SET utf8 COLLATE utf8_general_ci NULL DEFAULT NULL COMMENT '请求URI',
  `request_method` varchar(255) CHARACTER SET utf8 COLLATE utf8_general_ci NULL DEFAULT NULL COMMENT '请求方法',
  `location` varchar(255) CHARACTER SET utf8 COLLATE utf8_general_ci NULL DEFAULT NULL COMMENT 'IP对应地址',
  `create_time` datetime(0) NULL DEFAULT NULL COMMENT '拦截时间点',
  PRIMARY KEY (`id`) USING BTREE
) ENGINE = InnoDB AUTO_INCREMENT = 1 CHARACTER SET = utf8 COLLATE = utf8_general_ci COMMENT = '黑名单日志' ROW_FORMAT = DYNAMIC;

-- ----------------------------
-- Records of t_gateway_block_list_log
-- ----------------------------

-- ----------------------------
-- Table structure for t_gateway_dynamic_route
-- ----------------------------
DROP TABLE IF EXISTS `t_gateway_dynamic_route`;
CREATE TABLE `t_gateway_dynamic_route`  (
  `id` bigint(19) UNSIGNED NOT NULL AUTO_INCREMENT COMMENT '主键Id',
  `route_name` varchar(255) CHARACTER SET utf8mb4 COLLATE utf8mb4_general_ci NULL DEFAULT NULL COMMENT '路由名称',
  `route_id` varchar(128) CHARACTER SET utf8mb4 COLLATE utf8mb4_general_ci NOT NULL COMMENT '路由Id',
  `route_uri` varchar(128) CHARACTER SET utf8mb4 COLLATE utf8mb4_general_ci NOT NULL COMMENT '路由规则转发的uri',
  `route_order` int(11) NOT NULL DEFAULT 0 COMMENT '路由的执行顺序',
  `predicates` text CHARACTER SET utf8mb4 COLLATE utf8mb4_general_ci NOT NULL COMMENT '断言字符串集合，字符串结构：[{\r\n	\"args\": {\r\n		\"pattern\": \"/auth/**\"\r\n	},\r\n	\"name\": \"Path\"\r\n}]',
  `filters` text CHARACTER SET utf8mb4 COLLATE utf8mb4_general_ci NULL COMMENT '过滤器字符串集合，字符串结构：[{\r\n	\"args\": {\r\n		\"name\": \"authfallback\",\r\n		\"fallbackUri\": \"forward:/fallback/bright-auth\"\r\n	},\r\n	\"name\": \"Hystrix\"\r\n}, {\r\n	\"args\": {\r\n		\"_genkey_0\": \"1\"\r\n	},\r\n	\"name\": \"StripPrefix\"\r\n}, {\r\n	\"name\": \"BrightDocGatewayHeaderFilter\"\r\n}]',
  `enable` tinyint(1) NOT NULL COMMENT '状态：0-不可用；1-可用',
  `create_time` datetime(0) NULL DEFAULT NULL COMMENT '创建时间',
  `update_time` datetime(0) NULL DEFAULT NULL COMMENT '修改时间',
  `create_user_id` bigint(20) NULL DEFAULT NULL COMMENT '创建人ID',
  `update_user_id` bigint(20) NULL DEFAULT NULL COMMENT '修改人ID',
  PRIMARY KEY (`id`) USING BTREE,
  UNIQUE INDEX `route_id`(`route_id`) USING BTREE
) ENGINE = InnoDB AUTO_INCREMENT = 7 CHARACTER SET = utf8mb4 COLLATE = utf8mb4_general_ci COMMENT = '动态路由配置表' ROW_FORMAT = DYNAMIC;

-- ----------------------------
-- Records of t_gateway_dynamic_route
-- ----------------------------
INSERT INTO `t_gateway_dynamic_route` VALUES (1, '第三方登录服务', 'bright-auth-Social', 'lb://bright-auth', 0, '[{\r\n	\"args\": {\r\n		\"pattern\": \"/auth/social/**\"\r\n	},\r\n	\"name\": \"Path\"\r\n}]', '[{\r\n	\"args\": {\r\n		\"name\": \"socialfallback\",\r\n		\"fallbackUri\": \"forward:/fallback/bright-auth\"\r\n	},\r\n	\"name\": \"Hystrix\"\r\n}]', 1, '2020-08-15 21:29:38', '2020-08-15 21:29:38', 1, 1);
INSERT INTO `t_gateway_dynamic_route` VALUES (2, '认证服务', 'bright-auth', 'lb://bright-auth', 0, '[{\r\n	\"args\": {\r\n		\"pattern\": \"/auth/**\"\r\n	},\r\n	\"name\": \"Path\"\r\n}]', '[{\r\n	\"args\": {\r\n		\"name\": \"authfallback\",\r\n		\"fallbackUri\": \"forward:/fallback/bright-auth\"\r\n	},\r\n	\"name\": \"Hystrix\"\r\n}]', 1, '2020-08-15 21:30:59', '2020-08-15 21:30:59', 1, 1);
INSERT INTO `t_gateway_dynamic_route` VALUES (3, '基础服务', 'bright-server-system', 'lb://bright-server-system', 0, '[{\r\n	\"args\": {\r\n		\"pattern\": \"/system/**\"\r\n	},\r\n	\"name\": \"Path\"\r\n}]', '[{\r\n	\"args\": {\r\n		\"name\": \"systemfallback\",\r\n		\"fallbackUri\": \"forward:/fallback/bright-server-system\"\r\n	},\r\n	\"name\": \"Hystrix\"\r\n}]', 1, '2020-08-15 21:31:19', '2020-08-15 21:31:19', 1, 1);
INSERT INTO `t_gateway_dynamic_route` VALUES (4, '定时任务服务', 'bright-server-job', 'lb://bright-server-job', 0, '[{\r\n	\"args\": {\r\n		\"pattern\": \"/job/**\"\r\n	},\r\n	\"name\": \"Path\"\r\n}]', '[{\r\n	\"args\": {\r\n		\"name\": \"jobfallback\",\r\n		\"fallbackUri\": \"forward:/fallback/bright-server-job\"\r\n	},\r\n	\"name\": \"Hystrix\"\r\n}]', 1, '2020-08-15 21:31:59', '2020-08-15 21:31:59', 1, 1);
INSERT INTO `t_gateway_dynamic_route` VALUES (5, '代码生成服务', 'bright-server-generator', 'lb://bright-server-generator', 0, '[{\r\n	\"args\": {\r\n		\"pattern\": \"/generator/**\"\r\n	},\r\n	\"name\": \"Path\"\r\n}]', '[{\r\n	\"args\": {\r\n		\"name\": \"generatorfallback\",\r\n		\"fallbackUri\": \"forward:/fallback/bright-server-generator\"\r\n	},\r\n	\"name\": \"Hystrix\"\r\n}]', 1, '2020-08-15 21:32:19', '2020-08-15 21:32:19', 1, 1);
INSERT INTO `t_gateway_dynamic_route` VALUES (6, '测试服务', 'bright-server-test', 'lb://bright-server-test', 0, '[{\r\n	\"args\": {\r\n		\"pattern\": \"/test/**\"\r\n	},\r\n	\"name\": \"Path\"\r\n}]', '[{\r\n	\"args\": {\r\n		\"name\": \"testfallback\",\r\n		\"fallbackUri\": \"forward:/fallback/bright-server-test\"\r\n	},\r\n	\"name\": \"Hystrix\"\r\n}]', 0, '2020-08-17 17:26:52', '2020-08-17 17:28:38', 1, 1);

-- ----------------------------
-- Table structure for t_gateway_route_limit_rule
-- ----------------------------
DROP TABLE IF EXISTS `t_gateway_route_limit_rule`;
CREATE TABLE `t_gateway_route_limit_rule`  (
  `id` bigint(19) NOT NULL AUTO_INCREMENT COMMENT '主键ID',
  `request_uri` varchar(255) CHARACTER SET utf8 COLLATE utf8_general_ci NULL DEFAULT NULL COMMENT '请求URI',
  `request_method` varchar(255) CHARACTER SET utf8 COLLATE utf8_general_ci NULL DEFAULT NULL COMMENT '请求方法',
  `limit_from` datetime(0) NULL DEFAULT NULL COMMENT '限制时间起',
  `limit_to` datetime(0) NULL DEFAULT NULL COMMENT '限制时间止',
  `count` int(19) NULL DEFAULT NULL COMMENT '次数',
  `interval_sec` int(19) NULL DEFAULT NULL COMMENT '时间周期，单位秒',
  `status` tinyint(1) NULL DEFAULT NULL COMMENT '状态(0-关闭，1-开启)',
  `create_time` datetime(0) NULL DEFAULT NULL COMMENT '创建时间',
  `update_time` datetime(0) NULL DEFAULT NULL COMMENT '更新时间',
  `create_user_id` bigint(20) NULL DEFAULT NULL COMMENT '创建用户',
  `update_user_id` bigint(20) NULL DEFAULT NULL COMMENT '更新用户',
  PRIMARY KEY (`id`) USING BTREE
) ENGINE = InnoDB AUTO_INCREMENT = 5 CHARACTER SET = utf8 COLLATE = utf8_general_ci COMMENT = '限流规则' ROW_FORMAT = DYNAMIC;

-- ----------------------------
-- Records of t_gateway_route_limit_rule
-- ----------------------------
INSERT INTO `t_gateway_route_limit_rule` VALUES (3, '/auth/**', 'GET', '2020-08-01 00:30:00', '2020-08-01 23:59:59', 3, 10, 1, '2020-07-29 10:26:49', '2020-08-18 15:41:52', 1, 1);
INSERT INTO `t_gateway_route_limit_rule` VALUES (4, '/gateway/**', 'GET', '2020-08-01 00:30:00', '2020-08-01 23:59:59', 3, 10, 1, '2020-07-29 10:26:50', '2020-08-18 15:42:14', 1, 1);

-- ----------------------------
-- Table structure for t_gateway_route_limit_rule_log
-- ----------------------------
DROP TABLE IF EXISTS `t_gateway_route_limit_rule_log`;
CREATE TABLE `t_gateway_route_limit_rule_log`  (
  `id` bigint(19) NOT NULL AUTO_INCREMENT COMMENT '主键ID',
  `ip` varchar(255) CHARACTER SET utf8 COLLATE utf8_general_ci NULL DEFAULT NULL COMMENT '黑名单IP',
  `request_uri` varchar(255) CHARACTER SET utf8 COLLATE utf8_general_ci NULL DEFAULT NULL COMMENT '请求URI',
  `request_method` varchar(255) CHARACTER SET utf8 COLLATE utf8_general_ci NULL DEFAULT NULL COMMENT '请求方法',
  `location` varchar(255) CHARACTER SET utf8 COLLATE utf8_general_ci NULL DEFAULT NULL COMMENT 'IP对应地址',
  `create_time` datetime(0) NULL DEFAULT NULL COMMENT '拦截时间点',
  PRIMARY KEY (`id`) USING BTREE
) ENGINE = InnoDB AUTO_INCREMENT = 1 CHARACTER SET = utf8 COLLATE = utf8_general_ci COMMENT = '限流规则日志' ROW_FORMAT = DYNAMIC;

-- ----------------------------
-- Records of t_gateway_route_limit_rule_log
-- ----------------------------

-- ----------------------------
-- Table structure for t_gateway_route_log
-- ----------------------------
DROP TABLE IF EXISTS `t_gateway_route_log`;
CREATE TABLE `t_gateway_route_log`  (
  `id` bigint(19) NOT NULL AUTO_INCREMENT COMMENT '主键ID',
  `ip` varchar(255) CHARACTER SET utf8 COLLATE utf8_general_ci NULL DEFAULT NULL COMMENT '请求IP',
  `request_uri` varchar(255) CHARACTER SET utf8 COLLATE utf8_general_ci NULL DEFAULT NULL COMMENT '请求URI',
  `request_method` varchar(255) CHARACTER SET utf8 COLLATE utf8_general_ci NULL DEFAULT NULL COMMENT '请求方法',
  `target_uri` varchar(255) CHARACTER SET utf8 COLLATE utf8_general_ci NULL DEFAULT NULL COMMENT '目标URI',
  `target_server` varchar(255) CHARACTER SET utf8 COLLATE utf8_general_ci NULL DEFAULT NULL COMMENT '目标服务',
  `location` varchar(255) CHARACTER SET utf8 COLLATE utf8_general_ci NULL DEFAULT NULL COMMENT 'IP对应地址',
  `http_status` int(19) NULL DEFAULT NULL COMMENT '请求状态',
  `params` text CHARACTER SET utf8 COLLATE utf8_general_ci NULL COMMENT '请求参数',
  `headers` text CHARACTER SET utf8 COLLATE utf8_general_ci NULL COMMENT '请求头',
  `user_agent` varchar(255) CHARACTER SET utf8 COLLATE utf8_general_ci NULL DEFAULT NULL COMMENT 'userAgent',
  `authentication` varchar(255) CHARACTER SET utf8 COLLATE utf8_general_ci NULL DEFAULT NULL COMMENT '认证信息',
  `create_time` datetime(0) NULL DEFAULT NULL COMMENT '拦截时间点',
  PRIMARY KEY (`id`) USING BTREE
) ENGINE = InnoDB AUTO_INCREMENT = 656 CHARACTER SET = utf8 COLLATE = utf8_general_ci COMMENT = '网关日志' ROW_FORMAT = DYNAMIC;

-- ----------------------------
-- Records of t_gateway_route_log
-- ----------------------------
INSERT INTO `t_gateway_route_log` VALUES (637, '172.16.5.105', '/system/gatewayRouteLog/list', 'GET', '/gatewayRouteLog/list', 'bright-server-system', '0|0|0|内网IP|内网IP', 200, NULL, '{\"x-forwarded-host\":\"172.16.5.115:9527\",\"x-forwarded-proto\":\"http\",\"x-forwarded-port\":\"9527\",\"x-forwarded-for\":\"172.16.5.105\",\"cookie\":\"JSESSIONID=19E749D0F2711CA5C517C709D496BD16\",\"accept-language\":\"zh-CN,zh;q=0.9\",\"accept-encoding\":\"gzip, deflate\",\"referer\":\"http://172.16.5.115:9527/\",\"user-agent\":\"Mozilla/5.0 (Windows NT 10.0; Win64; x64) AppleWebKit/537.36 (KHTML, like Gecko) Chrome/84.0.4147.89 Safari/537.36\",\"authorization\":\"bearer a4263545-368c-42a6-b328-9d6b53c74f5b\",\"accept\":\"application/json, text/plain, */*\",\"connection\":\"close\",\"host\":\"localhost:8301\"}', 'Mozilla/5.0 (Windows NT 10.0; Win64; x64) AppleWebKit/537.36 (KHTML, like Gecko) Chrome/84.0.4147.89 Safari/537.36', 'bearer a4263545-368c-42a6-b328-9d6b53c74f5b', '2020-08-18 16:52:24');
INSERT INTO `t_gateway_route_log` VALUES (638, '172.16.5.105', '/system/gatewayRouteLimitRule/list', 'GET', '/gatewayRouteLimitRule/list', 'bright-server-system', '0|0|0|内网IP|内网IP', 200, NULL, '{\"x-forwarded-host\":\"172.16.5.115:9527\",\"x-forwarded-proto\":\"http\",\"x-forwarded-port\":\"9527\",\"x-forwarded-for\":\"172.16.5.105\",\"cookie\":\"JSESSIONID=19E749D0F2711CA5C517C709D496BD16\",\"accept-language\":\"zh-CN,zh;q=0.9\",\"accept-encoding\":\"gzip, deflate\",\"referer\":\"http://172.16.5.115:9527/\",\"user-agent\":\"Mozilla/5.0 (Windows NT 10.0; Win64; x64) AppleWebKit/537.36 (KHTML, like Gecko) Chrome/84.0.4147.89 Safari/537.36\",\"authorization\":\"bearer a4263545-368c-42a6-b328-9d6b53c74f5b\",\"accept\":\"application/json, text/plain, */*\",\"connection\":\"close\",\"host\":\"localhost:8301\"}', 'Mozilla/5.0 (Windows NT 10.0; Win64; x64) AppleWebKit/537.36 (KHTML, like Gecko) Chrome/84.0.4147.89 Safari/537.36', 'bearer a4263545-368c-42a6-b328-9d6b53c74f5b', '2020-08-18 16:52:31');
INSERT INTO `t_gateway_route_log` VALUES (639, '172.16.5.105', '/system/gatewayRouteLimitRuleLog/list', 'GET', '/gatewayRouteLimitRuleLog/list', 'bright-server-system', '0|0|0|内网IP|内网IP', 200, NULL, '{\"x-forwarded-host\":\"172.16.5.115:9527\",\"x-forwarded-proto\":\"http\",\"x-forwarded-port\":\"9527\",\"x-forwarded-for\":\"172.16.5.105\",\"cookie\":\"JSESSIONID=19E749D0F2711CA5C517C709D496BD16\",\"accept-language\":\"zh-CN,zh;q=0.9\",\"accept-encoding\":\"gzip, deflate\",\"referer\":\"http://172.16.5.115:9527/\",\"user-agent\":\"Mozilla/5.0 (Windows NT 10.0; Win64; x64) AppleWebKit/537.36 (KHTML, like Gecko) Chrome/84.0.4147.89 Safari/537.36\",\"authorization\":\"bearer a4263545-368c-42a6-b328-9d6b53c74f5b\",\"accept\":\"application/json, text/plain, */*\",\"connection\":\"close\",\"host\":\"localhost:8301\"}', 'Mozilla/5.0 (Windows NT 10.0; Win64; x64) AppleWebKit/537.36 (KHTML, like Gecko) Chrome/84.0.4147.89 Safari/537.36', 'bearer a4263545-368c-42a6-b328-9d6b53c74f5b', '2020-08-18 16:52:34');
INSERT INTO `t_gateway_route_log` VALUES (640, '172.16.5.105', '/system/gatewayRouteLimitRuleLog/list', 'GET', '/gatewayRouteLimitRuleLog/list', 'bright-server-system', '0|0|0|内网IP|内网IP', 200, NULL, '{\"x-forwarded-host\":\"172.16.5.115:9527\",\"x-forwarded-proto\":\"http\",\"x-forwarded-port\":\"9527\",\"x-forwarded-for\":\"172.16.5.105\",\"cookie\":\"JSESSIONID=19E749D0F2711CA5C517C709D496BD16\",\"accept-language\":\"zh-CN,zh;q=0.9\",\"accept-encoding\":\"gzip, deflate\",\"referer\":\"http://172.16.5.115:9527/\",\"user-agent\":\"Mozilla/5.0 (Windows NT 10.0; Win64; x64) AppleWebKit/537.36 (KHTML, like Gecko) Chrome/84.0.4147.89 Safari/537.36\",\"authorization\":\"bearer a4263545-368c-42a6-b328-9d6b53c74f5b\",\"accept\":\"application/json, text/plain, */*\",\"connection\":\"close\",\"host\":\"localhost:8301\"}', 'Mozilla/5.0 (Windows NT 10.0; Win64; x64) AppleWebKit/537.36 (KHTML, like Gecko) Chrome/84.0.4147.89 Safari/537.36', 'bearer a4263545-368c-42a6-b328-9d6b53c74f5b', '2020-08-18 16:52:36');
INSERT INTO `t_gateway_route_log` VALUES (641, '172.16.5.105', '/system/gatewayRouteLog/list', 'GET', '/gatewayRouteLog/list', 'bright-server-system', '0|0|0|内网IP|内网IP', 200, NULL, '{\"x-forwarded-host\":\"172.16.5.115:9527\",\"x-forwarded-proto\":\"http\",\"x-forwarded-port\":\"9527\",\"x-forwarded-for\":\"172.16.5.105\",\"cookie\":\"JSESSIONID=19E749D0F2711CA5C517C709D496BD16\",\"accept-language\":\"zh-CN,zh;q=0.9\",\"accept-encoding\":\"gzip, deflate\",\"referer\":\"http://172.16.5.115:9527/\",\"user-agent\":\"Mozilla/5.0 (Windows NT 10.0; Win64; x64) AppleWebKit/537.36 (KHTML, like Gecko) Chrome/84.0.4147.89 Safari/537.36\",\"authorization\":\"bearer a4263545-368c-42a6-b328-9d6b53c74f5b\",\"accept\":\"application/json, text/plain, */*\",\"connection\":\"close\",\"host\":\"localhost:8301\"}', 'Mozilla/5.0 (Windows NT 10.0; Win64; x64) AppleWebKit/537.36 (KHTML, like Gecko) Chrome/84.0.4147.89 Safari/537.36', 'bearer a4263545-368c-42a6-b328-9d6b53c74f5b', '2020-08-18 16:52:38');
INSERT INTO `t_gateway_route_log` VALUES (642, '172.16.5.105', '/auth/captcha', 'GET', '/captcha', 'bright-auth', '0|0|0|内网IP|内网IP', 200, NULL, '{\"x-forwarded-host\":\"172.16.5.115:8100\",\"x-forwarded-proto\":\"http\",\"x-forwarded-port\":\"8100\",\"x-forwarded-for\":\"172.16.5.105\",\"cookie\":\"JSESSIONID=19E749D0F2711CA5C517C709D496BD16\",\"accept-language\":\"zh-CN,zh;q=0.9\",\"accept-encoding\":\"gzip, deflate\",\"referer\":\"http://172.16.5.115:8100/\",\"user-agent\":\"Mozilla/5.0 (Windows NT 10.0; Win64; x64) AppleWebKit/537.36 (KHTML, like Gecko) Chrome/84.0.4147.89 Safari/537.36\",\"accept\":\"application/json, text/plain, */*\",\"connection\":\"close\",\"host\":\"localhost:8002\"}', 'Mozilla/5.0 (Windows NT 10.0; Win64; x64) AppleWebKit/537.36 (KHTML, like Gecko) Chrome/84.0.4147.89 Safari/537.36', NULL, '2020-08-18 18:50:38');
INSERT INTO `t_gateway_route_log` VALUES (643, '172.16.5.105', '/auth/oauth/token', 'POST', '/oauth/token', 'bright-auth', '0|0|0|内网IP|内网IP', 200, NULL, '{\"x-forwarded-host\":\"172.16.5.115:8100\",\"x-forwarded-proto\":\"http\",\"x-forwarded-port\":\"8100\",\"x-forwarded-for\":\"172.16.5.105\",\"cookie\":\"JSESSIONID=19E749D0F2711CA5C517C709D496BD16\",\"accept-language\":\"zh-CN,zh;q=0.9\",\"accept-encoding\":\"gzip, deflate\",\"referer\":\"http://172.16.5.115:8100/\",\"origin\":\"http://172.16.5.115:8100\",\"content-type\":\"application/x-www-form-urlencoded\",\"user-agent\":\"Mozilla/5.0 (Windows NT 10.0; Win64; x64) AppleWebKit/537.36 (KHTML, like Gecko) Chrome/84.0.4147.89 Safari/537.36\",\"authorization\":\"Basic ZmViczoxMjM0NTY=\",\"accept\":\"application/json, text/plain, */*\",\"content-length\":\"159\",\"connection\":\"close\",\"host\":\"localhost:8002\"}', 'Mozilla/5.0 (Windows NT 10.0; Win64; x64) AppleWebKit/537.36 (KHTML, like Gecko) Chrome/84.0.4147.89 Safari/537.36', 'Basic ZmViczoxMjM0NTY=', '2020-08-18 18:51:10');
INSERT INTO `t_gateway_route_log` VALUES (644, '172.16.5.105', '/system/user/success', 'GET', '/user/success', 'bright-server-system', '0|0|0|内网IP|内网IP', 200, NULL, '{\"x-forwarded-host\":\"172.16.5.115:8100\",\"x-forwarded-proto\":\"http\",\"x-forwarded-port\":\"8100\",\"x-forwarded-for\":\"172.16.5.105\",\"cookie\":\"JSESSIONID=19E749D0F2711CA5C517C709D496BD16\",\"accept-language\":\"zh-CN,zh;q=0.9\",\"accept-encoding\":\"gzip, deflate\",\"referer\":\"http://172.16.5.115:8100/\",\"user-agent\":\"Mozilla/5.0 (Windows NT 10.0; Win64; x64) AppleWebKit/537.36 (KHTML, like Gecko) Chrome/84.0.4147.89 Safari/537.36\",\"authorization\":\"bearer 0fc9990d-2587-44e0-beef-b392004c9142\",\"accept\":\"application/json, text/plain, */*\",\"connection\":\"close\",\"host\":\"localhost:8002\"}', 'Mozilla/5.0 (Windows NT 10.0; Win64; x64) AppleWebKit/537.36 (KHTML, like Gecko) Chrome/84.0.4147.89 Safari/537.36', 'bearer 0fc9990d-2587-44e0-beef-b392004c9142', '2020-08-18 18:51:11');
INSERT INTO `t_gateway_route_log` VALUES (645, '172.16.5.105', '/system/menu/admin', 'GET', '/menu/admin', 'bright-server-system', '0|0|0|内网IP|内网IP', 200, NULL, '{\"x-forwarded-host\":\"172.16.5.115:8100\",\"x-forwarded-proto\":\"http\",\"x-forwarded-port\":\"8100\",\"x-forwarded-for\":\"172.16.5.105\",\"cookie\":\"JSESSIONID=217840D38C074B1236887E87FACB9A09\",\"accept-language\":\"zh-CN,zh;q=0.9\",\"accept-encoding\":\"gzip, deflate\",\"referer\":\"http://172.16.5.115:8100/\",\"user-agent\":\"Mozilla/5.0 (Windows NT 10.0; Win64; x64) AppleWebKit/537.36 (KHTML, like Gecko) Chrome/84.0.4147.89 Safari/537.36\",\"authorization\":\"bearer 0fc9990d-2587-44e0-beef-b392004c9142\",\"accept\":\"application/json, text/plain, */*\",\"connection\":\"close\",\"host\":\"localhost:8002\"}', 'Mozilla/5.0 (Windows NT 10.0; Win64; x64) AppleWebKit/537.36 (KHTML, like Gecko) Chrome/84.0.4147.89 Safari/537.36', 'bearer 0fc9990d-2587-44e0-beef-b392004c9142', '2020-08-18 18:51:11');
INSERT INTO `t_gateway_route_log` VALUES (646, '172.16.5.105', '/auth/captcha', 'GET', '/captcha', 'bright-auth', '0|0|0|内网IP|内网IP', 200, NULL, '{\"x-forwarded-host\":\"172.16.5.115:8100\",\"x-forwarded-proto\":\"http\",\"x-forwarded-port\":\"8100\",\"x-forwarded-for\":\"172.16.5.105\",\"accept-language\":\"zh-CN,zh;q=0.9\",\"accept-encoding\":\"gzip, deflate\",\"referer\":\"http://172.16.5.115:8100/\",\"user-agent\":\"Mozilla/5.0 (Windows NT 10.0; Win64; x64) AppleWebKit/537.36 (KHTML, like Gecko) Chrome/84.0.4147.89 Safari/537.36\",\"accept\":\"application/json, text/plain, */*\",\"connection\":\"close\",\"host\":\"localhost:8002\"}', 'Mozilla/5.0 (Windows NT 10.0; Win64; x64) AppleWebKit/537.36 (KHTML, like Gecko) Chrome/84.0.4147.89 Safari/537.36', NULL, '2020-08-18 18:55:23');
INSERT INTO `t_gateway_route_log` VALUES (647, '172.16.5.105', '/auth/oauth/token', 'POST', '/oauth/token', 'bright-auth', '0|0|0|内网IP|内网IP', 200, NULL, '{\"x-forwarded-host\":\"172.16.5.115:8100\",\"x-forwarded-proto\":\"http\",\"x-forwarded-port\":\"8100\",\"x-forwarded-for\":\"172.16.5.105\",\"accept-language\":\"zh-CN,zh;q=0.9\",\"accept-encoding\":\"gzip, deflate\",\"referer\":\"http://172.16.5.115:8100/\",\"origin\":\"http://172.16.5.115:8100\",\"content-type\":\"application/x-www-form-urlencoded\",\"user-agent\":\"Mozilla/5.0 (Windows NT 10.0; Win64; x64) AppleWebKit/537.36 (KHTML, like Gecko) Chrome/84.0.4147.89 Safari/537.36\",\"authorization\":\"Basic ZmViczoxMjM0NTY=\",\"accept\":\"application/json, text/plain, */*\",\"content-length\":\"159\",\"connection\":\"close\",\"host\":\"localhost:8002\"}', 'Mozilla/5.0 (Windows NT 10.0; Win64; x64) AppleWebKit/537.36 (KHTML, like Gecko) Chrome/84.0.4147.89 Safari/537.36', 'Basic ZmViczoxMjM0NTY=', '2020-08-18 18:55:38');
INSERT INTO `t_gateway_route_log` VALUES (648, '172.16.5.105', '/system/user/success', 'GET', '/user/success', 'bright-server-system', '0|0|0|内网IP|内网IP', 200, NULL, '{\"x-forwarded-host\":\"172.16.5.115:8100\",\"x-forwarded-proto\":\"http\",\"x-forwarded-port\":\"8100\",\"x-forwarded-for\":\"172.16.5.105\",\"accept-language\":\"zh-CN,zh;q=0.9\",\"accept-encoding\":\"gzip, deflate\",\"referer\":\"http://172.16.5.115:8100/\",\"user-agent\":\"Mozilla/5.0 (Windows NT 10.0; Win64; x64) AppleWebKit/537.36 (KHTML, like Gecko) Chrome/84.0.4147.89 Safari/537.36\",\"authorization\":\"bearer 562509e4-e1e1-4b80-a4c6-453a7e580899\",\"accept\":\"application/json, text/plain, */*\",\"connection\":\"close\",\"host\":\"localhost:8002\"}', 'Mozilla/5.0 (Windows NT 10.0; Win64; x64) AppleWebKit/537.36 (KHTML, like Gecko) Chrome/84.0.4147.89 Safari/537.36', 'bearer 562509e4-e1e1-4b80-a4c6-453a7e580899', '2020-08-18 18:55:39');
INSERT INTO `t_gateway_route_log` VALUES (649, '172.16.5.105', '/system/menu/admin', 'GET', '/menu/admin', 'bright-server-system', '0|0|0|内网IP|内网IP', 200, NULL, '{\"x-forwarded-host\":\"172.16.5.115:8100\",\"x-forwarded-proto\":\"http\",\"x-forwarded-port\":\"8100\",\"x-forwarded-for\":\"172.16.5.105\",\"cookie\":\"JSESSIONID=CA482E088B727ACA00EF36FEDA3167C6\",\"accept-language\":\"zh-CN,zh;q=0.9\",\"accept-encoding\":\"gzip, deflate\",\"referer\":\"http://172.16.5.115:8100/\",\"user-agent\":\"Mozilla/5.0 (Windows NT 10.0; Win64; x64) AppleWebKit/537.36 (KHTML, like Gecko) Chrome/84.0.4147.89 Safari/537.36\",\"authorization\":\"bearer 562509e4-e1e1-4b80-a4c6-453a7e580899\",\"accept\":\"application/json, text/plain, */*\",\"connection\":\"close\",\"host\":\"localhost:8002\"}', 'Mozilla/5.0 (Windows NT 10.0; Win64; x64) AppleWebKit/537.36 (KHTML, like Gecko) Chrome/84.0.4147.89 Safari/537.36', 'bearer 562509e4-e1e1-4b80-a4c6-453a7e580899', '2020-08-18 18:55:40');
INSERT INTO `t_gateway_route_log` VALUES (650, '172.16.5.105', '/auth/captcha', 'GET', '/captcha', 'bright-auth', '0|0|0|内网IP|内网IP', 200, NULL, '{\"x-forwarded-host\":\"172.16.5.115:8100\",\"x-forwarded-proto\":\"http\",\"x-forwarded-port\":\"8100\",\"x-forwarded-for\":\"172.16.5.105\",\"cookie\":\"JSESSIONID=CA482E088B727ACA00EF36FEDA3167C6\",\"accept-language\":\"zh-CN,zh;q=0.9\",\"accept-encoding\":\"gzip, deflate\",\"referer\":\"http://172.16.5.115:8100/\",\"user-agent\":\"Mozilla/5.0 (Windows NT 10.0; Win64; x64) AppleWebKit/537.36 (KHTML, like Gecko) Chrome/84.0.4147.89 Safari/537.36\",\"accept\":\"application/json, text/plain, */*\",\"connection\":\"close\",\"host\":\"localhost:8002\"}', 'Mozilla/5.0 (Windows NT 10.0; Win64; x64) AppleWebKit/537.36 (KHTML, like Gecko) Chrome/84.0.4147.89 Safari/537.36', NULL, '2020-08-18 19:10:42');
INSERT INTO `t_gateway_route_log` VALUES (651, '172.16.5.105', '/auth/oauth/token', 'POST', '/oauth/token', 'bright-auth', '0|0|0|内网IP|内网IP', 200, NULL, '{\"x-forwarded-host\":\"172.16.5.115:8100\",\"x-forwarded-proto\":\"http\",\"x-forwarded-port\":\"8100\",\"x-forwarded-for\":\"172.16.5.105\",\"cookie\":\"JSESSIONID=CA482E088B727ACA00EF36FEDA3167C6\",\"accept-language\":\"zh-CN,zh;q=0.9\",\"accept-encoding\":\"gzip, deflate\",\"referer\":\"http://172.16.5.115:8100/\",\"origin\":\"http://172.16.5.115:8100\",\"content-type\":\"application/x-www-form-urlencoded\",\"user-agent\":\"Mozilla/5.0 (Windows NT 10.0; Win64; x64) AppleWebKit/537.36 (KHTML, like Gecko) Chrome/84.0.4147.89 Safari/537.36\",\"authorization\":\"Basic ZmViczoxMjM0NTY=\",\"accept\":\"application/json, text/plain, */*\",\"content-length\":\"159\",\"connection\":\"close\",\"host\":\"localhost:8002\"}', 'Mozilla/5.0 (Windows NT 10.0; Win64; x64) AppleWebKit/537.36 (KHTML, like Gecko) Chrome/84.0.4147.89 Safari/537.36', 'Basic ZmViczoxMjM0NTY=', '2020-08-18 19:11:48');
INSERT INTO `t_gateway_route_log` VALUES (652, '172.16.5.105', '/system/user/success', 'GET', '/user/success', 'bright-server-system', '0|0|0|内网IP|内网IP', 200, NULL, '{\"x-forwarded-host\":\"172.16.5.115:8100\",\"x-forwarded-proto\":\"http\",\"x-forwarded-port\":\"8100\",\"x-forwarded-for\":\"172.16.5.105\",\"cookie\":\"JSESSIONID=CA482E088B727ACA00EF36FEDA3167C6\",\"accept-language\":\"zh-CN,zh;q=0.9\",\"accept-encoding\":\"gzip, deflate\",\"referer\":\"http://172.16.5.115:8100/\",\"user-agent\":\"Mozilla/5.0 (Windows NT 10.0; Win64; x64) AppleWebKit/537.36 (KHTML, like Gecko) Chrome/84.0.4147.89 Safari/537.36\",\"authorization\":\"bearer 71727a48-b8da-4419-bf69-3a5c2e3cb619\",\"accept\":\"application/json, text/plain, */*\",\"connection\":\"close\",\"host\":\"localhost:8002\"}', 'Mozilla/5.0 (Windows NT 10.0; Win64; x64) AppleWebKit/537.36 (KHTML, like Gecko) Chrome/84.0.4147.89 Safari/537.36', 'bearer 71727a48-b8da-4419-bf69-3a5c2e3cb619', '2020-08-18 19:11:49');
INSERT INTO `t_gateway_route_log` VALUES (653, '172.16.5.105', '/system/menu/admin', 'GET', '/menu/admin', 'bright-server-system', '0|0|0|内网IP|内网IP', 200, NULL, '{\"x-forwarded-host\":\"172.16.5.115:8100\",\"x-forwarded-proto\":\"http\",\"x-forwarded-port\":\"8100\",\"x-forwarded-for\":\"172.16.5.105\",\"cookie\":\"JSESSIONID=97B372C446BA8ADEF4C904C9845E102D\",\"accept-language\":\"zh-CN,zh;q=0.9\",\"accept-encoding\":\"gzip, deflate\",\"referer\":\"http://172.16.5.115:8100/\",\"user-agent\":\"Mozilla/5.0 (Windows NT 10.0; Win64; x64) AppleWebKit/537.36 (KHTML, like Gecko) Chrome/84.0.4147.89 Safari/537.36\",\"authorization\":\"bearer 71727a48-b8da-4419-bf69-3a5c2e3cb619\",\"accept\":\"application/json, text/plain, */*\",\"connection\":\"close\",\"host\":\"localhost:8002\"}', 'Mozilla/5.0 (Windows NT 10.0; Win64; x64) AppleWebKit/537.36 (KHTML, like Gecko) Chrome/84.0.4147.89 Safari/537.36', 'bearer 71727a48-b8da-4419-bf69-3a5c2e3cb619', '2020-08-18 19:11:49');
INSERT INTO `t_gateway_route_log` VALUES (654, '172.16.5.105', '/system/user/index', 'GET', '/user/index', 'bright-server-system', '0|0|0|内网IP|内网IP', 200, NULL, '{\"x-forwarded-host\":\"172.16.5.115:8100\",\"x-forwarded-proto\":\"http\",\"x-forwarded-port\":\"8100\",\"x-forwarded-for\":\"172.16.5.105\",\"cookie\":\"JSESSIONID=D4B54FD53A52E3397AABE395AE5D089B\",\"accept-language\":\"zh-CN,zh;q=0.9\",\"accept-encoding\":\"gzip, deflate\",\"referer\":\"http://172.16.5.115:8100/\",\"user-agent\":\"Mozilla/5.0 (Windows NT 10.0; Win64; x64) AppleWebKit/537.36 (KHTML, like Gecko) Chrome/84.0.4147.89 Safari/537.36\",\"authorization\":\"bearer 71727a48-b8da-4419-bf69-3a5c2e3cb619\",\"accept\":\"application/json, text/plain, */*\",\"connection\":\"close\",\"host\":\"localhost:8002\"}', 'Mozilla/5.0 (Windows NT 10.0; Win64; x64) AppleWebKit/537.36 (KHTML, like Gecko) Chrome/84.0.4147.89 Safari/537.36', 'bearer 71727a48-b8da-4419-bf69-3a5c2e3cb619', '2020-08-18 19:11:50');
INSERT INTO `t_gateway_route_log` VALUES (655, '172.16.5.105', '/system/gatewayDynamicRoute/list', 'GET', '/gatewayDynamicRoute/list', 'bright-server-system', '0|0|0|内网IP|内网IP', 200, NULL, '{\"x-forwarded-host\":\"172.16.5.115:8100\",\"x-forwarded-proto\":\"http\",\"x-forwarded-port\":\"8100\",\"x-forwarded-for\":\"172.16.5.105\",\"cookie\":\"JSESSIONID=D4B54FD53A52E3397AABE395AE5D089B\",\"accept-language\":\"zh-CN,zh;q=0.9\",\"accept-encoding\":\"gzip, deflate\",\"referer\":\"http://172.16.5.115:8100/\",\"user-agent\":\"Mozilla/5.0 (Windows NT 10.0; Win64; x64) AppleWebKit/537.36 (KHTML, like Gecko) Chrome/84.0.4147.89 Safari/537.36\",\"authorization\":\"bearer 71727a48-b8da-4419-bf69-3a5c2e3cb619\",\"accept\":\"application/json, text/plain, */*\",\"connection\":\"close\",\"host\":\"localhost:8002\"}', 'Mozilla/5.0 (Windows NT 10.0; Win64; x64) AppleWebKit/537.36 (KHTML, like Gecko) Chrome/84.0.4147.89 Safari/537.36', 'bearer 71727a48-b8da-4419-bf69-3a5c2e3cb619', '2020-08-18 19:12:07');

-- ----------------------------
-- Table structure for t_generator_config
-- ----------------------------
DROP TABLE IF EXISTS `t_generator_config`;
CREATE TABLE `t_generator_config`  (
  `id` int(11) NOT NULL COMMENT '主键',
  `author` varchar(20) CHARACTER SET utf8 COLLATE utf8_general_ci NOT NULL COMMENT '作者',
  `base_package` varchar(50) CHARACTER SET utf8 COLLATE utf8_general_ci NOT NULL COMMENT '基础包名',
  `entity_package` varchar(20) CHARACTER SET utf8 COLLATE utf8_general_ci NOT NULL COMMENT 'entity文件存放路径',
  `mapper_package` varchar(20) CHARACTER SET utf8 COLLATE utf8_general_ci NOT NULL COMMENT 'mapper文件存放路径',
  `mapper_xml_package` varchar(20) CHARACTER SET utf8 COLLATE utf8_general_ci NOT NULL COMMENT 'mapper xml文件存放路径',
  `service_package` varchar(20) CHARACTER SET utf8 COLLATE utf8_general_ci NOT NULL COMMENT 'servcie文件存放路径',
  `service_impl_package` varchar(20) CHARACTER SET utf8 COLLATE utf8_general_ci NOT NULL COMMENT 'serviceImpl文件存放路径',
  `controller_package` varchar(20) CHARACTER SET utf8 COLLATE utf8_general_ci NOT NULL COMMENT 'controller文件存放路径',
  `is_trim` char(1) CHARACTER SET utf8 COLLATE utf8_general_ci NOT NULL COMMENT '是否去除前缀 1是 0否',
  `trim_value` varchar(10) CHARACTER SET utf8 COLLATE utf8_general_ci NULL DEFAULT NULL COMMENT '前缀内容',
  PRIMARY KEY (`id`) USING BTREE
) ENGINE = InnoDB CHARACTER SET = utf8 COLLATE = utf8_general_ci COMMENT = '代码生成配置表' ROW_FORMAT = Dynamic;

-- ----------------------------
-- Records of t_generator_config
-- ----------------------------
INSERT INTO `t_generator_config` VALUES (1, 'JacksonTu', 'com.tml.server.system', 'entity', 'mapper', 'mapper', 'service', 'service.impl', 'controller', '1', 't_');

-- ----------------------------
-- Table structure for t_schedule_job_log
-- ----------------------------
DROP TABLE IF EXISTS `t_schedule_job_log`;
CREATE TABLE `t_schedule_job_log`  (
  `log_id` bigint(20) NOT NULL AUTO_INCREMENT,
  `job_name` varchar(255) CHARACTER SET utf8 COLLATE utf8_general_ci NOT NULL COMMENT '任务名称',
  `job_group` varchar(255) CHARACTER SET utf8 COLLATE utf8_general_ci NOT NULL COMMENT '任务组名',
  `job_class` varchar(255) CHARACTER SET utf8 COLLATE utf8_general_ci NULL DEFAULT NULL COMMENT '任务执行类',
  `job_description` varchar(255) CHARACTER SET utf8 COLLATE utf8_general_ci NULL DEFAULT NULL COMMENT '任务描述',
  `trigger_class` varchar(255) CHARACTER SET utf8 COLLATE utf8_general_ci NULL DEFAULT NULL COMMENT '任务触发器',
  `cron_expression` varchar(255) CHARACTER SET utf8 COLLATE utf8_general_ci NULL DEFAULT NULL COMMENT '任务表达式',
  `run_time` bigint(20) NULL DEFAULT NULL COMMENT '运行时间',
  `run_start_time` datetime(0) NULL DEFAULT NULL COMMENT '运行开始时间',
  `run_end_time` datetime(0) NULL DEFAULT NULL COMMENT '运行结束时间',
  `create_time` datetime(0) NULL DEFAULT NULL COMMENT '日志创建时间',
  `job_data` varchar(255) CHARACTER SET utf8 COLLATE utf8_general_ci NULL DEFAULT NULL COMMENT '任务执行数据',
  `exception` text CHARACTER SET utf8 COLLATE utf8_general_ci NULL COMMENT '异常',
  `status` tinyint(3) NULL DEFAULT 0 COMMENT '状态：0-失败 1-成功',
  `start_date` datetime(0) NULL DEFAULT NULL COMMENT '开始时间',
  `end_date` datetime(0) NULL DEFAULT NULL COMMENT '结束时间',
  `repeat_interval` bigint(20) NULL DEFAULT NULL COMMENT '间隔时间',
  `repeat_count` int(8) NULL DEFAULT NULL COMMENT '重复次数',
  PRIMARY KEY (`log_id`) USING BTREE
) ENGINE = InnoDB AUTO_INCREMENT = 1 CHARACTER SET = utf8 COLLATE = utf8_general_ci COMMENT = '任务调度日志' ROW_FORMAT = DYNAMIC;

-- ----------------------------
-- Records of t_schedule_job_log
-- ----------------------------

-- ----------------------------
-- Table structure for t_sys_dept
-- ----------------------------
DROP TABLE IF EXISTS `t_sys_dept`;
CREATE TABLE `t_sys_dept`  (
  `DEPT_ID` bigint(20) NOT NULL AUTO_INCREMENT COMMENT '部门ID',
  `PARENT_ID` bigint(20) NOT NULL COMMENT '上级部门ID',
  `DEPT_NAME` varchar(100) CHARACTER SET utf8 COLLATE utf8_general_ci NOT NULL COMMENT '部门名称',
  `ORDER_NUM` double(20, 0) NULL DEFAULT NULL COMMENT '排序',
  `CREATE_TIME` datetime(0) NULL DEFAULT NULL COMMENT '创建时间',
  `MODIFY_TIME` datetime(0) NULL DEFAULT NULL COMMENT '修改时间',
  PRIMARY KEY (`DEPT_ID`) USING BTREE,
  INDEX `t_dept_parent_id`(`PARENT_ID`) USING BTREE,
  INDEX `t_dept_dept_name`(`DEPT_NAME`) USING BTREE
) ENGINE = InnoDB AUTO_INCREMENT = 7 CHARACTER SET = utf8 COLLATE = utf8_general_ci COMMENT = '部门表' ROW_FORMAT = Dynamic;

-- ----------------------------
-- Records of t_sys_dept
-- ----------------------------
INSERT INTO `t_sys_dept` VALUES (1, 0, '开发部', 1, '2018-01-04 15:42:26', '2019-01-05 21:08:27');
INSERT INTO `t_sys_dept` VALUES (2, 1, '开发一部', 1, '2018-01-04 15:42:34', '2019-01-18 00:59:37');
INSERT INTO `t_sys_dept` VALUES (3, 1, '开发二部', 2, '2018-01-04 15:42:29', '2019-01-05 14:09:39');
INSERT INTO `t_sys_dept` VALUES (4, 0, '市场部', 2, '2018-01-04 15:42:36', '2019-01-23 06:27:56');
INSERT INTO `t_sys_dept` VALUES (5, 0, '人事部', 3, '2018-01-04 15:42:32', '2019-01-23 06:27:59');
INSERT INTO `t_sys_dept` VALUES (6, 0, '测试部', 4, '2018-01-04 15:42:38', '2019-01-17 08:15:47');

-- ----------------------------
-- Table structure for t_sys_job
-- ----------------------------
DROP TABLE IF EXISTS `t_sys_job`;
CREATE TABLE `t_sys_job`  (
  `JOB_ID` bigint(20) NOT NULL AUTO_INCREMENT COMMENT '任务id',
  `BEAN_NAME` varchar(50) CHARACTER SET utf8 COLLATE utf8_general_ci NOT NULL COMMENT 'spring bean名称',
  `METHOD_NAME` varchar(50) CHARACTER SET utf8 COLLATE utf8_general_ci NOT NULL COMMENT '方法名',
  `PARAMS` varchar(50) CHARACTER SET utf8 COLLATE utf8_general_ci NULL DEFAULT NULL COMMENT '参数',
  `CRON_EXPRESSION` varchar(20) CHARACTER SET utf8 COLLATE utf8_general_ci NOT NULL COMMENT 'cron表达式',
  `STATUS` char(2) CHARACTER SET utf8 COLLATE utf8_general_ci NOT NULL COMMENT '任务状态  0：正常  1：暂停',
  `REMARK` varchar(50) CHARACTER SET utf8 COLLATE utf8_general_ci NULL DEFAULT NULL COMMENT '备注',
  `CREATE_TIME` datetime(0) NULL DEFAULT NULL COMMENT '创建时间',
  PRIMARY KEY (`JOB_ID`) USING BTREE,
  INDEX `t_job_create_time`(`CREATE_TIME`) USING BTREE
) ENGINE = InnoDB AUTO_INCREMENT = 1 CHARACTER SET = utf8 COLLATE = utf8_general_ci COMMENT = '定时任务表' ROW_FORMAT = Dynamic;

-- ----------------------------
-- Records of t_sys_job
-- ----------------------------

-- ----------------------------
-- Table structure for t_sys_job_log
-- ----------------------------
DROP TABLE IF EXISTS `t_sys_job_log`;
CREATE TABLE `t_sys_job_log`  (
  `LOG_ID` bigint(20) NOT NULL AUTO_INCREMENT COMMENT '任务日志id',
  `JOB_ID` bigint(20) NOT NULL COMMENT '任务id',
  `BEAN_NAME` varchar(100) CHARACTER SET utf8 COLLATE utf8_general_ci NOT NULL COMMENT 'spring bean名称',
  `METHOD_NAME` varchar(100) CHARACTER SET utf8 COLLATE utf8_general_ci NOT NULL COMMENT '方法名',
  `PARAMS` varchar(200) CHARACTER SET utf8 COLLATE utf8_general_ci NULL DEFAULT NULL COMMENT '参数',
  `STATUS` char(2) CHARACTER SET utf8 COLLATE utf8_general_ci NOT NULL COMMENT '任务状态    0：成功    1：失败',
  `ERROR` text CHARACTER SET utf8 COLLATE utf8_general_ci NULL COMMENT '失败信息',
  `TIMES` decimal(11, 0) NULL DEFAULT NULL COMMENT '耗时(单位：毫秒)',
  `CREATE_TIME` datetime(0) NULL DEFAULT NULL COMMENT '创建时间',
  PRIMARY KEY (`LOG_ID`) USING BTREE,
  INDEX `t_job_log_create_time`(`CREATE_TIME`) USING BTREE
) ENGINE = InnoDB AUTO_INCREMENT = 1 CHARACTER SET = utf8 COLLATE = utf8_general_ci COMMENT = '调度日志表' ROW_FORMAT = Dynamic;

-- ----------------------------
-- Records of t_sys_job_log
-- ----------------------------

-- ----------------------------
-- Table structure for t_sys_log
-- ----------------------------
DROP TABLE IF EXISTS `t_sys_log`;
CREATE TABLE `t_sys_log`  (
  `ID` bigint(20) NOT NULL AUTO_INCREMENT COMMENT '日志ID',
  `USERNAME` varchar(50) CHARACTER SET utf8 COLLATE utf8_general_ci NULL DEFAULT NULL COMMENT '操作用户',
  `OPERATION` text CHARACTER SET utf8 COLLATE utf8_general_ci NULL COMMENT '操作内容',
  `TIME` decimal(11, 0) NULL DEFAULT NULL COMMENT '耗时',
  `METHOD` text CHARACTER SET utf8 COLLATE utf8_general_ci NULL COMMENT '操作方法',
  `PARAMS` text CHARACTER SET utf8 COLLATE utf8_general_ci NULL COMMENT '方法参数',
  `IP` varchar(64) CHARACTER SET utf8 COLLATE utf8_general_ci NULL DEFAULT NULL COMMENT '操作者IP',
  `CREATE_TIME` datetime(0) NULL DEFAULT NULL COMMENT '创建时间',
  `location` varchar(50) CHARACTER SET utf8 COLLATE utf8_general_ci NULL DEFAULT NULL COMMENT '操作地点',
  PRIMARY KEY (`ID`) USING BTREE,
  INDEX `t_log_create_time`(`CREATE_TIME`) USING BTREE
) ENGINE = InnoDB AUTO_INCREMENT = 73 CHARACTER SET = utf8 COLLATE = utf8_general_ci COMMENT = '用户操作日志表' ROW_FORMAT = Dynamic;

-- ----------------------------
-- Records of t_sys_log
-- ----------------------------
INSERT INTO `t_sys_log` VALUES (1, 'admin', '新增菜单/按钮', 24, 'com.tml.server.system.controller.SysMenuController.addMenu()', ' menu: \"SysMenu(menuId=195, parentId=0, menuName=网关管理, path=, component=, perms=, icon=el-icon-odometer, type=0, orderNum=8, createTime=Mon Aug 17 10:38:12 CST 2020, modifyTime=null, createTimeFrom=null, createTimeTo=null)\"', '172.16.5.105,127.0.0.1', '2020-08-17 10:38:13', '0|0|0|内网IP|内网IP');
INSERT INTO `t_sys_log` VALUES (2, 'admin', '修改菜单/按钮', 14, 'com.tml.server.system.controller.SysMenuController.updateMenu()', ' menu: \"SysMenu(menuId=195, parentId=0, menuName=网关管理, path=/system, component=Layout, perms=, icon=el-icon-odometer, type=0, orderNum=8, createTime=null, modifyTime=Mon Aug 17 10:39:09 CST 2020, createTimeFrom=null, createTimeTo=null)\"', '172.16.5.105,127.0.0.1', '2020-08-17 10:39:10', '0|0|0|内网IP|内网IP');
INSERT INTO `t_sys_log` VALUES (3, 'admin', '修改菜单/按钮', 9, 'com.tml.server.system.controller.SysMenuController.updateMenu()', ' menu: \"SysMenu(menuId=195, parentId=0, menuName=网关管理2, path=/system, component=Layout, perms=, icon=el-icon-odometer, type=0, orderNum=8, createTime=null, modifyTime=Mon Aug 17 10:39:48 CST 2020, createTimeFrom=null, createTimeTo=null)\"', '172.16.5.105,127.0.0.1', '2020-08-17 10:39:48', '0|0|0|内网IP|内网IP');
INSERT INTO `t_sys_log` VALUES (4, 'admin', '新增菜单/按钮', 7, 'com.tml.server.system.controller.SysMenuController.addMenu()', ' menu: \"SysMenu(menuId=196, parentId=195, menuName=动态路由, path=/gatewayDynamicRoute, component=bright/route/dynaicroute/dynamicRouteList, perms=, icon=, type=0, orderNum=1, createTime=Mon Aug 17 10:44:18 CST 2020, modifyTime=null, createTimeFrom=null, createTimeTo=null)\"', '172.16.5.105,127.0.0.1', '2020-08-17 10:44:18', '0|0|0|内网IP|内网IP');
INSERT INTO `t_sys_log` VALUES (5, 'admin', '修改角色', 59, 'com.tml.server.system.controller.SysRoleController.updateRole()', ' role: \"SysRole(roleId=1, roleName=null, remark=管理员, createTime=null, modifyTime=Mon Aug 17 10:45:24 CST 2020, menuIds=1,3,11,12,13,130,135,4,14,15,16,131,5,17,18,19,132,6,20,21,22,133,163,164,165,166,167,2,180,10,24,136,150,151,152,173,174,175,176,177,178,179,156,157,159,158,160,183,184,186,187,188,189,190,191,192,185,193,194,154,155,181,182,168,169,170,171,172,195)\"', '172.16.5.105,127.0.0.1', '2020-08-17 10:45:25', '0|0|0|内网IP|内网IP');
INSERT INTO `t_sys_log` VALUES (6, 'admin', '修改菜单/按钮', 6, 'com.tml.server.system.controller.SysMenuController.updateMenu()', ' menu: \"SysMenu(menuId=195, parentId=0, menuName=网关管理2, path=/gateway, component=Layout, perms=, icon=el-icon-odometer, type=0, orderNum=8, createTime=null, modifyTime=Mon Aug 17 10:46:32 CST 2020, createTimeFrom=null, createTimeTo=null)\"', '172.16.5.105,127.0.0.1', '2020-08-17 10:46:32', '0|0|0|内网IP|内网IP');
INSERT INTO `t_sys_log` VALUES (7, 'admin', '修改菜单/按钮', 6, 'com.tml.server.system.controller.SysMenuController.updateMenu()', ' menu: \"SysMenu(menuId=196, parentId=195, menuName=动态路由, path=/gateway/dynamicRoute, component=bright/route/dynaicroute/dynamicRouteList, perms=, icon=, type=0, orderNum=1, createTime=null, modifyTime=Mon Aug 17 10:47:22 CST 2020, createTimeFrom=null, createTimeTo=null)\"', '172.16.5.105,127.0.0.1', '2020-08-17 10:47:22', '0|0|0|内网IP|内网IP');
INSERT INTO `t_sys_log` VALUES (8, 'admin', '修改角色', 31, 'com.tml.server.system.controller.SysRoleController.updateRole()', ' role: \"SysRole(roleId=1, roleName=null, remark=管理员, createTime=null, modifyTime=Mon Aug 17 10:48:05 CST 2020, menuIds=1,3,11,12,13,130,135,4,14,15,16,131,5,17,18,19,132,6,20,21,22,133,163,164,165,166,167,2,180,10,24,136,150,151,152,173,174,175,176,177,178,179,156,157,159,158,160,183,184,186,187,188,189,190,191,192,185,193,194,154,155,181,182,168,169,170,171,172,195,196)\"', '172.16.5.105,127.0.0.1', '2020-08-17 10:48:06', '0|0|0|内网IP|内网IP');
INSERT INTO `t_sys_log` VALUES (9, 'admin', '修改菜单/按钮', 6, 'com.tml.server.system.controller.SysMenuController.updateMenu()', ' menu: \"SysMenu(menuId=196, parentId=195, menuName=动态路由, path=/gateway/dynamicRoute, component=bright/route/dynamicroute/dynamicRouteList, perms=, icon=, type=0, orderNum=1, createTime=null, modifyTime=Mon Aug 17 10:49:35 CST 2020, createTimeFrom=null, createTimeTo=null)\"', '172.16.5.105,127.0.0.1', '2020-08-17 10:49:36', '0|0|0|内网IP|内网IP');
INSERT INTO `t_sys_log` VALUES (10, 'admin', '修改菜单/按钮', 10, 'com.tml.server.system.controller.SysMenuController.updateMenu()', ' menu: \"SysMenu(menuId=196, parentId=195, menuName=动态路由, path=/gateway/dynamicRoute, component=bright/route/dynamicroute/dynamicRouteList, perms=, icon=, type=0, orderNum=1, createTime=null, modifyTime=Mon Aug 17 10:49:35 CST 2020, createTimeFrom=null, createTimeTo=null)\"', '172.16.5.105,127.0.0.1', '2020-08-17 10:49:36', '0|0|0|内网IP|内网IP');
INSERT INTO `t_sys_log` VALUES (11, 'admin', '修改菜单/按钮', 6, 'com.tml.server.system.controller.SysMenuController.updateMenu()', ' menu: \"SysMenu(menuId=196, parentId=195, menuName=动态路由, path=/gateway/dynamicRoute, component=febs/route/dynamicroute/Index, perms=, icon=, type=0, orderNum=1, createTime=null, modifyTime=Mon Aug 17 10:59:04 CST 2020, createTimeFrom=null, createTimeTo=null)\"', '172.16.5.105,127.0.0.1', '2020-08-17 10:59:04', '0|0|0|内网IP|内网IP');
INSERT INTO `t_sys_log` VALUES (12, 'admin', '新增菜单/按钮', 6, 'com.tml.server.system.controller.SysMenuController.addMenu()', ' menu: \"SysMenu(menuId=197, parentId=195, menuName=网关日志, path=/gateway/log, component=febs/route/routelog/Index, perms=, icon=, type=0, orderNum=2, createTime=Mon Aug 17 11:00:19 CST 2020, modifyTime=null, createTimeFrom=null, createTimeTo=null)\"', '172.16.5.105,127.0.0.1', '2020-08-17 11:00:19', '0|0|0|内网IP|内网IP');
INSERT INTO `t_sys_log` VALUES (13, 'admin', '新增菜单/按钮', 8, 'com.tml.server.system.controller.SysMenuController.addMenu()', ' menu: \"SysMenu(menuId=198, parentId=195, menuName=限流规则, path=/gateway/ratelimitrule, component=, perms=, icon=, type=0, orderNum=3, createTime=Mon Aug 17 11:01:19 CST 2020, modifyTime=null, createTimeFrom=null, createTimeTo=null)\"', '172.16.5.105,127.0.0.1', '2020-08-17 11:01:20', '0|0|0|内网IP|内网IP');
INSERT INTO `t_sys_log` VALUES (14, 'admin', '新增菜单/按钮', 6, 'com.tml.server.system.controller.SysMenuController.addMenu()', ' menu: \"SysMenu(menuId=199, parentId=195, menuName=限流日志, path=/gateway/ratelimitlog, component=, perms=, icon=, type=0, orderNum=4, createTime=Mon Aug 17 11:02:02 CST 2020, modifyTime=null, createTimeFrom=null, createTimeTo=null)\"', '172.16.5.105,127.0.0.1', '2020-08-17 11:02:02', '0|0|0|内网IP|内网IP');
INSERT INTO `t_sys_log` VALUES (15, 'admin', '新增菜单/按钮', 7, 'com.tml.server.system.controller.SysMenuController.addMenu()', ' menu: \"SysMenu(menuId=200, parentId=195, menuName=黑名单管理, path=/gateway/blocklist, component=, perms=, icon=, type=0, orderNum=5, createTime=Mon Aug 17 11:03:32 CST 2020, modifyTime=null, createTimeFrom=null, createTimeTo=null)\"', '172.16.5.105,127.0.0.1', '2020-08-17 11:03:32', '0|0|0|内网IP|内网IP');
INSERT INTO `t_sys_log` VALUES (16, 'admin', '新增菜单/按钮', 9, 'com.tml.server.system.controller.SysMenuController.addMenu()', ' menu: \"SysMenu(menuId=201, parentId=195, menuName=黑名单日志, path=/route/blocklistlog, component=, perms=, icon=, type=0, orderNum=6, createTime=Mon Aug 17 11:04:02 CST 2020, modifyTime=null, createTimeFrom=null, createTimeTo=null)\"', '172.16.5.105,127.0.0.1', '2020-08-17 11:04:03', '0|0|0|内网IP|内网IP');
INSERT INTO `t_sys_log` VALUES (17, 'admin', '修改角色', 31, 'com.tml.server.system.controller.SysRoleController.updateRole()', ' role: \"SysRole(roleId=1, roleName=null, remark=管理员, createTime=null, modifyTime=Mon Aug 17 11:04:23 CST 2020, menuIds=1,3,11,12,13,130,135,4,14,15,16,131,5,17,18,19,132,6,20,21,22,133,163,164,165,166,167,2,180,10,24,136,150,151,152,173,174,175,176,177,178,179,156,157,159,158,160,183,184,186,187,188,189,190,191,192,185,193,194,154,155,181,182,168,169,170,171,172,195,196,197,198,199,200,201)\"', '172.16.5.105,127.0.0.1', '2020-08-17 11:04:23', '0|0|0|内网IP|内网IP');
INSERT INTO `t_sys_log` VALUES (18, 'admin', '修改角色', 49, 'com.tml.server.system.controller.SysRoleController.updateRole()', ' role: \"SysRole(roleId=1, roleName=null, remark=管理员, createTime=null, modifyTime=Mon Aug 17 11:05:24 CST 2020, menuIds=1,3,11,12,13,130,135,4,14,15,16,131,5,17,18,19,132,6,20,21,22,133,163,164,165,166,167,2,180,10,24,136,150,151,152,173,174,175,176,177,178,179,156,157,159,158,160,183,184,186,187,188,189,190,191,192,185,193,194,154,155,181,182,168,169,170,171,172,195,196,197,198,199,200,201)\"', '172.16.5.105,127.0.0.1', '2020-08-17 11:05:25', '0|0|0|内网IP|内网IP');
INSERT INTO `t_sys_log` VALUES (19, 'admin', '修改菜单/按钮', 15, 'com.tml.server.system.controller.SysMenuController.updateMenu()', ' menu: \"SysMenu(menuId=198, parentId=195, menuName=限流规则, path=/gateway/ratelimitrule, component=, perms=, icon=, type=0, orderNum=3, createTime=null, modifyTime=Mon Aug 17 11:05:54 CST 2020, createTimeFrom=null, createTimeTo=null)\"', '172.16.5.105,127.0.0.1', '2020-08-17 11:05:55', '0|0|0|内网IP|内网IP');
INSERT INTO `t_sys_log` VALUES (20, 'admin', '修改菜单/按钮', 7, 'com.tml.server.system.controller.SysMenuController.updateMenu()', ' menu: \"SysMenu(menuId=198, parentId=195, menuName=限流规则, path=/gateway/ratelimitrule, component=, perms=, icon=, type=0, orderNum=3, createTime=null, modifyTime=Mon Aug 17 11:06:06 CST 2020, createTimeFrom=null, createTimeTo=null)\"', '172.16.5.105,127.0.0.1', '2020-08-17 11:06:06', '0|0|0|内网IP|内网IP');
INSERT INTO `t_sys_log` VALUES (21, 'admin', '修改菜单/按钮', 21, 'com.tml.server.system.controller.SysMenuController.updateMenu()', ' menu: \"SysMenu(menuId=199, parentId=195, menuName=限流日志, path=/gateway/ratelimitlog, component=, perms=, icon=, type=0, orderNum=4, createTime=null, modifyTime=Mon Aug 17 11:06:16 CST 2020, createTimeFrom=null, createTimeTo=null)\"', '172.16.5.105,127.0.0.1', '2020-08-17 11:06:16', '0|0|0|内网IP|内网IP');
INSERT INTO `t_sys_log` VALUES (22, 'admin', '修改菜单/按钮', 9, 'com.tml.server.system.controller.SysMenuController.updateMenu()', ' menu: \"SysMenu(menuId=200, parentId=195, menuName=黑名单管理, path=/gateway/blocklist, component=, perms=, icon=, type=0, orderNum=5, createTime=null, modifyTime=Mon Aug 17 11:06:25 CST 2020, createTimeFrom=null, createTimeTo=null)\"', '172.16.5.105,127.0.0.1', '2020-08-17 11:06:25', '0|0|0|内网IP|内网IP');
INSERT INTO `t_sys_log` VALUES (23, 'admin', '修改菜单/按钮', 12, 'com.tml.server.system.controller.SysMenuController.updateMenu()', ' menu: \"SysMenu(menuId=201, parentId=195, menuName=黑名单日志, path=/gateway/blocklistlog, component=, perms=, icon=, type=0, orderNum=6, createTime=null, modifyTime=Mon Aug 17 11:06:33 CST 2020, createTimeFrom=null, createTimeTo=null)\"', '172.16.5.105,127.0.0.1', '2020-08-17 11:06:34', '0|0|0|内网IP|内网IP');
INSERT INTO `t_sys_log` VALUES (24, 'admin', '修改菜单/按钮', 10, 'com.tml.server.system.controller.SysMenuController.updateMenu()', ' menu: \"SysMenu(menuId=196, parentId=195, menuName=动态路由, path=/gateway/dynamicRoute, component=febs/gateway/dynamicRoute/Index, perms=, icon=, type=0, orderNum=1, createTime=null, modifyTime=Mon Aug 17 11:15:20 CST 2020, createTimeFrom=null, createTimeTo=null)\"', '172.16.5.105,127.0.0.1', '2020-08-17 11:15:20', '0|0|0|内网IP|内网IP');
INSERT INTO `t_sys_log` VALUES (25, 'admin', '修改菜单/按钮', 6, 'com.tml.server.system.controller.SysMenuController.updateMenu()', ' menu: \"SysMenu(menuId=197, parentId=195, menuName=网关日志, path=/gateway/routeLog, component=febs/gateway/routeLog/Index, perms=, icon=, type=0, orderNum=2, createTime=null, modifyTime=Mon Aug 17 11:18:42 CST 2020, createTimeFrom=null, createTimeTo=null)\"', '172.16.5.105,127.0.0.1', '2020-08-17 11:18:42', '0|0|0|内网IP|内网IP');
INSERT INTO `t_sys_log` VALUES (26, 'admin', '修改菜单/按钮', 7, 'com.tml.server.system.controller.SysMenuController.updateMenu()', ' menu: \"SysMenu(menuId=197, parentId=195, menuName=网关日志, path=/gateway/routeLog, component=febs/gateway/routeLog/Index, perms=, icon=, type=0, orderNum=2, createTime=null, modifyTime=Mon Aug 17 11:18:42 CST 2020, createTimeFrom=null, createTimeTo=null)\"', '172.16.5.105,127.0.0.1', '2020-08-17 11:18:42', '0|0|0|内网IP|内网IP');
INSERT INTO `t_sys_log` VALUES (27, 'admin', '修改菜单/按钮', 9, 'com.tml.server.system.controller.SysMenuController.updateMenu()', ' menu: \"SysMenu(menuId=198, parentId=195, menuName=限流规则, path=/gateway/ratelimitrule, component=febs/gateway/ratelimitrule, perms=, icon=, type=0, orderNum=3, createTime=null, modifyTime=Mon Aug 17 11:19:08 CST 2020, createTimeFrom=null, createTimeTo=null)\"', '172.16.5.105,127.0.0.1', '2020-08-17 11:19:08', '0|0|0|内网IP|内网IP');
INSERT INTO `t_sys_log` VALUES (28, 'admin', '修改菜单/按钮', 9, 'com.tml.server.system.controller.SysMenuController.updateMenu()', ' menu: \"SysMenu(menuId=199, parentId=195, menuName=限流日志, path=/gateway/ratelimitlog, component=/gateway/ratelimitlog/Index, perms=, icon=, type=0, orderNum=4, createTime=null, modifyTime=Mon Aug 17 11:19:35 CST 2020, createTimeFrom=null, createTimeTo=null)\"', '172.16.5.105,127.0.0.1', '2020-08-17 11:19:36', '0|0|0|内网IP|内网IP');
INSERT INTO `t_sys_log` VALUES (29, 'admin', '修改菜单/按钮', 6, 'com.tml.server.system.controller.SysMenuController.updateMenu()', ' menu: \"SysMenu(menuId=200, parentId=195, menuName=黑名单管理, path=/gateway/blocklist, component=/gateway/blocklist/Index, perms=, icon=, type=0, orderNum=5, createTime=null, modifyTime=Mon Aug 17 11:19:51 CST 2020, createTimeFrom=null, createTimeTo=null)\"', '172.16.5.105,127.0.0.1', '2020-08-17 11:19:52', '0|0|0|内网IP|内网IP');
INSERT INTO `t_sys_log` VALUES (30, 'admin', '修改菜单/按钮', 7, 'com.tml.server.system.controller.SysMenuController.updateMenu()', ' menu: \"SysMenu(menuId=201, parentId=195, menuName=黑名单日志, path=/gateway/blocklistlog, component=febs/gateway/blocklistlog/index, perms=, icon=, type=0, orderNum=6, createTime=null, modifyTime=Mon Aug 17 11:20:36 CST 2020, createTimeFrom=null, createTimeTo=null)\"', '172.16.5.105,127.0.0.1', '2020-08-17 11:20:37', '0|0|0|内网IP|内网IP');
INSERT INTO `t_sys_log` VALUES (31, 'admin', '修改菜单/按钮', 16, 'com.tml.server.system.controller.SysMenuController.updateMenu()', ' menu: \"SysMenu(menuId=201, parentId=195, menuName=黑名单日志, path=/gateway/blocklistlog, component=febs/gateway/blocklistlog/Index, perms=, icon=, type=0, orderNum=6, createTime=null, modifyTime=Mon Aug 17 11:20:48 CST 2020, createTimeFrom=null, createTimeTo=null)\"', '172.16.5.105,127.0.0.1', '2020-08-17 11:20:48', '0|0|0|内网IP|内网IP');
INSERT INTO `t_sys_log` VALUES (32, 'admin', '修改菜单/按钮', 10, 'com.tml.server.system.controller.SysMenuController.updateMenu()', ' menu: \"SysMenu(menuId=198, parentId=195, menuName=限流规则, path=/gateway/ratelimitrule, component=febs/gateway/ratelimitrule/Index, perms=, icon=, type=0, orderNum=3, createTime=null, modifyTime=Mon Aug 17 11:21:08 CST 2020, createTimeFrom=null, createTimeTo=null)\"', '172.16.5.105,127.0.0.1', '2020-08-17 11:21:09', '0|0|0|内网IP|内网IP');
INSERT INTO `t_sys_log` VALUES (33, 'admin', '修改菜单/按钮', 7, 'com.tml.server.system.controller.SysMenuController.updateMenu()', ' menu: \"SysMenu(menuId=197, parentId=195, menuName=网关日志, path=/gateway/routelog, component=febs/gateway/routelog/Index, perms=, icon=, type=0, orderNum=2, createTime=null, modifyTime=Mon Aug 17 11:21:20 CST 2020, createTimeFrom=null, createTimeTo=null)\"', '172.16.5.105,127.0.0.1', '2020-08-17 11:21:20', '0|0|0|内网IP|内网IP');
INSERT INTO `t_sys_log` VALUES (34, 'admin', '修改菜单/按钮', 10, 'com.tml.server.system.controller.SysMenuController.updateMenu()', ' menu: \"SysMenu(menuId=196, parentId=195, menuName=动态路由, path=/gateway/dynamicroute, component=febs/gateway/dynamicroute/Index, perms=, icon=, type=0, orderNum=1, createTime=null, modifyTime=Mon Aug 17 11:21:33 CST 2020, createTimeFrom=null, createTimeTo=null)\"', '172.16.5.105,127.0.0.1', '2020-08-17 11:21:34', '0|0|0|内网IP|内网IP');
INSERT INTO `t_sys_log` VALUES (35, 'admin', '修改菜单/按钮', 11, 'com.tml.server.system.controller.SysMenuController.updateMenu()', ' menu: \"SysMenu(menuId=199, parentId=195, menuName=限流日志, path=/gateway/ratelimitlog, component=febs/gateway/ratelimitlog/Index, perms=, icon=, type=0, orderNum=4, createTime=null, modifyTime=Mon Aug 17 11:21:58 CST 2020, createTimeFrom=null, createTimeTo=null)\"', '172.16.5.105,127.0.0.1', '2020-08-17 11:21:58', '0|0|0|内网IP|内网IP');
INSERT INTO `t_sys_log` VALUES (36, 'admin', '修改菜单/按钮', 11, 'com.tml.server.system.controller.SysMenuController.updateMenu()', ' menu: \"SysMenu(menuId=200, parentId=195, menuName=黑名单管理, path=/gateway/blocklist, component=febs/gateway/blocklist/Index, perms=, icon=, type=0, orderNum=5, createTime=null, modifyTime=Mon Aug 17 11:22:07 CST 2020, createTimeFrom=null, createTimeTo=null)\"', '172.16.5.105,127.0.0.1', '2020-08-17 11:22:08', '0|0|0|内网IP|内网IP');
INSERT INTO `t_sys_log` VALUES (37, 'admin', '修改角色', 31, 'com.tml.server.system.controller.SysRoleController.updateRole()', ' role: \"SysRole(roleId=1, roleName=null, remark=管理员, createTime=null, modifyTime=Mon Aug 17 11:22:42 CST 2020, menuIds=1,3,11,12,13,130,135,4,14,15,16,131,5,17,18,19,132,6,20,21,22,133,163,164,165,166,167,2,180,10,24,136,150,151,152,173,174,175,176,177,178,179,156,157,159,158,160,183,184,186,187,188,189,190,191,192,185,193,194,154,155,181,182,168,169,170,171,172,195,196,197,198)\"', '172.16.5.105,127.0.0.1', '2020-08-17 11:22:42', '0|0|0|内网IP|内网IP');
INSERT INTO `t_sys_log` VALUES (38, 'admin', '修改角色', 43, 'com.tml.server.system.controller.SysRoleController.updateRole()', ' role: \"SysRole(roleId=1, roleName=null, remark=管理员, createTime=null, modifyTime=Mon Aug 17 11:23:20 CST 2020, menuIds=1,3,11,12,13,130,135,4,14,15,16,131,5,17,18,19,132,6,20,21,22,133,163,164,165,166,167,2,180,10,24,136,150,151,152,173,174,175,176,177,178,179,156,157,159,158,160,183,184,186,187,188,189,190,191,192,185,193,194,154,155,181,182,168,169,170,171,172,195,196,197,198,199)\"', '172.16.5.105,127.0.0.1', '2020-08-17 11:23:20', '0|0|0|内网IP|内网IP');
INSERT INTO `t_sys_log` VALUES (39, 'admin', '修改角色', 25, 'com.tml.server.system.controller.SysRoleController.updateRole()', ' role: \"SysRole(roleId=1, roleName=null, remark=管理员, createTime=null, modifyTime=Mon Aug 17 11:23:24 CST 2020, menuIds=1,3,11,12,13,130,135,4,14,15,16,131,5,17,18,19,132,6,20,21,22,133,163,164,165,166,167,2,180,10,24,136,150,151,152,173,174,175,176,177,178,179,156,157,159,158,160,183,184,186,187,188,189,190,191,192,185,193,194,154,155,181,182,168,169,170,171,172,195,196,197,198,199,200)\"', '172.16.5.105,127.0.0.1', '2020-08-17 11:23:25', '0|0|0|内网IP|内网IP');
INSERT INTO `t_sys_log` VALUES (40, 'admin', '修改角色', 35, 'com.tml.server.system.controller.SysRoleController.updateRole()', ' role: \"SysRole(roleId=1, roleName=null, remark=管理员, createTime=null, modifyTime=Mon Aug 17 11:23:30 CST 2020, menuIds=1,3,11,12,13,130,135,4,14,15,16,131,5,17,18,19,132,6,20,21,22,133,163,164,165,166,167,2,180,10,24,136,150,151,152,173,174,175,176,177,178,179,156,157,159,158,160,183,184,186,187,188,189,190,191,192,185,193,194,154,155,181,182,168,169,170,171,172,195,196,197,198,199,200,201)\"', '172.16.5.105,127.0.0.1', '2020-08-17 11:23:30', '0|0|0|内网IP|内网IP');
INSERT INTO `t_sys_log` VALUES (41, 'admin', '修改菜单/按钮', 11, 'com.tml.server.system.controller.SysMenuController.updateMenu()', ' menu: \"SysMenu(menuId=196, parentId=195, menuName=动态路由, path=/gateway/dynamicroute, component=febs/gateway/dynamicroute/Index, perms=gatewayDynamicRoute:list, icon=, type=0, orderNum=1, createTime=null, modifyTime=Mon Aug 17 15:35:30 CST 2020, createTimeFrom=null, createTimeTo=null)\"', '172.16.5.105,127.0.0.1', '2020-08-17 15:35:30', '0|0|0|内网IP|内网IP');
INSERT INTO `t_sys_log` VALUES (42, 'admin', '新增菜单/按钮', 6, 'com.tml.server.system.controller.SysMenuController.addMenu()', ' menu: \"SysMenu(menuId=202, parentId=196, menuName=新增, path=null, component=null, perms=gatewayDynamicRoute:add, icon=null, type=1, orderNum=null, createTime=Mon Aug 17 15:36:17 CST 2020, modifyTime=null, createTimeFrom=null, createTimeTo=null)\"', '172.16.5.105,127.0.0.1', '2020-08-17 15:36:18', '0|0|0|内网IP|内网IP');
INSERT INTO `t_sys_log` VALUES (43, 'admin', '新增菜单/按钮', 9, 'com.tml.server.system.controller.SysMenuController.addMenu()', ' menu: \"SysMenu(menuId=203, parentId=196, menuName=修改, path=null, component=null, perms=gatewayDynamicRoute:update, icon=null, type=1, orderNum=null, createTime=Mon Aug 17 15:36:48 CST 2020, modifyTime=null, createTimeFrom=null, createTimeTo=null)\"', '172.16.5.105,127.0.0.1', '2020-08-17 15:36:49', '0|0|0|内网IP|内网IP');
INSERT INTO `t_sys_log` VALUES (44, 'admin', '新增菜单/按钮', 9, 'com.tml.server.system.controller.SysMenuController.addMenu()', ' menu: \"SysMenu(menuId=204, parentId=196, menuName=删除, path=null, component=null, perms=gatewayDynamicRoute:delete, icon=null, type=1, orderNum=null, createTime=Mon Aug 17 15:37:05 CST 2020, modifyTime=null, createTimeFrom=null, createTimeTo=null)\"', '172.16.5.105,127.0.0.1', '2020-08-17 15:37:06', '0|0|0|内网IP|内网IP');
INSERT INTO `t_sys_log` VALUES (45, 'admin', '修改角色', 36, 'com.tml.server.system.controller.SysRoleController.updateRole()', ' role: \"SysRole(roleId=1, roleName=null, remark=管理员, createTime=null, modifyTime=Mon Aug 17 15:37:17 CST 2020, menuIds=1,3,11,12,13,130,135,4,14,15,16,131,5,17,18,19,132,6,20,21,22,133,163,164,165,166,167,2,180,10,24,136,150,151,152,173,174,175,176,177,178,179,156,157,159,158,160,183,184,186,187,188,189,190,191,192,185,193,194,154,155,181,182,168,169,170,171,172,195,196,202,197,198,199,200,201)\"', '172.16.5.105,127.0.0.1', '2020-08-17 15:37:18', '0|0|0|内网IP|内网IP');
INSERT INTO `t_sys_log` VALUES (46, 'admin', '修改角色', 59, 'com.tml.server.system.controller.SysRoleController.updateRole()', ' role: \"SysRole(roleId=1, roleName=null, remark=管理员, createTime=null, modifyTime=Mon Aug 17 15:37:21 CST 2020, menuIds=1,3,11,12,13,130,135,4,14,15,16,131,5,17,18,19,132,6,20,21,22,133,163,164,165,166,167,2,180,10,24,136,150,151,152,173,174,175,176,177,178,179,156,157,159,158,160,183,184,186,187,188,189,190,191,192,185,193,194,154,155,181,182,168,169,170,171,172,195,196,202,203,197,198,199,200,201)\"', '172.16.5.105,127.0.0.1', '2020-08-17 15:37:22', '0|0|0|内网IP|内网IP');
INSERT INTO `t_sys_log` VALUES (47, 'admin', '修改角色', 33, 'com.tml.server.system.controller.SysRoleController.updateRole()', ' role: \"SysRole(roleId=1, roleName=null, remark=管理员, createTime=null, modifyTime=Mon Aug 17 15:37:25 CST 2020, menuIds=1,3,11,12,13,130,135,4,14,15,16,131,5,17,18,19,132,6,20,21,22,133,163,164,165,166,167,2,180,10,24,136,150,151,152,173,174,175,176,177,178,179,156,157,159,158,160,183,184,186,187,188,189,190,191,192,185,193,194,154,155,181,182,168,169,170,171,172,195,196,202,203,204,197,198,199,200,201)\"', '172.16.5.105,127.0.0.1', '2020-08-17 15:37:25', '0|0|0|内网IP|内网IP');
INSERT INTO `t_sys_log` VALUES (48, 'admin', '修改菜单/按钮', 25, 'com.tml.server.system.controller.SysMenuController.updateMenu()', ' menu: \"SysMenu(menuId=197, parentId=195, menuName=网关日志, path=/gateway/routelog, component=febs/gateway/routelog/Index, perms=gatewayRouteLog:list, icon=, type=0, orderNum=2, createTime=null, modifyTime=Tue Aug 18 10:15:36 CST 2020, createTimeFrom=null, createTimeTo=null)\"', '172.16.5.105,127.0.0.1', '2020-08-18 10:15:37', '0|0|0|内网IP|内网IP');
INSERT INTO `t_sys_log` VALUES (49, 'admin', '新增菜单/按钮', 12, 'com.tml.server.system.controller.SysMenuController.addMenu()', ' menu: \"SysMenu(menuId=205, parentId=197, menuName=删除, path=null, component=null, perms=gatewayRouteLog:delete, icon=null, type=1, orderNum=null, createTime=Tue Aug 18 10:16:13 CST 2020, modifyTime=null, createTimeFrom=null, createTimeTo=null)\"', '172.16.5.105,127.0.0.1', '2020-08-18 10:16:13', '0|0|0|内网IP|内网IP');
INSERT INTO `t_sys_log` VALUES (50, 'admin', '修改菜单/按钮', 8, 'com.tml.server.system.controller.SysMenuController.updateMenu()', ' menu: \"SysMenu(menuId=198, parentId=195, menuName=限流规则, path=/gateway/ratelimitrule, component=febs/gateway/ratelimitrule/Index, perms=gatewayRateLimitRule:list, icon=, type=0, orderNum=3, createTime=null, modifyTime=Tue Aug 18 10:17:37 CST 2020, createTimeFrom=null, createTimeTo=null)\"', '172.16.5.105,127.0.0.1', '2020-08-18 10:17:38', '0|0|0|内网IP|内网IP');
INSERT INTO `t_sys_log` VALUES (51, 'admin', '新增菜单/按钮', 7, 'com.tml.server.system.controller.SysMenuController.addMenu()', ' menu: \"SysMenu(menuId=206, parentId=198, menuName=添加, path=null, component=null, perms=gatewayRateLimitRule:add, icon=null, type=1, orderNum=null, createTime=Tue Aug 18 10:17:58 CST 2020, modifyTime=null, createTimeFrom=null, createTimeTo=null)\"', '172.16.5.105,127.0.0.1', '2020-08-18 10:17:58', '0|0|0|内网IP|内网IP');
INSERT INTO `t_sys_log` VALUES (52, 'admin', '新增菜单/按钮', 7, 'com.tml.server.system.controller.SysMenuController.addMenu()', ' menu: \"SysMenu(menuId=207, parentId=198, menuName=修改, path=null, component=null, perms=gatewayRateLimitRule:update, icon=null, type=1, orderNum=null, createTime=Tue Aug 18 10:18:20 CST 2020, modifyTime=null, createTimeFrom=null, createTimeTo=null)\"', '172.16.5.105,127.0.0.1', '2020-08-18 10:18:20', '0|0|0|内网IP|内网IP');
INSERT INTO `t_sys_log` VALUES (53, 'admin', '新增菜单/按钮', 7, 'com.tml.server.system.controller.SysMenuController.addMenu()', ' menu: \"SysMenu(menuId=208, parentId=198, menuName=删除, path=null, component=null, perms=gatewayRateLimitRule:delete, icon=null, type=1, orderNum=null, createTime=Tue Aug 18 10:18:38 CST 2020, modifyTime=null, createTimeFrom=null, createTimeTo=null)\"', '172.16.5.105,127.0.0.1', '2020-08-18 10:18:38', '0|0|0|内网IP|内网IP');
INSERT INTO `t_sys_log` VALUES (54, 'admin', '修改菜单/按钮', 9, 'com.tml.server.system.controller.SysMenuController.updateMenu()', ' menu: \"SysMenu(menuId=199, parentId=195, menuName=限流日志, path=/gateway/ratelimitlog, component=febs/gateway/ratelimitlog/Index, perms=gatewayRateLimitRuleLog:list, icon=, type=0, orderNum=4, createTime=null, modifyTime=Tue Aug 18 10:19:01 CST 2020, createTimeFrom=null, createTimeTo=null)\"', '172.16.5.105,127.0.0.1', '2020-08-18 10:19:01', '0|0|0|内网IP|内网IP');
INSERT INTO `t_sys_log` VALUES (55, 'admin', '新增菜单/按钮', 7, 'com.tml.server.system.controller.SysMenuController.addMenu()', ' menu: \"SysMenu(menuId=209, parentId=199, menuName=删除, path=null, component=null, perms=gatewayRateLimitRuleLog:delete, icon=null, type=1, orderNum=null, createTime=Tue Aug 18 10:19:23 CST 2020, modifyTime=null, createTimeFrom=null, createTimeTo=null)\"', '172.16.5.105,127.0.0.1', '2020-08-18 10:19:23', '0|0|0|内网IP|内网IP');
INSERT INTO `t_sys_log` VALUES (56, 'admin', '修改菜单/按钮', 6, 'com.tml.server.system.controller.SysMenuController.updateMenu()', ' menu: \"SysMenu(menuId=200, parentId=195, menuName=黑名单管理, path=/gateway/blocklist, component=febs/gateway/blocklist/Index, perms=gatewayBlockList:list, icon=, type=0, orderNum=5, createTime=null, modifyTime=Tue Aug 18 10:20:03 CST 2020, createTimeFrom=null, createTimeTo=null)\"', '172.16.5.105,127.0.0.1', '2020-08-18 10:20:04', '0|0|0|内网IP|内网IP');
INSERT INTO `t_sys_log` VALUES (57, 'admin', '新增菜单/按钮', 7, 'com.tml.server.system.controller.SysMenuController.addMenu()', ' menu: \"SysMenu(menuId=210, parentId=200, menuName=添加, path=null, component=null, perms=gatewayBlockList:add, icon=null, type=1, orderNum=null, createTime=Tue Aug 18 10:20:24 CST 2020, modifyTime=null, createTimeFrom=null, createTimeTo=null)\"', '172.16.5.105,127.0.0.1', '2020-08-18 10:20:24', '0|0|0|内网IP|内网IP');
INSERT INTO `t_sys_log` VALUES (58, 'admin', '新增菜单/按钮', 8, 'com.tml.server.system.controller.SysMenuController.addMenu()', ' menu: \"SysMenu(menuId=211, parentId=200, menuName=修改, path=null, component=null, perms=gatewayBlockList:update, icon=null, type=1, orderNum=null, createTime=Tue Aug 18 10:20:43 CST 2020, modifyTime=null, createTimeFrom=null, createTimeTo=null)\"', '172.16.5.105,127.0.0.1', '2020-08-18 10:20:43', '0|0|0|内网IP|内网IP');
INSERT INTO `t_sys_log` VALUES (59, 'admin', '新增菜单/按钮', 11, 'com.tml.server.system.controller.SysMenuController.addMenu()', ' menu: \"SysMenu(menuId=212, parentId=200, menuName=删除, path=null, component=null, perms=gatewayBlockList:delete, icon=null, type=1, orderNum=null, createTime=Tue Aug 18 10:21:02 CST 2020, modifyTime=null, createTimeFrom=null, createTimeTo=null)\"', '172.16.5.105,127.0.0.1', '2020-08-18 10:21:03', '0|0|0|内网IP|内网IP');
INSERT INTO `t_sys_log` VALUES (60, 'admin', '修改菜单/按钮', 6, 'com.tml.server.system.controller.SysMenuController.updateMenu()', ' menu: \"SysMenu(menuId=201, parentId=195, menuName=黑名单日志, path=/gateway/blocklistlog, component=febs/gateway/blocklistlog/Index, perms=gatewayBlockListLog:list, icon=, type=0, orderNum=6, createTime=null, modifyTime=Tue Aug 18 10:21:38 CST 2020, createTimeFrom=null, createTimeTo=null)\"', '172.16.5.105,127.0.0.1', '2020-08-18 10:21:39', '0|0|0|内网IP|内网IP');
INSERT INTO `t_sys_log` VALUES (61, 'admin', '新增菜单/按钮', 6, 'com.tml.server.system.controller.SysMenuController.addMenu()', ' menu: \"SysMenu(menuId=213, parentId=201, menuName=删除, path=null, component=null, perms=gatewayBlockListLog:delete, icon=null, type=1, orderNum=null, createTime=Tue Aug 18 10:21:57 CST 2020, modifyTime=null, createTimeFrom=null, createTimeTo=null)\"', '172.16.5.105,127.0.0.1', '2020-08-18 10:21:57', '0|0|0|内网IP|内网IP');
INSERT INTO `t_sys_log` VALUES (62, 'admin', '修改角色', 57, 'com.tml.server.system.controller.SysRoleController.updateRole()', ' role: \"SysRole(roleId=1, roleName=null, remark=管理员, createTime=null, modifyTime=Tue Aug 18 10:22:51 CST 2020, menuIds=1,3,11,12,13,130,135,4,14,15,16,131,5,17,18,19,132,6,20,21,22,133,163,164,165,166,167,2,180,10,24,136,150,151,152,173,174,175,176,177,178,179,156,157,159,158,160,183,184,186,187,188,189,190,191,192,185,193,194,154,155,181,182,168,169,170,171,172,195,196,202,203,204,197,205,198,206,207,208,199,209,200,210,211,212,201,213)\"', '172.16.5.105,127.0.0.1', '2020-08-18 10:22:51', '0|0|0|内网IP|内网IP');
INSERT INTO `t_sys_log` VALUES (63, 'admin', '修改角色', 37, 'com.tml.server.system.controller.SysRoleController.updateRole()', ' role: \"SysRole(roleId=1, roleName=null, remark=管理员, createTime=null, modifyTime=Tue Aug 18 10:23:03 CST 2020, menuIds=1,3,11,12,13,130,135,4,14,15,16,131,5,17,18,19,132,6,20,21,22,133,163,164,165,166,167,2,180,10,24,136,150,151,152,173,174,175,176,177,178,179,156,157,159,158,160,183,184,186,187,188,189,190,191,192,185,193,194,154,155,181,182,168,169,170,171,172,195,196,202,203,204,197,205,198,206,207,208,199,209,200,210,211,212,201,213)\"', '172.16.5.105,127.0.0.1', '2020-08-18 10:23:04', '0|0|0|内网IP|内网IP');
INSERT INTO `t_sys_log` VALUES (64, 'admin', '修改菜单/按钮', 28, 'com.tml.server.system.controller.SysMenuController.updateMenu()', ' menu: \"SysMenu(menuId=209, parentId=199, menuName=删除, path=null, component=null, perms=gatewayRouteLimitRuleLog:delete, icon=null, type=1, orderNum=null, createTime=null, modifyTime=Tue Aug 18 11:12:33 CST 2020, createTimeFrom=null, createTimeTo=null)\"', '172.16.5.105,127.0.0.1', '2020-08-18 11:12:34', '0|0|0|内网IP|内网IP');
INSERT INTO `t_sys_log` VALUES (65, 'admin', '修改菜单/按钮', 12, 'com.tml.server.system.controller.SysMenuController.updateMenu()', ' menu: \"SysMenu(menuId=199, parentId=195, menuName=限流日志, path=/gateway/routelimitlog, component=febs/gateway/routelimitlog/Index, perms=gatewayRouteLimitRuleLog:list, icon=, type=0, orderNum=4, createTime=null, modifyTime=Tue Aug 18 11:13:25 CST 2020, createTimeFrom=null, createTimeTo=null)\"', '172.16.5.105,127.0.0.1', '2020-08-18 11:13:25', '0|0|0|内网IP|内网IP');
INSERT INTO `t_sys_log` VALUES (66, 'admin', '修改菜单/按钮', 22, 'com.tml.server.system.controller.SysMenuController.updateMenu()', ' menu: \"SysMenu(menuId=198, parentId=195, menuName=限流规则, path=/gateway/ratelimitrule, component=febs/gateway/ratelimitrule/Index, perms=gatewayRateLimitRule:list, icon=, type=0, orderNum=3, createTime=null, modifyTime=Tue Aug 18 11:22:06 CST 2020, createTimeFrom=null, createTimeTo=null)\"', '172.16.5.105,127.0.0.1', '2020-08-18 11:22:07', '0|0|0|内网IP|内网IP');
INSERT INTO `t_sys_log` VALUES (67, 'admin', '修改菜单/按钮', 8, 'com.tml.server.system.controller.SysMenuController.updateMenu()', ' menu: \"SysMenu(menuId=209, parentId=199, menuName=删除, path=null, component=null, perms=gatewayRouteLimitRuleLog:delete, icon=null, type=1, orderNum=null, createTime=null, modifyTime=Tue Aug 18 11:22:17 CST 2020, createTimeFrom=null, createTimeTo=null)\"', '172.16.5.105,127.0.0.1', '2020-08-18 11:22:17', '0|0|0|内网IP|内网IP');
INSERT INTO `t_sys_log` VALUES (68, 'admin', '修改角色', 61, 'com.tml.server.system.controller.SysRoleController.updateRole()', ' role: \"SysRole(roleId=1, roleName=null, remark=管理员, createTime=null, modifyTime=Tue Aug 18 11:22:30 CST 2020, menuIds=1,3,11,12,13,130,135,4,14,15,16,131,5,17,18,19,132,6,20,21,22,133,163,164,165,166,167,2,180,10,24,136,150,151,152,173,174,175,176,177,178,179,156,157,159,158,160,183,184,186,187,188,189,190,191,192,185,193,194,154,155,181,182,168,169,170,171,172,195,196,202,203,204,197,205,198,206,207,208,199,209,200,210,211,212,201,213)\"', '172.16.5.105,127.0.0.1', '2020-08-18 11:22:31', '0|0|0|内网IP|内网IP');
INSERT INTO `t_sys_log` VALUES (69, 'admin', '修改菜单/按钮', 6, 'com.tml.server.system.controller.SysMenuController.updateMenu()', ' menu: \"SysMenu(menuId=198, parentId=195, menuName=限流规则, path=/gateway/routelimitrule, component=febs/gateway/routelimitrule/Index, perms=gatewayRouteLimitRule:list, icon=, type=0, orderNum=3, createTime=null, modifyTime=Tue Aug 18 11:37:32 CST 2020, createTimeFrom=null, createTimeTo=null)\"', '172.16.5.105,127.0.0.1', '2020-08-18 11:37:33', '0|0|0|内网IP|内网IP');
INSERT INTO `t_sys_log` VALUES (70, 'admin', '修改菜单/按钮', 6, 'com.tml.server.system.controller.SysMenuController.updateMenu()', ' menu: \"SysMenu(menuId=206, parentId=198, menuName=添加, path=null, component=null, perms=gatewayRouteLimitRule:add, icon=null, type=1, orderNum=null, createTime=null, modifyTime=Tue Aug 18 11:37:45 CST 2020, createTimeFrom=null, createTimeTo=null)\"', '172.16.5.105,127.0.0.1', '2020-08-18 11:37:46', '0|0|0|内网IP|内网IP');
INSERT INTO `t_sys_log` VALUES (71, 'admin', '修改菜单/按钮', 23, 'com.tml.server.system.controller.SysMenuController.updateMenu()', ' menu: \"SysMenu(menuId=207, parentId=198, menuName=修改, path=null, component=null, perms=gatewayRouteLimitRule:update, icon=null, type=1, orderNum=null, createTime=null, modifyTime=Tue Aug 18 11:37:55 CST 2020, createTimeFrom=null, createTimeTo=null)\"', '172.16.5.105,127.0.0.1', '2020-08-18 11:37:56', '0|0|0|内网IP|内网IP');
INSERT INTO `t_sys_log` VALUES (72, 'admin', '修改菜单/按钮', 7, 'com.tml.server.system.controller.SysMenuController.updateMenu()', ' menu: \"SysMenu(menuId=208, parentId=198, menuName=删除, path=null, component=null, perms=gatewayRouteLimitRule:delete, icon=null, type=1, orderNum=null, createTime=null, modifyTime=Tue Aug 18 11:38:07 CST 2020, createTimeFrom=null, createTimeTo=null)\"', '172.16.5.105,127.0.0.1', '2020-08-18 11:38:08', '0|0|0|内网IP|内网IP');

-- ----------------------------
-- Table structure for t_sys_login_log
-- ----------------------------
DROP TABLE IF EXISTS `t_sys_login_log`;
CREATE TABLE `t_sys_login_log`  (
  `ID` bigint(11) NOT NULL AUTO_INCREMENT COMMENT 'id',
  `USERNAME` varchar(50) CHARACTER SET utf8 COLLATE utf8_general_ci NOT NULL COMMENT '用户名',
  `LOGIN_TIME` datetime(0) NOT NULL COMMENT '登录时间',
  `LOCATION` varchar(50) CHARACTER SET utf8 COLLATE utf8_general_ci NULL DEFAULT NULL COMMENT '登录地点',
  `IP` varchar(50) CHARACTER SET utf8 COLLATE utf8_general_ci NULL DEFAULT NULL COMMENT 'IP地址',
  `SYSTEM` varchar(50) CHARACTER SET utf8 COLLATE utf8_general_ci NULL DEFAULT NULL COMMENT '操作系统',
  `BROWSER` varchar(50) CHARACTER SET utf8 COLLATE utf8_general_ci NULL DEFAULT NULL COMMENT '浏览器',
  PRIMARY KEY (`ID`) USING BTREE,
  INDEX `t_login_log_login_time`(`LOGIN_TIME`) USING BTREE
) ENGINE = InnoDB AUTO_INCREMENT = 52 CHARACTER SET = utf8 COLLATE = utf8_general_ci COMMENT = '登录日志表' ROW_FORMAT = Dynamic;

-- ----------------------------
-- Records of t_sys_login_log
-- ----------------------------
INSERT INTO `t_sys_login_log` VALUES (8, 'admin', '2020-08-09 20:19:58', '0|0|0|内网IP|内网IP', '127.0.0.1,127.0.0.1', 'Windows 10', 'Chrome 84');
INSERT INTO `t_sys_login_log` VALUES (9, 'admin', '2020-08-09 21:11:41', '0|0|0|内网IP|内网IP', '127.0.0.1,127.0.0.1', 'Windows 10', 'Chrome 84');
INSERT INTO `t_sys_login_log` VALUES (10, 'admin', '2020-08-10 13:30:23', '0|0|0|内网IP|内网IP', '127.0.0.1,127.0.0.1', 'Windows 10', 'Chrome 84');
INSERT INTO `t_sys_login_log` VALUES (11, 'admin', '2020-08-12 14:32:50', '0|0|0|内网IP|内网IP', '127.0.0.1,127.0.0.1', 'Windows 10', 'Chrome 84');
INSERT INTO `t_sys_login_log` VALUES (12, 'admin', '2020-08-12 14:45:36', '0|0|0|内网IP|内网IP', '127.0.0.1,127.0.0.1', 'Windows 10', 'Chrome 84');
INSERT INTO `t_sys_login_log` VALUES (13, 'admin', '2020-08-12 14:53:48', '0|0|0|内网IP|内网IP', '127.0.0.1,127.0.0.1', 'Windows 10', 'Chrome 84');
INSERT INTO `t_sys_login_log` VALUES (14, 'admin', '2020-08-12 15:08:02', '0|0|0|内网IP|内网IP', '127.0.0.1,127.0.0.1', 'Windows 10', 'Chrome 84');
INSERT INTO `t_sys_login_log` VALUES (15, 'admin', '2020-08-13 16:16:32', '0|0|0|内网IP|内网IP', '127.0.0.1,127.0.0.1', 'Windows 10', 'Chrome 84');
INSERT INTO `t_sys_login_log` VALUES (16, 'admin', '2020-08-13 16:36:30', '0|0|0|内网IP|内网IP', '127.0.0.1,127.0.0.1', 'Windows 10', 'Chrome 84');
INSERT INTO `t_sys_login_log` VALUES (17, 'admin', '2020-08-13 17:18:38', '0|0|0|内网IP|内网IP', '127.0.0.1,127.0.0.1', 'Windows 10', 'Chrome 84');
INSERT INTO `t_sys_login_log` VALUES (18, 'admin', '2020-08-13 17:31:28', '0|0|0|内网IP|内网IP', '127.0.0.1,127.0.0.1', 'Windows 10', 'Chrome 84');
INSERT INTO `t_sys_login_log` VALUES (19, 'admin', '2020-08-13 17:33:53', '0|0|0|内网IP|内网IP', '127.0.0.1,127.0.0.1', 'Windows 10', 'Chrome 84');
INSERT INTO `t_sys_login_log` VALUES (20, 'admin', '2020-08-13 18:27:21', '0|0|0|内网IP|内网IP', '127.0.0.1,127.0.0.1', 'Windows 10', 'Chrome 84');
INSERT INTO `t_sys_login_log` VALUES (21, 'admin', '2020-08-13 18:35:55', '0|0|0|内网IP|内网IP', '127.0.0.1,127.0.0.1', 'Windows 10', 'Chrome 84');
INSERT INTO `t_sys_login_log` VALUES (22, 'admin', '2020-08-13 19:34:40', '0|0|0|内网IP|内网IP', '127.0.0.1,127.0.0.1', 'Windows 10', 'Chrome 84');
INSERT INTO `t_sys_login_log` VALUES (23, 'admin', '2020-08-15 21:17:36', '0|0|0|内网IP|内网IP', '127.0.0.1,127.0.0.1', 'Windows 10', 'Chrome 84');
INSERT INTO `t_sys_login_log` VALUES (24, 'admin', '2020-08-15 21:26:35', '0|0|0|内网IP|内网IP', '127.0.0.1,127.0.0.1', 'Windows 10', 'Chrome 84');
INSERT INTO `t_sys_login_log` VALUES (25, 'admin', '2020-08-15 21:39:46', '0|0|0|内网IP|内网IP', '127.0.0.1,127.0.0.1', 'Windows 10', 'Chrome 84');
INSERT INTO `t_sys_login_log` VALUES (26, 'admin', '2020-08-15 21:49:15', '0|0|0|内网IP|内网IP', '127.0.0.1,127.0.0.1', 'Windows 10', 'Chrome 84');
INSERT INTO `t_sys_login_log` VALUES (27, 'admin', '2020-08-15 21:54:42', '0|0|0|内网IP|内网IP', '127.0.0.1,127.0.0.1', 'Windows 10', 'Chrome 84');
INSERT INTO `t_sys_login_log` VALUES (28, 'admin', '2020-08-17 10:35:31', '0|0|0|内网IP|内网IP', '172.16.5.105,127.0.0.1', 'Windows 10', 'Chrome 84');
INSERT INTO `t_sys_login_log` VALUES (29, 'admin', '2020-08-17 10:45:46', '0|0|0|内网IP|内网IP', '172.16.5.105,127.0.0.1', 'Windows 10', 'Chrome 84');
INSERT INTO `t_sys_login_log` VALUES (30, 'admin', '2020-08-17 10:48:17', '0|0|0|内网IP|内网IP', '172.16.5.105,127.0.0.1', 'Windows 10', 'Chrome 84');
INSERT INTO `t_sys_login_log` VALUES (31, 'admin', '2020-08-17 10:49:54', '0|0|0|内网IP|内网IP', '172.16.5.105,127.0.0.1', 'Windows 10', 'Chrome 84');
INSERT INTO `t_sys_login_log` VALUES (32, 'admin', '2020-08-17 11:04:42', '0|0|0|内网IP|内网IP', '172.16.5.105,127.0.0.1', 'Windows 10', 'Chrome 84');
INSERT INTO `t_sys_login_log` VALUES (33, 'admin', '2020-08-17 11:06:59', '0|0|0|内网IP|内网IP', '172.16.5.105,127.0.0.1', 'Windows 10', 'Chrome 84');
INSERT INTO `t_sys_login_log` VALUES (34, 'admin', '2020-08-17 11:17:32', '0|0|0|内网IP|内网IP', '172.16.5.105,127.0.0.1', 'Windows 10', 'Chrome 84');
INSERT INTO `t_sys_login_log` VALUES (35, 'admin', '2020-08-17 11:22:59', '0|0|0|内网IP|内网IP', '172.16.5.105,127.0.0.1', 'Windows 10', 'Chrome 84');
INSERT INTO `t_sys_login_log` VALUES (36, 'admin', '2020-08-17 11:23:42', '0|0|0|内网IP|内网IP', '172.16.5.105,127.0.0.1', 'Windows 10', 'Chrome 84');
INSERT INTO `t_sys_login_log` VALUES (37, 'admin', '2020-08-17 15:37:36', '0|0|0|内网IP|内网IP', '172.16.5.105,127.0.0.1', 'Windows 10', 'Chrome 84');
INSERT INTO `t_sys_login_log` VALUES (38, 'admin', '2020-08-17 16:59:48', '0|0|0|内网IP|内网IP', '172.16.5.105,127.0.0.1', 'Windows 10', 'Chrome 84');
INSERT INTO `t_sys_login_log` VALUES (39, 'admin', '2020-08-18 09:24:55', '0|0|0|内网IP|内网IP', '172.16.5.105,127.0.0.1', 'Windows 10', 'Chrome 84');
INSERT INTO `t_sys_login_log` VALUES (40, 'admin', '2020-08-18 10:14:28', '0|0|0|内网IP|内网IP', '172.16.5.105,127.0.0.1', 'Windows 10', 'Chrome 84');
INSERT INTO `t_sys_login_log` VALUES (41, 'admin', '2020-08-18 10:26:04', '0|0|0|内网IP|内网IP', '172.16.5.105,127.0.0.1', 'Windows 10', 'Chrome 84');
INSERT INTO `t_sys_login_log` VALUES (42, 'admin', '2020-08-18 11:14:05', '0|0|0|内网IP|内网IP', '172.16.5.105,127.0.0.1', 'Windows 10', 'Chrome 84');
INSERT INTO `t_sys_login_log` VALUES (43, 'admin', '2020-08-18 11:18:33', '0|0|0|内网IP|内网IP', '127.0.0.1,127.0.0.1', 'Windows 10', 'Chrome 84');
INSERT INTO `t_sys_login_log` VALUES (44, 'admin', '2020-08-18 11:19:03', '0|0|0|内网IP|内网IP', '127.0.0.1,127.0.0.1', 'Windows 10', 'Chrome 84');
INSERT INTO `t_sys_login_log` VALUES (45, 'admin', '2020-08-18 11:22:43', '0|0|0|内网IP|内网IP', '172.16.5.105,127.0.0.1', 'Windows 10', 'Chrome 84');
INSERT INTO `t_sys_login_log` VALUES (46, 'admin', '2020-08-18 11:25:48', '0|0|0|内网IP|内网IP', '172.16.5.111,127.0.0.1', 'Windows 10', 'Chrome 84');
INSERT INTO `t_sys_login_log` VALUES (47, 'admin', '2020-08-18 11:38:29', '0|0|0|内网IP|内网IP', '172.16.5.105,127.0.0.1', 'Windows 10', 'Chrome 84');
INSERT INTO `t_sys_login_log` VALUES (48, 'admin', '2020-08-18 13:23:49', '0|0|0|内网IP|内网IP', '172.16.5.105,127.0.0.1', 'Windows 10', 'Chrome 84');
INSERT INTO `t_sys_login_log` VALUES (49, 'admin', '2020-08-18 14:01:04', '0|0|0|内网IP|内网IP', '172.16.5.105,127.0.0.1', 'Windows 10', 'Chrome 84');
INSERT INTO `t_sys_login_log` VALUES (50, 'admin', '2020-08-18 15:13:56', '0|0|0|内网IP|内网IP', '172.16.5.105,127.0.0.1', 'Windows 10', 'Chrome 84');
INSERT INTO `t_sys_login_log` VALUES (51, 'admin', '2020-08-18 19:11:50', '0|0|0|内网IP|内网IP', '172.16.5.105,127.0.0.1', 'Windows 10', 'Chrome 84');

-- ----------------------------
-- Table structure for t_sys_menu
-- ----------------------------
DROP TABLE IF EXISTS `t_sys_menu`;
CREATE TABLE `t_sys_menu`  (
  `MENU_ID` bigint(20) NOT NULL AUTO_INCREMENT COMMENT '菜单/按钮ID',
  `PARENT_ID` bigint(20) NOT NULL COMMENT '上级菜单ID',
  `MENU_NAME` varchar(50) CHARACTER SET utf8 COLLATE utf8_general_ci NOT NULL COMMENT '菜单/按钮名称',
  `PATH` varchar(255) CHARACTER SET utf8 COLLATE utf8_general_ci NULL DEFAULT NULL COMMENT '对应路由path',
  `COMPONENT` varchar(255) CHARACTER SET utf8 COLLATE utf8_general_ci NULL DEFAULT NULL COMMENT '对应路由组件component',
  `PERMS` varchar(50) CHARACTER SET utf8 COLLATE utf8_general_ci NULL DEFAULT NULL COMMENT '权限标识',
  `ICON` varchar(50) CHARACTER SET utf8 COLLATE utf8_general_ci NULL DEFAULT NULL COMMENT '图标',
  `TYPE` char(2) CHARACTER SET utf8 COLLATE utf8_general_ci NOT NULL COMMENT '类型 0菜单 1按钮',
  `ORDER_NUM` double(20, 0) NULL DEFAULT NULL COMMENT '排序',
  `CREATE_TIME` datetime(0) NOT NULL COMMENT '创建时间',
  `MODIFY_TIME` datetime(0) NULL DEFAULT NULL COMMENT '修改时间',
  PRIMARY KEY (`MENU_ID`) USING BTREE,
  INDEX `t_menu_parent_id`(`PARENT_ID`) USING BTREE,
  INDEX `t_menu_menu_id`(`MENU_ID`) USING BTREE
) ENGINE = InnoDB AUTO_INCREMENT = 214 CHARACTER SET = utf8 COLLATE = utf8_general_ci COMMENT = '菜单表' ROW_FORMAT = Dynamic;

-- ----------------------------
-- Records of t_sys_menu
-- ----------------------------
INSERT INTO `t_sys_menu` VALUES (1, 0, '系统管理', '/system', 'Layout', NULL, 'el-icon-set-up', '0', 1, '2017-12-27 16:39:07', '2019-07-20 16:19:04');
INSERT INTO `t_sys_menu` VALUES (2, 0, '系统监控', '/monitor', 'Layout', NULL, 'el-icon-data-line', '0', 2, '2017-12-27 16:45:51', '2019-01-23 06:27:12');
INSERT INTO `t_sys_menu` VALUES (3, 1, '用户管理', '/system/user', 'febs/system/user/Index', 'user:view', '', '0', 1, '2017-12-27 16:47:13', '2019-01-22 06:45:55');
INSERT INTO `t_sys_menu` VALUES (4, 1, '角色管理', '/system/role', 'febs/system/role/Index', 'role:view', '', '0', 2, '2017-12-27 16:48:09', '2018-04-25 09:01:12');
INSERT INTO `t_sys_menu` VALUES (5, 1, '菜单管理', '/system/menu', 'febs/system/menu/Index', 'menu:view', '', '0', 3, '2017-12-27 16:48:57', '2018-04-25 09:01:30');
INSERT INTO `t_sys_menu` VALUES (6, 1, '部门管理', '/system/dept', 'febs/system/dept/Index', 'dept:view', '', '0', 4, '2017-12-27 16:57:33', '2018-04-25 09:01:40');
INSERT INTO `t_sys_menu` VALUES (10, 2, '系统日志', '/monitor/systemlog', 'febs/monitor/systemlog/Index', 'log:view', '', '0', 2, '2017-12-27 17:00:50', '2020-04-13 11:38:04');
INSERT INTO `t_sys_menu` VALUES (11, 3, '新增用户', '', '', 'user:add', NULL, '1', NULL, '2017-12-27 17:02:58', NULL);
INSERT INTO `t_sys_menu` VALUES (12, 3, '修改用户', '', '', 'user:update', NULL, '1', NULL, '2017-12-27 17:04:07', NULL);
INSERT INTO `t_sys_menu` VALUES (13, 3, '删除用户', '', '', 'user:delete', NULL, '1', NULL, '2017-12-27 17:04:58', NULL);
INSERT INTO `t_sys_menu` VALUES (14, 4, '新增角色', '', '', 'role:add', NULL, '1', NULL, '2017-12-27 17:06:38', NULL);
INSERT INTO `t_sys_menu` VALUES (15, 4, '修改角色', '', '', 'role:update', NULL, '1', NULL, '2017-12-27 17:06:38', NULL);
INSERT INTO `t_sys_menu` VALUES (16, 4, '删除角色', '', '', 'role:delete', NULL, '1', NULL, '2017-12-27 17:06:38', NULL);
INSERT INTO `t_sys_menu` VALUES (17, 5, '新增菜单', '', '', 'menu:add', NULL, '1', NULL, '2017-12-27 17:08:02', NULL);
INSERT INTO `t_sys_menu` VALUES (18, 5, '修改菜单', '', '', 'menu:update', NULL, '1', NULL, '2017-12-27 17:08:02', NULL);
INSERT INTO `t_sys_menu` VALUES (19, 5, '删除菜单', '', '', 'menu:delete', NULL, '1', NULL, '2017-12-27 17:08:02', NULL);
INSERT INTO `t_sys_menu` VALUES (20, 6, '新增部门', '', '', 'dept:add', NULL, '1', NULL, '2017-12-27 17:09:24', NULL);
INSERT INTO `t_sys_menu` VALUES (21, 6, '修改部门', '', '', 'dept:update', NULL, '1', NULL, '2017-12-27 17:09:24', NULL);
INSERT INTO `t_sys_menu` VALUES (22, 6, '删除部门', '', '', 'dept:delete', NULL, '1', NULL, '2017-12-27 17:09:24', NULL);
INSERT INTO `t_sys_menu` VALUES (24, 10, '删除日志', '', '', 'log:delete', NULL, '1', NULL, '2017-12-27 17:11:45', NULL);
INSERT INTO `t_sys_menu` VALUES (130, 3, '导出Excel', NULL, NULL, 'user:export', NULL, '1', NULL, '2019-01-23 06:35:16', NULL);
INSERT INTO `t_sys_menu` VALUES (131, 4, '导出Excel', NULL, NULL, 'role:export', NULL, '1', NULL, '2019-01-23 06:35:36', NULL);
INSERT INTO `t_sys_menu` VALUES (132, 5, '导出Excel', NULL, NULL, 'menu:export', NULL, '1', NULL, '2019-01-23 06:36:05', NULL);
INSERT INTO `t_sys_menu` VALUES (133, 6, '导出Excel', NULL, NULL, 'dept:export', NULL, '1', NULL, '2019-01-23 06:36:25', NULL);
INSERT INTO `t_sys_menu` VALUES (135, 3, '密码重置', NULL, NULL, 'user:reset', NULL, '1', NULL, '2019-01-23 06:37:00', NULL);
INSERT INTO `t_sys_menu` VALUES (136, 10, '导出Excel', NULL, NULL, 'log:export', NULL, '1', NULL, '2019-01-23 06:37:27', NULL);
INSERT INTO `t_sys_menu` VALUES (150, 2, '登录日志', '/monitor/loginlog', 'febs/monitor/loginlog/Index', 'monitor:loginlog', '', '0', 3, '2019-07-22 13:41:17', '2020-04-13 11:38:08');
INSERT INTO `t_sys_menu` VALUES (151, 150, '删除日志', NULL, NULL, 'loginlog:delete', NULL, '1', NULL, '2019-07-22 13:43:04', NULL);
INSERT INTO `t_sys_menu` VALUES (152, 150, '导出Excel', NULL, NULL, 'loginlog:export', NULL, '1', NULL, '2019-07-22 13:43:30', NULL);
INSERT INTO `t_sys_menu` VALUES (154, 0, '其他模块', '/others', 'Layout', '', 'el-icon-shopping-bag-1', '0', 6, '2019-07-25 10:16:16', '2020-04-14 18:38:20');
INSERT INTO `t_sys_menu` VALUES (155, 154, '导入导出', '/others/eximport', 'febs/others/eximport/Index', 'others:eximport', '', '0', 1, '2019-07-25 10:19:31', NULL);
INSERT INTO `t_sys_menu` VALUES (156, 0, '代码生成', '/gen', 'Layout', '', 'el-icon-printer', '0', 4, '2019-07-25 10:24:03', '2020-01-16 13:59:49');
INSERT INTO `t_sys_menu` VALUES (157, 156, '基础配置', '/gen/config', 'febs/gen/config/Index', 'gen:config', '', '0', 1, '2019-07-25 10:24:55', '2020-04-09 14:21:54');
INSERT INTO `t_sys_menu` VALUES (158, 156, '生成代码', '/gen/generate', 'febs/gen/generate/Index', 'gen:generate', '', '0', 2, '2019-07-25 10:25:26', '2019-07-25 11:13:20');
INSERT INTO `t_sys_menu` VALUES (159, 157, '修改配置', NULL, NULL, 'gen:config:update', NULL, '1', NULL, '2019-07-26 16:22:56', NULL);
INSERT INTO `t_sys_menu` VALUES (160, 158, '打包生成', NULL, NULL, 'gen:generate:gen', NULL, '1', NULL, '2019-07-26 16:23:38', '2019-07-26 16:23:53');
INSERT INTO `t_sys_menu` VALUES (163, 1, '客户端管理', '/client', 'febs/system/client/Index', 'client:view', '', '0', 5, '2019-09-26 22:58:09', NULL);
INSERT INTO `t_sys_menu` VALUES (164, 163, '新增', NULL, NULL, 'client:add', NULL, '1', NULL, '2019-09-26 22:58:21', NULL);
INSERT INTO `t_sys_menu` VALUES (165, 163, '修改', NULL, NULL, 'client:update', NULL, '1', NULL, '2019-09-26 22:58:43', NULL);
INSERT INTO `t_sys_menu` VALUES (166, 163, '删除', NULL, NULL, 'client:delete', NULL, '1', NULL, '2019-09-26 22:58:55', NULL);
INSERT INTO `t_sys_menu` VALUES (167, 163, '解密', NULL, NULL, 'client:decrypt', NULL, '1', NULL, '2019-09-26 22:59:08', NULL);
INSERT INTO `t_sys_menu` VALUES (168, 0, '静态组件', '/components', 'Layout', '', 'el-icon-present', '0', 7, '2019-12-02 16:41:28', '2020-04-14 18:38:23');
INSERT INTO `t_sys_menu` VALUES (169, 168, '二级菜单', '/two', 'demos/two/Index', '', '', '0', 1, '2019-12-02 16:41:51', NULL);
INSERT INTO `t_sys_menu` VALUES (170, 169, '三级菜单', '/three', 'demos/two/three/Index', '', '', '0', 1, '2019-12-02 16:42:09', NULL);
INSERT INTO `t_sys_menu` VALUES (171, 168, 'MarkDown', '/components/markdown', 'demos/markdown', '', '', '0', 2, '2019-12-02 16:42:34', NULL);
INSERT INTO `t_sys_menu` VALUES (172, 168, '富文本编辑器', '/components/tinymce', 'demos/tinymce', '', '', '0', 3, '2019-12-02 16:42:50', NULL);
INSERT INTO `t_sys_menu` VALUES (173, 0, '网关管理', '/route', 'Layout', '', 'el-icon-odometer', '0', 3, '2020-01-16 14:00:15', NULL);
INSERT INTO `t_sys_menu` VALUES (174, 173, '网关用户', '/route/user', 'febs/route/routeuser/Index', '', '', '0', 1, '2020-01-16 14:00:32', NULL);
INSERT INTO `t_sys_menu` VALUES (175, 173, '网关日志', '/route/log', 'febs/route/routelog/Index', '', '', '0', 2, '2020-01-16 14:00:47', NULL);
INSERT INTO `t_sys_menu` VALUES (176, 173, '限流规则', '/route/ratelimitrule', 'febs/route/ratelimitrule/Index', '', '', '0', 3, '2020-01-16 14:01:01', NULL);
INSERT INTO `t_sys_menu` VALUES (177, 173, '限流日志', '/route/ratelimitlog', 'febs/route/ratelimitlog/Index', '', '', '0', 4, '2020-01-16 14:01:17', NULL);
INSERT INTO `t_sys_menu` VALUES (178, 173, '黑名单管理', '/route/blacklist', 'febs/route/blacklist/Index', '', '', '0', 5, '2020-01-16 14:01:32', NULL);
INSERT INTO `t_sys_menu` VALUES (179, 173, '黑名单日志', '/route/blocklog', 'febs/route/blocklog/Index', '', '', '0', 6, '2020-01-16 14:01:49', NULL);
INSERT INTO `t_sys_menu` VALUES (180, 2, '监控面板', '/monitor/dashboard', 'febs/monitor/dashboard/Index', 'monitor:dashboard', '', '0', 1, '2020-04-13 09:44:09', '2020-04-13 11:38:00');
INSERT INTO `t_sys_menu` VALUES (181, 154, '个人博客', '/others/blog', 'febs/others/blog/Index', '', '', '0', 2, '2020-04-13 16:11:48', '2020-04-13 16:12:26');
INSERT INTO `t_sys_menu` VALUES (182, 154, '数据权限', '/others/datapermission', 'febs/others/datapermission/Index', 'others:datapermission', '', '0', 3, '2020-04-14 14:51:35', '2020-04-14 15:37:19');
INSERT INTO `t_sys_menu` VALUES (183, 0, '任务调度', '/job', 'Layout', '', 'el-icon-alarm-clock', '0', 5, '2020-04-14 18:39:35', '2020-04-14 18:39:53');
INSERT INTO `t_sys_menu` VALUES (184, 183, '任务列表', '/job/list', 'febs/job/job/Index', 'job:view', '', '0', 1, '2020-04-14 18:40:37', '2020-04-14 18:41:36');
INSERT INTO `t_sys_menu` VALUES (185, 183, '调度日志', '/job/log', 'febs/job/log/Index', 'job:log:view', '', '0', 2, '2020-04-14 18:42:25', NULL);
INSERT INTO `t_sys_menu` VALUES (186, 184, '新增任务', NULL, NULL, 'job:add', NULL, '1', NULL, '2020-04-14 18:59:55', '2020-04-15 08:56:03');
INSERT INTO `t_sys_menu` VALUES (187, 184, '修改任务', NULL, NULL, 'job:update', NULL, '1', NULL, '2020-04-14 19:00:13', NULL);
INSERT INTO `t_sys_menu` VALUES (188, 184, '删除任务', NULL, NULL, 'job:delete', NULL, '1', NULL, '2020-04-14 19:00:26', NULL);
INSERT INTO `t_sys_menu` VALUES (189, 184, '暂停任务', NULL, NULL, 'job:pause', NULL, '1', NULL, '2020-04-14 19:00:42', NULL);
INSERT INTO `t_sys_menu` VALUES (190, 184, '恢复任务', NULL, NULL, 'job:resume', NULL, '1', NULL, '2020-04-14 19:00:56', NULL);
INSERT INTO `t_sys_menu` VALUES (191, 184, '立即执行一次', NULL, NULL, 'job:run', NULL, '1', NULL, '2020-04-14 19:01:42', NULL);
INSERT INTO `t_sys_menu` VALUES (192, 184, '导出Excel', NULL, NULL, 'job:export', NULL, '1', NULL, '2020-04-14 19:01:59', NULL);
INSERT INTO `t_sys_menu` VALUES (193, 185, '删除', NULL, NULL, 'job:log:delete', NULL, '1', NULL, '2020-04-15 14:01:33', NULL);
INSERT INTO `t_sys_menu` VALUES (194, 185, '导出', NULL, NULL, 'job:log:export', NULL, '1', NULL, '2020-04-15 14:01:45', NULL);
INSERT INTO `t_sys_menu` VALUES (195, 0, '网关管理2', '/gateway', 'Layout', '', 'el-icon-odometer', '0', 8, '2020-08-17 10:38:13', '2020-08-17 10:46:32');
INSERT INTO `t_sys_menu` VALUES (196, 195, '动态路由', '/gateway/dynamicroute', 'febs/gateway/dynamicroute/Index', 'gatewayDynamicRoute:list', '', '0', 1, '2020-08-17 10:44:18', '2020-08-17 15:35:30');
INSERT INTO `t_sys_menu` VALUES (197, 195, '网关日志', '/gateway/routelog', 'febs/gateway/routelog/Index', 'gatewayRouteLog:list', '', '0', 2, '2020-08-17 11:00:19', '2020-08-18 10:15:37');
INSERT INTO `t_sys_menu` VALUES (198, 195, '限流规则', '/gateway/routelimitrule', 'febs/gateway/routelimitrule/Index', 'gatewayRouteLimitRule:list', '', '0', 3, '2020-08-17 11:01:20', '2020-08-18 11:37:33');
INSERT INTO `t_sys_menu` VALUES (199, 195, '限流日志', '/gateway/routelimitlog', 'febs/gateway/routelimitlog/Index', 'gatewayRouteLimitRuleLog:list', '', '0', 4, '2020-08-17 11:02:02', '2020-08-18 11:13:25');
INSERT INTO `t_sys_menu` VALUES (200, 195, '黑名单管理', '/gateway/blocklist', 'febs/gateway/blocklist/Index', 'gatewayBlockList:list', '', '0', 5, '2020-08-17 11:03:32', '2020-08-18 10:20:04');
INSERT INTO `t_sys_menu` VALUES (201, 195, '黑名单日志', '/gateway/blocklistlog', 'febs/gateway/blocklistlog/Index', 'gatewayBlockListLog:list', '', '0', 6, '2020-08-17 11:04:03', '2020-08-18 10:21:39');
INSERT INTO `t_sys_menu` VALUES (202, 196, '新增', NULL, NULL, 'gatewayDynamicRoute:add', NULL, '1', NULL, '2020-08-17 15:36:18', NULL);
INSERT INTO `t_sys_menu` VALUES (203, 196, '修改', NULL, NULL, 'gatewayDynamicRoute:update', NULL, '1', NULL, '2020-08-17 15:36:49', NULL);
INSERT INTO `t_sys_menu` VALUES (204, 196, '删除', NULL, NULL, 'gatewayDynamicRoute:delete', NULL, '1', NULL, '2020-08-17 15:37:06', NULL);
INSERT INTO `t_sys_menu` VALUES (205, 197, '删除', NULL, NULL, 'gatewayRouteLog:delete', NULL, '1', NULL, '2020-08-18 10:16:13', NULL);
INSERT INTO `t_sys_menu` VALUES (206, 198, '添加', NULL, NULL, 'gatewayRouteLimitRule:add', NULL, '1', NULL, '2020-08-18 10:17:58', '2020-08-18 11:37:46');
INSERT INTO `t_sys_menu` VALUES (207, 198, '修改', NULL, NULL, 'gatewayRouteLimitRule:update', NULL, '1', NULL, '2020-08-18 10:18:20', '2020-08-18 11:37:56');
INSERT INTO `t_sys_menu` VALUES (208, 198, '删除', NULL, NULL, 'gatewayRouteLimitRule:delete', NULL, '1', NULL, '2020-08-18 10:18:38', '2020-08-18 11:38:08');
INSERT INTO `t_sys_menu` VALUES (209, 199, '删除', NULL, NULL, 'gatewayRouteLimitRuleLog:delete', NULL, '1', NULL, '2020-08-18 10:19:23', '2020-08-18 11:22:17');
INSERT INTO `t_sys_menu` VALUES (210, 200, '添加', NULL, NULL, 'gatewayBlockList:add', NULL, '1', NULL, '2020-08-18 10:20:24', NULL);
INSERT INTO `t_sys_menu` VALUES (211, 200, '修改', NULL, NULL, 'gatewayBlockList:update', NULL, '1', NULL, '2020-08-18 10:20:43', NULL);
INSERT INTO `t_sys_menu` VALUES (212, 200, '删除', NULL, NULL, 'gatewayBlockList:delete', NULL, '1', NULL, '2020-08-18 10:21:03', NULL);
INSERT INTO `t_sys_menu` VALUES (213, 201, '删除', NULL, NULL, 'gatewayBlockListLog:delete', NULL, '1', NULL, '2020-08-18 10:21:57', NULL);

-- ----------------------------
-- Table structure for t_sys_role
-- ----------------------------
DROP TABLE IF EXISTS `t_sys_role`;
CREATE TABLE `t_sys_role`  (
  `ROLE_ID` bigint(20) NOT NULL AUTO_INCREMENT COMMENT '角色ID',
  `ROLE_NAME` varchar(10) CHARACTER SET utf8 COLLATE utf8_general_ci NOT NULL COMMENT '角色名称',
  `REMARK` varchar(100) CHARACTER SET utf8 COLLATE utf8_general_ci NULL DEFAULT NULL COMMENT '角色描述',
  `CREATE_TIME` datetime(0) NOT NULL COMMENT '创建时间',
  `MODIFY_TIME` datetime(0) NULL DEFAULT NULL COMMENT '修改时间',
  PRIMARY KEY (`ROLE_ID`) USING BTREE
) ENGINE = InnoDB AUTO_INCREMENT = 5 CHARACTER SET = utf8 COLLATE = utf8_general_ci COMMENT = '角色表' ROW_FORMAT = Dynamic;

-- ----------------------------
-- Records of t_sys_role
-- ----------------------------
INSERT INTO `t_sys_role` VALUES (1, '管理员', '管理员', '2017-12-27 16:23:11', '2020-08-18 11:22:31');
INSERT INTO `t_sys_role` VALUES (2, '注册用户', '可查看，新增，导出', '2019-01-04 14:11:28', '2020-04-15 16:00:16');
INSERT INTO `t_sys_role` VALUES (3, '系统监控员', '负责系统监控模块', '2019-09-01 10:30:25', '2019-09-01 10:30:37');
INSERT INTO `t_sys_role` VALUES (4, '测试角色', '测试角色', '2020-03-08 19:16:01', '2020-04-13 11:26:13');

-- ----------------------------
-- Table structure for t_sys_role_menu
-- ----------------------------
DROP TABLE IF EXISTS `t_sys_role_menu`;
CREATE TABLE `t_sys_role_menu`  (
  `ROLE_ID` bigint(20) NOT NULL,
  `MENU_ID` bigint(20) NOT NULL,
  PRIMARY KEY (`ROLE_ID`, `MENU_ID`) USING BTREE,
  INDEX `t_role_menu_menu_id`(`MENU_ID`) USING BTREE,
  INDEX `t_role_menu_role_id`(`ROLE_ID`) USING BTREE
) ENGINE = InnoDB CHARACTER SET = utf8 COLLATE = utf8_general_ci COMMENT = '角色菜单关联表' ROW_FORMAT = Dynamic;

-- ----------------------------
-- Records of t_sys_role_menu
-- ----------------------------
INSERT INTO `t_sys_role_menu` VALUES (1, 1);
INSERT INTO `t_sys_role_menu` VALUES (2, 1);
INSERT INTO `t_sys_role_menu` VALUES (4, 1);
INSERT INTO `t_sys_role_menu` VALUES (1, 2);
INSERT INTO `t_sys_role_menu` VALUES (2, 2);
INSERT INTO `t_sys_role_menu` VALUES (3, 2);
INSERT INTO `t_sys_role_menu` VALUES (1, 3);
INSERT INTO `t_sys_role_menu` VALUES (2, 3);
INSERT INTO `t_sys_role_menu` VALUES (4, 3);
INSERT INTO `t_sys_role_menu` VALUES (1, 4);
INSERT INTO `t_sys_role_menu` VALUES (2, 4);
INSERT INTO `t_sys_role_menu` VALUES (1, 5);
INSERT INTO `t_sys_role_menu` VALUES (2, 5);
INSERT INTO `t_sys_role_menu` VALUES (1, 6);
INSERT INTO `t_sys_role_menu` VALUES (2, 6);
INSERT INTO `t_sys_role_menu` VALUES (1, 10);
INSERT INTO `t_sys_role_menu` VALUES (2, 10);
INSERT INTO `t_sys_role_menu` VALUES (3, 10);
INSERT INTO `t_sys_role_menu` VALUES (1, 11);
INSERT INTO `t_sys_role_menu` VALUES (4, 11);
INSERT INTO `t_sys_role_menu` VALUES (1, 12);
INSERT INTO `t_sys_role_menu` VALUES (4, 12);
INSERT INTO `t_sys_role_menu` VALUES (1, 13);
INSERT INTO `t_sys_role_menu` VALUES (4, 13);
INSERT INTO `t_sys_role_menu` VALUES (1, 14);
INSERT INTO `t_sys_role_menu` VALUES (2, 14);
INSERT INTO `t_sys_role_menu` VALUES (1, 15);
INSERT INTO `t_sys_role_menu` VALUES (1, 16);
INSERT INTO `t_sys_role_menu` VALUES (1, 17);
INSERT INTO `t_sys_role_menu` VALUES (2, 17);
INSERT INTO `t_sys_role_menu` VALUES (1, 18);
INSERT INTO `t_sys_role_menu` VALUES (1, 19);
INSERT INTO `t_sys_role_menu` VALUES (1, 20);
INSERT INTO `t_sys_role_menu` VALUES (2, 20);
INSERT INTO `t_sys_role_menu` VALUES (1, 21);
INSERT INTO `t_sys_role_menu` VALUES (1, 22);
INSERT INTO `t_sys_role_menu` VALUES (1, 24);
INSERT INTO `t_sys_role_menu` VALUES (3, 24);
INSERT INTO `t_sys_role_menu` VALUES (1, 130);
INSERT INTO `t_sys_role_menu` VALUES (2, 130);
INSERT INTO `t_sys_role_menu` VALUES (4, 130);
INSERT INTO `t_sys_role_menu` VALUES (1, 131);
INSERT INTO `t_sys_role_menu` VALUES (2, 131);
INSERT INTO `t_sys_role_menu` VALUES (1, 132);
INSERT INTO `t_sys_role_menu` VALUES (2, 132);
INSERT INTO `t_sys_role_menu` VALUES (1, 133);
INSERT INTO `t_sys_role_menu` VALUES (2, 133);
INSERT INTO `t_sys_role_menu` VALUES (1, 135);
INSERT INTO `t_sys_role_menu` VALUES (4, 135);
INSERT INTO `t_sys_role_menu` VALUES (1, 136);
INSERT INTO `t_sys_role_menu` VALUES (2, 136);
INSERT INTO `t_sys_role_menu` VALUES (3, 136);
INSERT INTO `t_sys_role_menu` VALUES (3, 148);
INSERT INTO `t_sys_role_menu` VALUES (3, 149);
INSERT INTO `t_sys_role_menu` VALUES (1, 150);
INSERT INTO `t_sys_role_menu` VALUES (2, 150);
INSERT INTO `t_sys_role_menu` VALUES (3, 150);
INSERT INTO `t_sys_role_menu` VALUES (1, 151);
INSERT INTO `t_sys_role_menu` VALUES (3, 151);
INSERT INTO `t_sys_role_menu` VALUES (1, 152);
INSERT INTO `t_sys_role_menu` VALUES (2, 152);
INSERT INTO `t_sys_role_menu` VALUES (3, 152);
INSERT INTO `t_sys_role_menu` VALUES (3, 153);
INSERT INTO `t_sys_role_menu` VALUES (1, 154);
INSERT INTO `t_sys_role_menu` VALUES (2, 154);
INSERT INTO `t_sys_role_menu` VALUES (1, 155);
INSERT INTO `t_sys_role_menu` VALUES (2, 155);
INSERT INTO `t_sys_role_menu` VALUES (1, 156);
INSERT INTO `t_sys_role_menu` VALUES (2, 156);
INSERT INTO `t_sys_role_menu` VALUES (1, 157);
INSERT INTO `t_sys_role_menu` VALUES (2, 157);
INSERT INTO `t_sys_role_menu` VALUES (1, 158);
INSERT INTO `t_sys_role_menu` VALUES (2, 158);
INSERT INTO `t_sys_role_menu` VALUES (1, 159);
INSERT INTO `t_sys_role_menu` VALUES (1, 160);
INSERT INTO `t_sys_role_menu` VALUES (2, 160);
INSERT INTO `t_sys_role_menu` VALUES (1, 163);
INSERT INTO `t_sys_role_menu` VALUES (2, 163);
INSERT INTO `t_sys_role_menu` VALUES (1, 164);
INSERT INTO `t_sys_role_menu` VALUES (2, 164);
INSERT INTO `t_sys_role_menu` VALUES (1, 165);
INSERT INTO `t_sys_role_menu` VALUES (1, 166);
INSERT INTO `t_sys_role_menu` VALUES (1, 167);
INSERT INTO `t_sys_role_menu` VALUES (2, 167);
INSERT INTO `t_sys_role_menu` VALUES (1, 168);
INSERT INTO `t_sys_role_menu` VALUES (2, 168);
INSERT INTO `t_sys_role_menu` VALUES (1, 169);
INSERT INTO `t_sys_role_menu` VALUES (2, 169);
INSERT INTO `t_sys_role_menu` VALUES (1, 170);
INSERT INTO `t_sys_role_menu` VALUES (2, 170);
INSERT INTO `t_sys_role_menu` VALUES (1, 171);
INSERT INTO `t_sys_role_menu` VALUES (2, 171);
INSERT INTO `t_sys_role_menu` VALUES (1, 172);
INSERT INTO `t_sys_role_menu` VALUES (2, 172);
INSERT INTO `t_sys_role_menu` VALUES (1, 173);
INSERT INTO `t_sys_role_menu` VALUES (2, 173);
INSERT INTO `t_sys_role_menu` VALUES (1, 174);
INSERT INTO `t_sys_role_menu` VALUES (2, 174);
INSERT INTO `t_sys_role_menu` VALUES (1, 175);
INSERT INTO `t_sys_role_menu` VALUES (2, 175);
INSERT INTO `t_sys_role_menu` VALUES (1, 176);
INSERT INTO `t_sys_role_menu` VALUES (2, 176);
INSERT INTO `t_sys_role_menu` VALUES (1, 177);
INSERT INTO `t_sys_role_menu` VALUES (2, 177);
INSERT INTO `t_sys_role_menu` VALUES (1, 178);
INSERT INTO `t_sys_role_menu` VALUES (2, 178);
INSERT INTO `t_sys_role_menu` VALUES (1, 179);
INSERT INTO `t_sys_role_menu` VALUES (2, 179);
INSERT INTO `t_sys_role_menu` VALUES (1, 180);
INSERT INTO `t_sys_role_menu` VALUES (2, 180);
INSERT INTO `t_sys_role_menu` VALUES (1, 181);
INSERT INTO `t_sys_role_menu` VALUES (2, 181);
INSERT INTO `t_sys_role_menu` VALUES (1, 182);
INSERT INTO `t_sys_role_menu` VALUES (2, 182);
INSERT INTO `t_sys_role_menu` VALUES (1, 183);
INSERT INTO `t_sys_role_menu` VALUES (2, 183);
INSERT INTO `t_sys_role_menu` VALUES (1, 184);
INSERT INTO `t_sys_role_menu` VALUES (2, 184);
INSERT INTO `t_sys_role_menu` VALUES (1, 185);
INSERT INTO `t_sys_role_menu` VALUES (2, 185);
INSERT INTO `t_sys_role_menu` VALUES (1, 186);
INSERT INTO `t_sys_role_menu` VALUES (1, 187);
INSERT INTO `t_sys_role_menu` VALUES (1, 188);
INSERT INTO `t_sys_role_menu` VALUES (1, 189);
INSERT INTO `t_sys_role_menu` VALUES (1, 190);
INSERT INTO `t_sys_role_menu` VALUES (1, 191);
INSERT INTO `t_sys_role_menu` VALUES (1, 192);
INSERT INTO `t_sys_role_menu` VALUES (2, 192);
INSERT INTO `t_sys_role_menu` VALUES (1, 193);
INSERT INTO `t_sys_role_menu` VALUES (1, 194);
INSERT INTO `t_sys_role_menu` VALUES (2, 194);
INSERT INTO `t_sys_role_menu` VALUES (1, 195);
INSERT INTO `t_sys_role_menu` VALUES (1, 196);
INSERT INTO `t_sys_role_menu` VALUES (1, 197);
INSERT INTO `t_sys_role_menu` VALUES (1, 198);
INSERT INTO `t_sys_role_menu` VALUES (1, 199);
INSERT INTO `t_sys_role_menu` VALUES (1, 200);
INSERT INTO `t_sys_role_menu` VALUES (1, 201);
INSERT INTO `t_sys_role_menu` VALUES (1, 202);
INSERT INTO `t_sys_role_menu` VALUES (1, 203);
INSERT INTO `t_sys_role_menu` VALUES (1, 204);
INSERT INTO `t_sys_role_menu` VALUES (1, 205);
INSERT INTO `t_sys_role_menu` VALUES (1, 206);
INSERT INTO `t_sys_role_menu` VALUES (1, 207);
INSERT INTO `t_sys_role_menu` VALUES (1, 208);
INSERT INTO `t_sys_role_menu` VALUES (1, 209);
INSERT INTO `t_sys_role_menu` VALUES (1, 210);
INSERT INTO `t_sys_role_menu` VALUES (1, 211);
INSERT INTO `t_sys_role_menu` VALUES (1, 212);
INSERT INTO `t_sys_role_menu` VALUES (1, 213);

-- ----------------------------
-- Table structure for t_sys_user
-- ----------------------------
DROP TABLE IF EXISTS `t_sys_user`;
CREATE TABLE `t_sys_user`  (
  `USER_ID` bigint(20) NOT NULL AUTO_INCREMENT COMMENT '用户ID',
  `USERNAME` varchar(50) CHARACTER SET utf8 COLLATE utf8_general_ci NOT NULL COMMENT '用户名',
  `PASSWORD` varchar(128) CHARACTER SET utf8 COLLATE utf8_general_ci NOT NULL COMMENT '密码',
  `DEPT_ID` bigint(20) NULL DEFAULT NULL COMMENT '部门ID',
  `EMAIL` varchar(128) CHARACTER SET utf8 COLLATE utf8_general_ci NULL DEFAULT NULL COMMENT '邮箱',
  `MOBILE` varchar(20) CHARACTER SET utf8 COLLATE utf8_general_ci NULL DEFAULT NULL COMMENT '联系电话',
  `STATUS` char(1) CHARACTER SET utf8 COLLATE utf8_general_ci NOT NULL COMMENT '状态 0锁定 1有效',
  `CREATE_TIME` datetime(0) NOT NULL COMMENT '创建时间',
  `MODIFY_TIME` datetime(0) NULL DEFAULT NULL COMMENT '修改时间',
  `LAST_LOGIN_TIME` datetime(0) NULL DEFAULT NULL COMMENT '最近访问时间',
  `SEX` char(1) CHARACTER SET utf8 COLLATE utf8_general_ci NULL DEFAULT NULL COMMENT '性别 0男 1女 2保密',
  `IS_TAB` char(1) CHARACTER SET utf8 COLLATE utf8_general_ci NULL DEFAULT NULL COMMENT '是否开启tab，0关闭 1开启',
  `THEME` varchar(10) CHARACTER SET utf8 COLLATE utf8_general_ci NULL DEFAULT NULL COMMENT '主题',
  `AVATAR` varchar(100) CHARACTER SET utf8 COLLATE utf8_general_ci NULL DEFAULT NULL COMMENT '头像',
  `DESCRIPTION` varchar(100) CHARACTER SET utf8 COLLATE utf8_general_ci NULL DEFAULT NULL COMMENT '描述',
  PRIMARY KEY (`USER_ID`) USING BTREE,
  INDEX `t_user_username`(`USERNAME`) USING BTREE,
  INDEX `t_user_mobile`(`MOBILE`) USING BTREE
) ENGINE = InnoDB AUTO_INCREMENT = 17 CHARACTER SET = utf8 COLLATE = utf8_general_ci COMMENT = '用户表' ROW_FORMAT = Dynamic;

-- ----------------------------
-- Records of t_sys_user
-- ----------------------------
INSERT INTO `t_sys_user` VALUES (1, 'admin', '$2a$10$wSYcSF3FeQtPXVeIjke63uNY37UJyr9dziIejberw1kLaPlo3Gqv2', 2, 'tuminglong@126.com', '13888888888', '1', '2019-06-14 20:39:22', '2020-04-15 16:00:32', '2020-08-18 19:11:50', '0', '1', 'white', 'cnrhVkzwxjPwAaCfPbdc.png', '当你的能力还驾驭不了你的目标时，就应该沉下心来历练。');
INSERT INTO `t_sys_user` VALUES (15, 'jackon', '$2a$10$wSYcSF3FeQtPXVeIjke63uNY37UJyr9dziIejberw1kLaPlo3Gqv2', 5, 'jackson@126.com', '13888888888', '1', '2019-07-20 19:00:32', '2020-04-15 16:00:42', '2020-04-14 16:49:27', '2', NULL, NULL, 'BiazfanxmamNRoxxVxka.png', NULL);
INSERT INTO `t_sys_user` VALUES (16, 'bright', '$2a$10$wSYcSF3FeQtPXVeIjke63uNY37UJyr9dziIejberw1kLaPlo3Gqv2', 4, 'bright@126.com', '13888888888', '1', '2019-09-01 10:31:21', '2020-04-15 16:00:48', '2019-09-01 10:32:27', '1', NULL, NULL, '2dd7a2d09fa94bf8b5c52e5318868b4d9.jpg', NULL);

-- ----------------------------
-- Table structure for t_sys_user_connection
-- ----------------------------
DROP TABLE IF EXISTS `t_sys_user_connection`;
CREATE TABLE `t_sys_user_connection`  (
  `USER_NAME` varchar(50) CHARACTER SET utf8 COLLATE utf8_general_ci NOT NULL COMMENT 'FEBS系统用户名',
  `PROVIDER_NAME` varchar(20) CHARACTER SET utf8 COLLATE utf8_general_ci NOT NULL COMMENT '第三方平台名称',
  `PROVIDER_USER_ID` varchar(50) CHARACTER SET utf8 COLLATE utf8_general_ci NOT NULL COMMENT '第三方平台账户ID',
  `PROVIDER_USER_NAME` varchar(50) CHARACTER SET utf8 COLLATE utf8_general_ci NULL DEFAULT NULL COMMENT '第三方平台用户名',
  `NICK_NAME` varchar(50) CHARACTER SET utf8 COLLATE utf8_general_ci NULL DEFAULT NULL COMMENT '第三方平台昵称',
  `IMAGE_URL` varchar(512) CHARACTER SET utf8 COLLATE utf8_general_ci NULL DEFAULT NULL COMMENT '第三方平台头像',
  `LOCATION` varchar(255) CHARACTER SET utf8 COLLATE utf8_general_ci NULL DEFAULT NULL COMMENT '地址',
  `REMARK` varchar(255) CHARACTER SET utf8 COLLATE utf8_general_ci NULL DEFAULT NULL COMMENT '备注',
  PRIMARY KEY (`USER_NAME`, `PROVIDER_NAME`, `PROVIDER_USER_ID`) USING BTREE,
  UNIQUE INDEX `UserConnectionRank`(`USER_NAME`, `PROVIDER_NAME`, `PROVIDER_USER_ID`) USING BTREE
) ENGINE = InnoDB CHARACTER SET = utf8 COLLATE = utf8_general_ci COMMENT = '系统用户社交账户关联表' ROW_FORMAT = Dynamic;

-- ----------------------------
-- Records of t_sys_user_connection
-- ----------------------------

-- ----------------------------
-- Table structure for t_sys_user_data_permission
-- ----------------------------
DROP TABLE IF EXISTS `t_sys_user_data_permission`;
CREATE TABLE `t_sys_user_data_permission`  (
  `USER_ID` bigint(20) NOT NULL,
  `DEPT_ID` bigint(20) NOT NULL,
  PRIMARY KEY (`USER_ID`, `DEPT_ID`) USING BTREE
) ENGINE = InnoDB CHARACTER SET = utf8 COLLATE = utf8_general_ci COMMENT = '用户数据权限关联表' ROW_FORMAT = Dynamic;

-- ----------------------------
-- Records of t_sys_user_data_permission
-- ----------------------------
INSERT INTO `t_sys_user_data_permission` VALUES (1, 1);
INSERT INTO `t_sys_user_data_permission` VALUES (1, 2);
INSERT INTO `t_sys_user_data_permission` VALUES (1, 3);
INSERT INTO `t_sys_user_data_permission` VALUES (1, 4);
INSERT INTO `t_sys_user_data_permission` VALUES (1, 5);
INSERT INTO `t_sys_user_data_permission` VALUES (1, 6);
INSERT INTO `t_sys_user_data_permission` VALUES (15, 1);
INSERT INTO `t_sys_user_data_permission` VALUES (15, 2);
INSERT INTO `t_sys_user_data_permission` VALUES (16, 4);
INSERT INTO `t_sys_user_data_permission` VALUES (16, 5);

-- ----------------------------
-- Table structure for t_sys_user_role
-- ----------------------------
DROP TABLE IF EXISTS `t_sys_user_role`;
CREATE TABLE `t_sys_user_role`  (
  `USER_ID` bigint(20) NOT NULL COMMENT '用户ID',
  `ROLE_ID` bigint(20) NOT NULL COMMENT '角色ID',
  PRIMARY KEY (`USER_ID`, `ROLE_ID`) USING BTREE
) ENGINE = InnoDB CHARACTER SET = utf8 COLLATE = utf8_general_ci COMMENT = '用户角色关联表' ROW_FORMAT = Dynamic;

-- ----------------------------
-- Records of t_sys_user_role
-- ----------------------------
INSERT INTO `t_sys_user_role` VALUES (1, 1);
INSERT INTO `t_sys_user_role` VALUES (15, 2);
INSERT INTO `t_sys_user_role` VALUES (16, 3);

SET FOREIGN_KEY_CHECKS = 1;
